Date,Oil_WTI,USD_index,Gold,US10Y_yield,VIX_volatility
2018-06-19,65.06999969482422,95.08999633789062,1275.5999755859375,2.8929998874664307,13.350000381469727
2018-06-20,66.22000122070312,95.05999755859375,1271.199951171875,2.927999973297119,12.789999961853027
2018-06-21,65.54000091552734,94.87000274658203,1267.199951171875,2.8970000743865967,14.640000343322754
2018-06-22,68.58000183105469,94.5199966430664,1267.4000244140625,2.9000000953674316,13.770000457763672
2018-06-25,68.08000183105469,94.27999877929688,1265.5999755859375,2.875,17.329999923706055
2018-06-26,70.52999877929688,94.68000030517578,1256.5999755859375,2.880000114440918,15.920000076293945
2018-06-27,72.76000213623047,95.29000091552734,1252.800048828125,2.8269999027252197,17.90999984741211
2018-06-28,73.44999694824219,95.38999938964844,1247.800048828125,2.8469998836517334,16.850000381469727
2018-06-29,74.1500015258789,94.62999725341797,1251.300048828125,2.8489999771118164,16.09000015258789
2018-07-02,73.94000244140625,94.87000274658203,1239.800048828125,2.865999937057495,15.600000381469727
2018-07-03,74.13999938964844,94.58999633789062,1251.5999755859375,2.8380000591278076,16.139999389648438
2018-07-05,72.94000244140625,94.47000122070312,1257.300048828125,2.8399999141693115,14.970000267028809
2018-07-06,73.80000305175781,94.04000091552734,1254.300048828125,2.8310000896453857,13.369999885559082
2018-07-09,73.8499984741211,94.08000183105469,1258.0999755859375,2.859999895095825,12.6899995803833
2018-07-10,74.11000061035156,94.11000061035156,1253.800048828125,2.872999906539917,12.640000343322754
2018-07-11,70.37999725341797,94.72000122070312,1242.800048828125,2.8420000076293945,13.630000114440918
2018-07-12,70.33000183105469,94.80999755859375,1245.0,2.8529999256134033,12.579999923706055
2018-07-13,71.01000213623047,94.75,1239.5999755859375,2.8310000896453857,12.180000305175781
2018-07-16,68.05999755859375,94.51000213623047,1238.0999755859375,2.8580000400543213,12.829999923706055
2018-07-17,68.08000183105469,94.97000122070312,1225.699951171875,2.864000082015991,12.0600004196167
2018-07-18,68.76000213623047,95.08000183105469,1226.300048828125,2.875,12.100000381469727
2018-07-19,69.45999908447266,95.16999816894531,1222.4000244140625,2.8469998836517334,12.869999885559082
2018-07-20,70.45999908447266,94.45999908447266,1229.5,2.8949999809265137,12.859999656677246
2018-07-23,67.88999938964844,94.66999816894531,1224.0,2.9649999141693115,12.619999885559082
2018-07-24,68.5199966430664,94.61000061035156,1223.9000244140625,2.9489998817443848,12.40999984741211
2018-07-25,69.30000305175781,94.36000061035156,1231.4000244140625,2.936000108718872,12.289999961853027
2018-07-26,69.61000061035156,94.75,1225.300048828125,2.9749999046325684,12.140000343322754
2018-07-27,68.69000244140625,94.68000030517578,1222.5999755859375,2.9600000381469727,13.029999732971191
2018-07-30,70.12999725341797,94.36000061035156,1221.300048828125,2.9749999046325684,14.260000228881836
2018-07-31,68.76000213623047,94.48999786376953,1223.699951171875,2.9639999866485596,12.829999923706055
2018-08-01,67.66000366210938,94.62000274658203,1217.9000244140625,3.003000020980835,13.149999618530273
2018-08-02,68.95999908447266,95.16999816894531,1210.5999755859375,2.9860000610351562,12.1899995803833
2018-08-03,68.48999786376953,95.13999938964844,1214.199951171875,2.953000068664551,11.640000343322754
2018-08-06,69.01000213623047,95.36000061035156,1208.5999755859375,2.937999963760376,11.270000457763672
2018-08-07,69.16999816894531,95.22000122070312,1209.5999755859375,2.9730000495910645,10.930000305175781
2018-08-08,66.94000244140625,95.0999984741211,1212.5999755859375,2.9709999561309814,10.850000381469727
2018-08-09,66.80999755859375,95.5,1211.9000244140625,2.934999942779541,11.270000457763672
2018-08-10,67.62999725341797,96.36000061035156,1211.0999755859375,2.8570001125335693,13.15999984741211
2018-08-13,67.19999694824219,96.38999938964844,1191.300048828125,2.877000093460083,14.779999732971191
2018-08-14,67.04000091552734,96.7300033569336,1193.0,2.8949999809265137,13.3100004196167
2018-08-15,65.01000213623047,96.69999694824219,1177.5,2.8519999980926514,14.640000343322754
2018-08-16,65.45999908447266,96.6500015258789,1176.199951171875,2.871000051498413,13.449999809265137
2018-08-17,65.91000366210938,96.0999984741211,1176.5,2.872999906539917,12.640000343322754
2018-08-20,66.43000030517578,95.9000015258789,1186.800048828125,2.822999954223633,12.489999771118164
2018-08-21,67.3499984741211,95.26000213623047,1192.5999755859375,2.8440001010894775,12.859999656677246
2018-08-22,67.86000061035156,95.1500015258789,1196.300048828125,2.822999954223633,12.25
2018-08-23,67.83000183105469,95.62000274658203,1187.0,2.821000099182129,12.40999984741211
2018-08-24,68.72000122070312,95.1500015258789,1206.300048828125,2.8259999752044678,11.989999771118164
2018-08-27,68.87000274658203,94.77999877929688,1209.0,2.8480000495910645,12.15999984741211
2018-08-28,68.52999877929688,94.72000122070312,1207.4000244140625,2.884000062942505,12.5
2018-08-29,69.51000213623047,94.5999984741211,1204.5,2.884000062942505,12.25
2018-08-30,70.25,94.72000122070312,1197.699951171875,2.859999895095825,13.529999732971191
2018-08-31,69.80000305175781,95.13999938964844,1200.300048828125,2.8529999256134033,12.859999656677246
2018-09-04,69.87000274658203,95.41999816894531,1192.699951171875,2.9019999504089355,13.15999984741211
2018-09-05,68.72000122070312,95.12999725341797,1194.9000244140625,2.9019999504089355,13.90999984741211
2018-09-06,67.7699966430664,95.0199966430664,1197.9000244140625,2.878999948501587,14.649999618530273
2018-09-07,67.75,95.37000274658203,1193.5999755859375,2.941999912261963,14.880000114440918
2018-09-10,67.54000091552734,95.1500015258789,1193.0,2.937000036239624,14.15999984741211
2018-09-11,69.25,95.05999755859375,1195.4000244140625,2.9769999980926514,13.220000267028809
2018-09-12,70.37000274658203,94.80000305175781,1204.699951171875,2.9630000591278076,13.140000343322754
2018-09-13,68.58999633789062,94.54000091552734,1202.0,2.9630000591278076,12.369999885559082
2018-09-14,68.98999786376953,94.9800033569336,1195.0,2.99399995803833,12.069999694824219
2018-09-17,68.91000366210938,94.51000213623047,1199.699951171875,3.000999927520752,13.680000305175781
2018-09-18,69.8499984741211,94.62000274658203,1196.800048828125,3.0480000972747803,12.789999961853027
2018-09-19,71.12000274658203,94.55000305175781,1202.199951171875,3.0829999446868896,11.75
2018-09-20,70.80000305175781,93.91000366210938,1206.199951171875,3.078000068664551,11.800000190734863
2018-09-21,70.77999877929688,94.22000122070312,1196.199951171875,3.068000078201294,11.680000305175781
2018-09-24,72.08000183105469,94.26000213623047,1199.300048828125,3.078000068664551,12.199999809265137
2018-09-25,72.27999877929688,94.12999725341797,1200.0,3.1019999980926514,12.420000076293945
2018-09-26,71.56999969482422,94.19000244140625,1194.0,3.061000108718872,12.890000343322754
2018-09-27,72.12000274658203,95.0,1182.300048828125,3.055999994277954,12.40999984741211
2018-09-28,73.25,95.19000244140625,1191.5,3.055999994277954,12.119999885559082
2018-10-01,75.30000305175781,95.30000305175781,1187.0999755859375,3.0799999237060547,12.0
2018-10-02,75.2300033569336,95.51000213623047,1202.4000244140625,3.055999994277954,12.050000190734863
2018-10-03,76.41000366210938,95.76000213623047,1198.300048828125,3.1610000133514404,11.609999656677246
2018-10-04,74.33000183105469,95.75,1197.199951171875,3.197000026702881,14.220000267028809
2018-10-05,74.33999633789062,95.62000274658203,1201.199951171875,3.2249999046325684,14.819999694824219
2018-10-08,74.29000091552734,95.7699966430664,1184.4000244140625,3.2330000400543213,15.6899995803833
2018-10-09,74.95999908447266,95.68000030517578,1187.199951171875,3.2079999446868896,15.949999809265137
2018-10-10,73.16999816894531,95.51000213623047,1189.300048828125,3.2249999046325684,22.959999084472656
2018-10-11,70.97000122070312,95.0199966430664,1223.5,3.132999897003174,24.979999542236328
2018-10-12,71.33999633789062,95.22000122070312,1218.0999755859375,3.1410000324249268,21.309999465942383
2018-10-15,71.77999877929688,95.06999969482422,1226.4000244140625,3.1630001068115234,21.299999237060547
2018-10-16,71.91999816894531,95.05000305175781,1227.300048828125,3.1559998989105225,17.6200008392334
2018-10-17,69.75,95.58000183105469,1223.699951171875,3.178999900817871,17.399999618530273
2018-10-18,68.6500015258789,95.9000015258789,1226.5,3.174999952316284,20.059999465942383
2018-10-19,69.12000274658203,95.70999908447266,1225.300048828125,3.197999954223633,19.889999389648438
2018-10-22,69.16999816894531,96.01000213623047,1221.199951171875,3.196000099182129,19.639999389648438
2018-10-23,66.43000030517578,95.95999908447266,1233.4000244140625,3.1659998893737793,20.709999084472656
2018-10-24,66.81999969482422,96.43000030517578,1227.800048828125,3.124000072479248,25.229999542236328
2018-10-25,67.33000183105469,96.68000030517578,1229.0999755859375,3.135999917984009,24.219999313354492
2018-10-26,67.58999633789062,96.36000061035156,1232.5,3.0769999027252197,24.15999984741211
2018-10-29,67.04000091552734,96.58000183105469,1224.5,3.0869998931884766,24.700000762939453
2018-10-30,66.18000030517578,97.01000213623047,1222.5999755859375,3.109999895095825,23.350000381469727
2018-10-31,65.30999755859375,97.12999725341797,1212.300048828125,3.1589999198913574,21.229999542236328
2018-11-01,63.689998626708984,96.27999877929688,1236.0,3.1440000534057617,19.34000015258789
2018-11-02,63.13999938964844,96.54000091552734,1230.9000244140625,3.2139999866485596,19.510000228881836
2018-11-05,63.099998474121094,96.3499984741211,1229.800048828125,3.2009999752044678,19.959999084472656
2018-11-06,62.209999084472656,96.31999969482422,1223.800048828125,3.2139999866485596,19.90999984741211
2018-11-07,61.66999816894531,96.0,1226.199951171875,3.2130000591278076,16.360000610351562
2018-11-08,60.66999816894531,96.63999938964844,1222.9000244140625,3.2339999675750732,16.719999313354492
2018-11-09,60.189998626708984,96.91000366210938,1206.4000244140625,3.188999891281128,17.360000610351562
2018-11-12,59.93000030517578,97.54000091552734,1201.300048828125,3.186000108718872,20.450000762939453
2018-11-13,55.689998626708984,97.30000305175781,1199.199951171875,3.1449999809265137,20.020000457763672
2018-11-14,56.25,96.80000305175781,1207.9000244140625,3.119999885559082,21.25
2018-11-15,56.459999084472656,96.93000030517578,1212.800048828125,3.118000030517578,19.979999542236328
2018-11-16,56.459999084472656,96.47000122070312,1220.800048828125,3.0739998817443848,18.139999389648438
2018-11-19,56.7599983215332,96.19000244140625,1223.0999755859375,3.056999921798706,20.100000381469727
2018-11-20,53.43000030517578,96.80999755859375,1219.0,3.0480000972747803,22.479999542236328
2018-11-21,54.630001068115234,96.70999908447266,1225.800048828125,3.061000108718872,20.799999237060547
2018-11-23,50.41999816894531,96.91999816894531,1221.0,3.053999900817871,21.520000457763672
2018-11-26,51.630001068115234,97.06999969482422,1220.199951171875,3.072000026702881,18.899999618530273
2018-11-27,51.560001373291016,97.37000274658203,1211.199951171875,3.055000066757202,19.020000457763672
2018-11-28,50.290000915527344,96.79000091552734,1221.4000244140625,3.0439999103546143,18.489999771118164
2018-11-29,51.45000076293945,96.77999877929688,1224.0999755859375,3.0350000858306885,18.790000915527344
2018-11-30,50.93000030517578,97.2699966430664,1220.199951171875,3.013000011444092,18.06999969482422
2018-12-03,52.95000076293945,97.04000091552734,1233.9000244140625,2.992000102996826,16.440000534057617
2018-12-04,53.25,96.97000122070312,1241.0999755859375,2.9240000247955322,20.739999771118164
2018-12-06,51.4900016784668,96.80999755859375,1238.0999755859375,2.875999927520752,21.190000534057617
2018-12-07,52.61000061035156,96.51000213623047,1246.800048828125,2.8499999046325684,23.229999542236328
2018-12-10,51.0,97.22000122070312,1243.699951171875,2.8559999465942383,22.639999389648438
2018-12-11,51.650001525878906,97.38999938964844,1241.9000244140625,2.878999948501587,21.760000228881836
2018-12-12,51.150001525878906,97.04000091552734,1244.4000244140625,2.9059998989105225,21.459999084472656
2018-12-13,52.58000183105469,97.05999755859375,1242.699951171875,2.9110000133514404,20.649999618530273
2018-12-14,51.20000076293945,97.44000244140625,1237.0,2.8910000324249268,21.6299991607666
2018-12-17,49.880001068115234,97.0999984741211,1247.4000244140625,2.8570001125335693,24.520000457763672
2018-12-18,46.2400016784668,97.13999938964844,1249.199951171875,2.825000047683716,25.579999923706055
2018-12-19,47.20000076293945,97.04000091552734,1252.0999755859375,2.7780001163482666,25.579999923706055
2018-12-20,45.880001068115234,96.27999877929688,1263.5999755859375,2.7890000343322754,28.3799991607666
2018-12-21,45.59000015258789,96.95999908447266,1253.800048828125,2.7920000553131104,30.110000610351562
2018-12-24,42.529998779296875,96.55000305175781,1267.5,2.749000072479248,36.06999969482422
2018-12-26,46.220001220703125,97.05000305175781,1269.199951171875,2.796999931335449,30.40999984741211
2018-12-27,44.61000061035156,96.4800033569336,1277.300048828125,2.743000030517578,29.959999084472656
2018-12-28,45.33000183105469,96.38999938964844,1279.9000244140625,2.7360000610351562,28.34000015258789
2018-12-31,45.40999984741211,96.16999816894531,1278.300048828125,2.686000108718872,25.420000076293945
2019-01-02,46.540000915527344,96.81999969482422,1281.0,2.6610000133514404,23.219999313354492
2019-01-03,47.09000015258789,96.30999755859375,1291.800048828125,2.553999900817871,25.450000762939453
2019-01-04,47.959999084472656,96.19000244140625,1282.699951171875,2.6589999198913574,21.3799991607666
2019-01-07,48.52000045776367,95.70999908447266,1286.800048828125,2.681999921798706,21.399999618530273
2019-01-08,49.779998779296875,95.9000015258789,1283.199951171875,2.7160000801086426,20.469999313354492
2019-01-09,52.36000061035156,95.22000122070312,1289.300048828125,2.7279999256134033,19.979999542236328
2019-01-10,52.59000015258789,95.54000091552734,1284.699951171875,2.7309999465942383,19.5
2019-01-11,51.59000015258789,95.66999816894531,1287.0999755859375,2.7009999752044678,18.190000534057617
2019-01-14,50.5099983215332,95.58999633789062,1289.0999755859375,2.7100000381469727,19.06999969482422
2019-01-15,52.11000061035156,95.97000122070312,1286.199951171875,2.7109999656677246,18.600000381469727
2019-01-16,52.310001373291016,96.05999755859375,1291.5999755859375,2.7309999465942383,19.040000915527344
2019-01-17,52.06999969482422,96.06999969482422,1291.0,2.749000072479248,18.059999465942383
2019-01-18,53.79999923706055,96.33999633789062,1281.300048828125,2.7839999198913574,17.799999237060547
2019-01-22,52.56999969482422,96.30000305175781,1282.5,2.7300000190734863,20.799999237060547
2019-01-23,52.619998931884766,96.12000274658203,1283.0999755859375,2.755000114440918,19.520000457763672
2019-01-24,53.130001068115234,96.5999984741211,1279.0999755859375,2.7119998931884766,18.889999389648438
2019-01-25,53.689998626708984,95.79000091552734,1297.4000244140625,2.753000020980835,17.420000076293945
2019-01-28,51.9900016784668,95.75,1302.4000244140625,2.74399995803833,18.8700008392334
2019-01-29,53.310001373291016,95.81999969482422,1308.199951171875,2.7119998931884766,19.1299991607666
2019-01-30,54.22999954223633,95.33999633789062,1309.9000244140625,2.694999933242798,17.65999984741211
2019-01-31,53.790000915527344,95.58000183105469,1319.699951171875,2.634999990463257,16.56999969482422
2019-02-01,55.2599983215332,95.58000183105469,1316.9000244140625,2.690999984741211,16.139999389648438
2019-02-04,54.560001373291016,95.8499984741211,1314.300048828125,2.7239999771118164,15.729999542236328
2019-02-05,53.65999984741211,96.0999984741211,1314.199951171875,2.7019999027252197,15.569999694824219
2019-02-06,54.0099983215332,96.41999816894531,1309.5,2.7019999027252197,15.380000114440918
2019-02-07,52.63999938964844,96.51000213623047,1309.4000244140625,2.6519999504089355,16.3700008392334
2019-02-08,52.720001220703125,96.63999938964844,1313.699951171875,2.631999969482422,15.720000267028809
2019-02-11,52.40999984741211,97.05999755859375,1307.0,2.6610000133514404,15.970000267028809
2019-02-12,53.099998474121094,96.70999908447266,1309.199951171875,2.684000015258789,15.430000305175781
2019-02-13,53.900001525878906,97.12999725341797,1310.800048828125,2.7079999446868896,15.649999618530273
2019-02-14,54.40999984741211,96.9800033569336,1309.800048828125,2.6570000648498535,16.219999313354492
2019-02-15,55.59000015258789,96.91999816894531,1318.0999755859375,2.6659998893737793,14.90999984741211
2019-02-19,56.09000015258789,96.5199966430664,1340.0999755859375,2.6470000743865967,14.880000114440918
2019-02-20,56.91999816894531,96.44999694824219,1343.300048828125,2.6540000438690186,14.020000457763672
2019-02-21,56.959999084472656,96.61000061035156,1323.5,2.687999963760376,14.460000038146973
2019-02-22,57.2599983215332,96.51000213623047,1329.199951171875,2.6549999713897705,13.510000228881836
2019-02-25,55.47999954223633,96.41000366210938,1325.9000244140625,2.6730000972747803,14.850000381469727
2019-02-26,55.5,96.0,1325.0999755859375,2.635999917984009,15.170000076293945
2019-02-27,56.939998626708984,96.1500015258789,1317.699951171875,2.693000078201294,14.699999809265137
2019-02-28,57.220001220703125,96.16000366210938,1312.800048828125,2.7109999656677246,14.779999732971191
2019-03-01,55.79999923706055,96.52999877929688,1296.4000244140625,2.755000114440918,13.569999694824219
2019-03-04,56.59000015258789,96.68000030517578,1284.800048828125,2.7219998836517334,14.630000114440918
2019-03-05,56.560001373291016,96.8499984741211,1282.0,2.7219998836517334,14.739999771118164
2019-03-06,56.220001220703125,96.87000274658203,1284.9000244140625,2.691999912261963,15.739999771118164
2019-03-07,56.65999984741211,97.66999816894531,1283.800048828125,2.635999917984009,16.59000015258789
2019-03-08,56.06999969482422,97.37000274658203,1297.0,2.625,16.049999237060547
2019-03-11,56.790000915527344,97.22000122070312,1288.800048828125,2.6429998874664307,14.329999923706055
2019-03-12,56.869998931884766,96.94000244140625,1296.300048828125,2.6050000190734863,13.770000457763672
2019-03-13,58.2599983215332,96.55000305175781,1307.5,2.6110000610351562,13.40999984741211
2019-03-14,58.61000061035156,96.79000091552734,1293.4000244140625,2.630000114440918,13.5
2019-03-15,58.52000045776367,96.5999984741211,1301.800048828125,2.5929999351501465,12.880000114440918
2019-03-18,59.09000015258789,96.5199966430664,1300.300048828125,2.6019999980926514,13.100000381469727
2019-03-19,59.029998779296875,96.37999725341797,1305.0,2.614000082015991,13.5600004196167
2019-03-20,59.83000183105469,95.76000213623047,1300.5,2.5350000858306885,13.90999984741211
2019-03-21,59.97999954223633,96.5,1306.0999755859375,2.5369999408721924,13.630000114440918
2019-03-22,59.040000915527344,96.6500015258789,1311.5999755859375,2.4549999237060547,16.479999542236328
2019-03-25,58.81999969482422,96.56999969482422,1321.9000244140625,2.4200000762939453,16.329999923706055
2019-03-26,59.939998626708984,96.73999786376953,1314.300048828125,2.4140000343322754,14.680000305175781
2019-03-27,59.40999984741211,96.7699966430664,1309.9000244140625,2.374000072479248,15.149999618530273
2019-03-28,59.29999923706055,97.19999694824219,1289.800048828125,2.3889999389648438,14.430000305175781
2019-03-29,60.13999938964844,97.27999877929688,1293.0,2.4140000343322754,13.710000038146973
2019-04-01,61.59000015258789,97.25,1288.4000244140625,2.496999979019165,13.399999618530273
2019-04-02,62.58000183105469,97.36000061035156,1290.0,2.4809999465942383,13.359999656677246
2019-04-03,62.459999084472656,97.08999633789062,1289.9000244140625,2.5169999599456787,13.739999771118164
2019-04-04,62.099998474121094,97.30999755859375,1289.0,2.51200008392334,13.579999923706055
2019-04-05,63.08000183105469,97.4000015258789,1290.4000244140625,2.500999927520752,12.819999694824219
2019-04-08,64.4000015258789,97.05000305175781,1297.0999755859375,2.5190000534057617,13.180000305175781
2019-04-09,63.97999954223633,97.01000213623047,1303.5,2.499000072479248,14.279999732971191
2019-04-10,64.61000061035156,96.94999694824219,1309.0999755859375,2.4769999980926514,13.300000190734863
2019-04-11,63.58000183105469,97.18000030517578,1288.5999755859375,2.503999948501587,13.020000457763672
2019-04-12,63.88999938964844,96.97000122070312,1290.5999755859375,2.559999942779541,12.010000228881836
2019-04-15,63.400001525878906,96.94000244140625,1286.800048828125,2.552999973297119,12.319999694824219
2019-04-16,64.05000305175781,97.04000091552734,1272.5999755859375,2.5920000076293945,12.180000305175781
2019-04-17,63.7599983215332,97.01000213623047,1272.199951171875,2.5920000076293945,12.600000381469727
2019-04-18,64.0,97.47000122070312,1271.9000244140625,2.559999942779541,12.09000015258789
2019-04-22,65.69999694824219,97.27999877929688,1273.5,2.5899999141693115,12.420000076293945
2019-04-23,66.30000305175781,97.56999969482422,1269.300048828125,2.569999933242798,12.279999732971191
2019-04-24,65.88999938964844,98.0999984741211,1275.5,2.5220000743865967,13.140000343322754
2019-04-25,65.20999908447266,98.19999694824219,1275.800048828125,2.5339999198913574,13.25
2019-04-26,63.29999923706055,98.01000213623047,1284.9000244140625,2.505000114440918,12.729999542236328
2019-04-29,63.5,97.86000061035156,1278.5999755859375,2.5360000133514404,13.109999656677246
2019-04-30,63.90999984741211,97.4800033569336,1282.800048828125,2.509000062942505,13.119999885559082
2019-05-01,63.599998474121094,97.69000244140625,1281.4000244140625,2.510999917984009,14.800000190734863
2019-05-02,61.810001373291016,97.83000183105469,1269.699951171875,2.552000045776367,14.420000076293945
2019-05-03,61.939998626708984,97.5199966430664,1279.199951171875,2.5309998989105225,12.869999885559082
2019-05-06,62.25,97.5199966430664,1281.699951171875,2.5,15.4399995803833
2019-05-07,61.400001525878906,97.62999725341797,1283.5,2.447999954223633,19.31999969482422
2019-05-08,62.119998931884766,97.62000274658203,1279.4000244140625,2.4820001125335693,19.399999618530273
2019-05-09,61.70000076293945,97.37000274658203,1283.5,2.4570000171661377,19.100000381469727
2019-05-10,61.65999984741211,97.33000183105469,1285.699951171875,2.4549999237060547,16.040000915527344
2019-05-13,61.040000915527344,97.31999969482422,1300.0999755859375,2.4049999713897705,20.549999237060547
2019-05-14,61.779998779296875,97.52999877929688,1294.699951171875,2.4189999103546143,18.059999465942383
2019-05-15,62.02000045776367,97.56999969482422,1296.300048828125,2.378999948501587,16.440000534057617
2019-05-16,62.869998931884766,97.83999633789062,1285.0,2.4049999713897705,15.289999961853027
2019-05-17,62.7599983215332,98.0,1274.5,2.3929998874664307,15.960000038146973
2019-05-20,63.099998474121094,97.93000030517578,1276.0999755859375,2.4159998893737793,16.309999465942383
2019-05-21,62.9900016784668,98.05999755859375,1272.0,2.4260001182556152,14.949999809265137
2019-05-22,61.41999816894531,98.11000061035156,1273.5999755859375,2.3929998874664307,14.75
2019-05-23,57.90999984741211,97.8499984741211,1284.800048828125,2.2960000038146973,16.920000076293945
2019-05-24,58.630001068115234,97.61000061035156,1283.0,2.3239998817443848,15.850000381469727
2019-05-28,59.13999938964844,97.95999908447266,1276.5,2.2679998874664307,17.5
2019-05-29,58.810001373291016,98.13999938964844,1280.5999755859375,2.2360000610351562,17.899999618530273
2019-05-30,56.59000015258789,98.13999938964844,1287.0999755859375,2.2269999980926514,17.299999237060547
2019-05-31,53.5,97.75,1305.800048828125,2.1419999599456787,18.709999084472656
2019-06-03,53.25,97.13999938964844,1322.699951171875,2.0810000896453857,18.860000610351562
2019-06-04,53.47999954223633,97.06999969482422,1323.4000244140625,2.11899995803833,16.969999313354492
2019-06-05,51.68000030517578,97.37000274658203,1328.300048828125,2.122999906539917,16.09000015258789
2019-06-06,52.59000015258789,97.02999877929688,1337.5999755859375,2.124000072479248,15.930000305175781
2019-06-07,53.9900016784668,96.61000061035156,1341.199951171875,2.0840001106262207,16.299999237060547
2019-06-10,53.2599983215332,96.76000213623047,1324.699951171875,2.1429998874664307,15.9399995803833
2019-06-11,53.27000045776367,96.69000244140625,1326.4000244140625,2.140000104904175,15.989999771118164
2019-06-12,51.13999938964844,97.0,1331.9000244140625,2.127000093460083,15.90999984741211
2019-06-13,52.279998779296875,97.01000213623047,1339.199951171875,2.0910000801086426,15.819999694824219
2019-06-14,52.5099983215332,97.56999969482422,1340.0999755859375,2.0929999351501465,15.279999732971191
2019-06-17,51.93000030517578,97.55999755859375,1338.699951171875,2.0859999656677246,15.350000381469727
2019-06-18,53.900001525878906,97.63999938964844,1346.5999755859375,2.059999942779541,15.149999618530273
2019-06-19,53.7599983215332,97.12000274658203,1344.5999755859375,2.0290000438690186,14.329999923706055
2019-06-20,56.650001525878906,96.62999725341797,1392.9000244140625,2.000999927520752,14.75
2019-06-21,57.43000030517578,96.22000122070312,1396.199951171875,2.068000078201294,15.399999618530273
2019-06-24,57.900001525878906,95.9800033569336,1414.300048828125,2.0209999084472656,15.260000228881836
2019-06-25,57.83000183105469,96.16000366210938,1414.9000244140625,1.99399995803833,16.280000686645508
2019-06-26,59.380001068115234,96.20999908447266,1411.5999755859375,2.0490000247955322,16.209999084472656
2019-06-27,59.43000030517578,96.19000244140625,1408.4000244140625,2.005000114440918,15.819999694824219
2019-06-28,58.470001220703125,96.12999725341797,1409.699951171875,2.0,15.079999923706055
2019-07-01,59.09000015258789,96.83999633789062,1385.5999755859375,2.0339999198913574,14.0600004196167
2019-07-02,56.25,96.7300033569336,1404.5999755859375,1.9759999513626099,12.930000305175781
2019-07-03,57.34000015258789,96.7699966430664,1417.699951171875,1.9529999494552612,12.569999694824219
2019-07-05,57.5099983215332,97.25,1396.699951171875,2.0480000972747803,13.279999732971191
2019-07-08,57.65999984741211,97.37999725341797,1397.0,2.0339999198913574,13.960000038146973
2019-07-09,57.83000183105469,97.48999786376953,1397.5,2.053999900817871,14.09000015258789
2019-07-10,60.43000030517578,97.0999984741211,1410.0999755859375,2.061000108718872,13.029999732971191
2019-07-11,60.20000076293945,97.05000305175781,1404.300048828125,2.119999885559082,12.930000305175781
2019-07-12,60.209999084472656,96.80999755859375,1409.9000244140625,2.1059999465942383,12.390000343322754
2019-07-15,59.58000183105469,96.93000030517578,1411.4000244140625,2.0920000076293945,12.680000305175781
2019-07-16,57.619998931884766,97.4000015258789,1409.199951171875,2.121999979019165,12.859999656677246
2019-07-17,56.779998779296875,97.22000122070312,1421.300048828125,2.061000108718872,13.970000267028809
2019-07-18,55.29999923706055,96.79000091552734,1426.0999755859375,2.0380001068115234,13.529999732971191
2019-07-19,55.630001068115234,97.1500015258789,1425.0999755859375,2.0480000972747803,14.449999809265137
2019-07-22,56.220001220703125,97.26000213623047,1425.300048828125,2.0429999828338623,13.529999732971191
2019-07-23,56.77000045776367,97.70999908447266,1420.0999755859375,2.0739998817443848,12.609999656677246
2019-07-24,55.880001068115234,97.7300033569336,1422.800048828125,2.049999952316284,12.069999694824219
2019-07-25,56.02000045776367,97.81999969482422,1413.9000244140625,2.0739998817443848,12.739999771118164
2019-07-26,56.20000076293945,98.01000213623047,1418.5,2.0810000896453857,12.15999984741211
2019-07-29,56.869998931884766,98.04000091552734,1419.5999755859375,2.055000066757202,12.829999923706055
2019-07-30,58.04999923706055,98.05000305175781,1429.699951171875,2.061000108718872,13.9399995803833
2019-07-31,58.58000183105469,98.5199966430664,1426.0999755859375,2.0209999084472656,16.1200008392334
2019-08-01,53.95000076293945,98.38999938964844,1420.9000244140625,1.8940000534057617,17.8700008392334
2019-08-02,55.65999984741211,98.0999984741211,1445.5999755859375,1.8550000190734863,17.610000610351562
2019-08-05,54.689998626708984,97.5,1464.5999755859375,1.7350000143051147,24.59000015258789
2019-08-06,53.630001068115234,97.62999725341797,1472.4000244140625,1.7389999628067017,20.170000076293945
2019-08-07,51.09000015258789,97.54000091552734,1507.300048828125,1.684000015258789,19.489999771118164
2019-08-08,52.540000915527344,97.62000274658203,1497.699951171875,1.715999960899353,16.90999984741211
2019-08-09,54.5,97.48999786376953,1496.5999755859375,1.7339999675750732,17.969999313354492
2019-08-12,54.93000030517578,97.37999725341797,1505.300048828125,1.6390000581741333,21.09000015258789
2019-08-13,57.099998474121094,97.80999755859375,1502.199951171875,1.6799999475479126,17.520000457763672
2019-08-14,55.22999954223633,97.98999786376953,1515.9000244140625,1.5809999704360962,22.100000381469727
2019-08-15,54.470001220703125,98.13999938964844,1519.5999755859375,1.5290000438690186,21.18000030517578
2019-08-16,54.869998931884766,98.13999938964844,1512.5,1.5390000343322754,18.469999313354492
2019-08-19,56.209999084472656,98.3499984741211,1500.4000244140625,1.5980000495910645,16.8799991607666
2019-08-20,56.34000015258789,98.19000244140625,1504.5999755859375,1.5609999895095825,17.5
2019-08-21,55.68000030517578,98.30000305175781,1504.5999755859375,1.5770000219345093,15.800000190734863
2019-08-22,55.349998474121094,98.16999816894531,1497.300048828125,1.6100000143051147,16.68000030517578
2019-08-23,54.16999816894531,97.63999938964844,1526.5999755859375,1.527999997138977,19.8700008392334
2019-08-26,53.63999938964844,98.08000183105469,1526.300048828125,1.5449999570846558,19.31999969482422
2019-08-27,54.93000030517578,98.0,1541.0,1.4900000095367432,20.309999465942383
2019-08-28,55.779998779296875,98.20999908447266,1537.800048828125,1.465999960899353,19.350000381469727
2019-08-29,56.709999084472656,98.51000213623047,1526.5,1.5160000324249268,17.8799991607666
2019-08-30,55.099998474121094,98.91999816894531,1519.0999755859375,1.50600004196167,18.979999542236328
2019-09-03,53.939998626708984,98.94999694824219,1545.9000244140625,1.465999960899353,19.65999984741211
2019-09-04,56.2599983215332,98.44999694824219,1550.300048828125,1.4589999914169312,17.329999923706055
2019-09-05,56.29999923706055,98.41000366210938,1515.4000244140625,1.565000057220459,16.270000457763672
2019-09-06,56.52000045776367,98.38999938964844,1506.199951171875,1.5499999523162842,15.0
2019-09-09,57.849998474121094,98.27999877929688,1502.199951171875,1.621999979019165,15.270000457763672
2019-09-10,57.400001525878906,98.33000183105469,1490.300048828125,1.7020000219345093,15.199999809265137
2019-09-11,55.75,98.6500015258789,1494.4000244140625,1.7330000400543213,14.609999656677246
2019-09-12,55.09000015258789,98.30999755859375,1498.699951171875,1.7910000085830688,14.220000267028809
2019-09-13,54.849998474121094,98.26000213623047,1490.9000244140625,1.902999997138977,13.739999771118164
2019-09-16,62.900001525878906,98.6500015258789,1503.0999755859375,1.840999960899353,14.670000076293945
2019-09-17,59.34000015258789,98.26000213623047,1505.0999755859375,1.812000036239624,14.4399995803833
2019-09-18,58.11000061035156,98.5999984741211,1507.5,1.7860000133514404,13.949999809265137
2019-09-19,58.130001068115234,98.2699966430664,1498.4000244140625,1.7740000486373901,14.050000190734863
2019-09-20,58.09000015258789,98.51000213623047,1507.300048828125,1.7549999952316284,15.319999694824219
2019-09-23,58.63999938964844,98.5999984741211,1523.699951171875,1.7079999446868896,14.90999984741211
2019-09-24,57.290000915527344,98.33999633789062,1532.0999755859375,1.6349999904632568,17.049999237060547
2019-09-25,56.4900016784668,99.04000091552734,1504.5999755859375,1.7319999933242798,15.960000038146973
2019-09-26,56.40999984741211,99.20999908447266,1507.5,1.684999942779541,16.06999969482422
2019-09-27,55.90999984741211,99.11000061035156,1499.0999755859375,1.6749999523162842,17.219999313354492
2019-09-30,54.06999969482422,99.37999725341797,1465.699951171875,1.6749999523162842,16.239999771118164
2019-10-01,53.619998931884766,99.12999725341797,1482.0,1.6440000534057617,18.559999465942383
2019-10-02,52.63999938964844,99.04000091552734,1501.0,1.5959999561309814,20.559999465942383
2019-10-03,52.45000076293945,98.86000061035156,1507.0999755859375,1.5360000133514404,19.1200008392334
2019-10-04,52.810001373291016,98.80999755859375,1506.199951171875,1.5149999856948853,17.040000915527344
2019-10-07,52.75,98.98999786376953,1497.699951171875,1.5529999732971191,17.860000610351562
2019-10-08,52.630001068115234,99.13999938964844,1497.199951171875,1.5369999408721924,20.280000686645508
2019-10-09,52.59000015258789,99.12000274658203,1506.0999755859375,1.5889999866485596,18.639999389648438
2019-10-10,53.54999923706055,98.70999908447266,1494.800048828125,1.6579999923706055,17.56999969482422
2019-10-11,54.70000076293945,98.30000305175781,1482.699951171875,1.7519999742507935,15.579999923706055
2019-10-14,53.59000015258789,98.44999694824219,1491.699951171875,1.7330000400543213,14.569999694824219
2019-10-15,52.810001373291016,98.29000091552734,1477.5999755859375,1.7710000276565552,13.539999961853027
2019-10-16,53.36000061035156,98.01000213623047,1488.0,1.7480000257492065,13.680000305175781
2019-10-17,53.93000030517578,97.61000061035156,1492.300048828125,1.7569999694824219,13.789999961853027
2019-10-18,53.779998779296875,97.27999877929688,1488.199951171875,1.746999979019165,14.25
2019-10-21,53.310001373291016,97.33000183105469,1482.4000244140625,1.7920000553131104,14.0
2019-10-22,54.15999984741211,97.52999877929688,1481.699951171875,1.7680000066757202,14.460000038146973
2019-10-23,55.970001220703125,97.47000122070312,1489.9000244140625,1.7589999437332153,14.010000228881836
2019-10-24,56.22999954223633,97.62999725341797,1498.9000244140625,1.7660000324249268,13.710000038146973
2019-10-25,56.65999984741211,97.83000183105469,1499.5,1.8009999990463257,12.649999618530273
2019-10-28,55.810001373291016,97.76000213623047,1490.0,1.8530000448226929,13.109999656677246
2019-10-29,55.540000915527344,97.69000244140625,1487.0,1.8350000381469727,13.199999809265137
2019-10-30,55.060001373291016,97.6500015258789,1493.199951171875,1.7979999780654907,12.329999923706055
2019-10-31,54.18000030517578,97.3499984741211,1511.4000244140625,1.690999984741211,13.220000267028809
2019-11-01,56.20000076293945,97.23999786376953,1508.0,1.7280000448226929,12.300000190734863
2019-11-04,56.540000915527344,97.51000213623047,1508.0,1.7860000133514404,12.829999923706055
2019-11-05,57.22999954223633,97.9800033569336,1480.800048828125,1.8660000562667847,13.100000381469727
2019-11-06,56.349998474121094,97.94999694824219,1490.199951171875,1.8140000104904175,12.619999885559082
2019-11-07,57.150001525878906,98.13999938964844,1464.199951171875,1.9259999990463257,12.729999542236328
2019-11-08,57.2400016784668,98.3499984741211,1461.300048828125,1.9329999685287476,12.069999694824219
2019-11-11,56.86000061035156,98.19999694824219,1455.5,1.9429999589920044,12.6899995803833
2019-11-12,56.79999923706055,98.30999755859375,1452.0999755859375,1.909000039100647,12.680000305175781
2019-11-13,57.119998931884766,98.37000274658203,1461.699951171875,1.8700000047683716,13.0
2019-11-14,56.77000045776367,98.16000366210938,1471.800048828125,1.815000057220459,13.050000190734863
2019-11-15,57.720001220703125,98.0,1467.300048828125,1.8339999914169312,12.050000190734863
2019-11-18,57.04999923706055,97.79000091552734,1470.9000244140625,1.8079999685287476,12.460000038146973
2019-11-19,55.209999084472656,97.86000061035156,1473.300048828125,1.7860000133514404,12.859999656677246
2019-11-20,57.11000061035156,97.93000030517578,1473.300048828125,1.7380000352859497,12.779999732971191
2019-11-21,58.58000183105469,97.98999786376953,1463.0999755859375,1.7719999551773071,13.130000114440918
2019-11-22,57.77000045776367,98.2699966430664,1463.0999755859375,1.7740000486373901,12.34000015258789
2019-11-25,58.0099983215332,98.31999969482422,1456.5999755859375,1.7640000581741333,11.869999885559082
2019-11-26,58.40999984741211,98.25,1459.800048828125,1.7400000095367432,11.539999961853027
2019-11-27,58.11000061035156,98.41000366210938,1453.4000244140625,1.7669999599456787,11.75
2019-11-29,55.16999816894531,98.2699966430664,1465.5999755859375,1.7760000228881836,12.619999885559082
2019-12-02,55.959999084472656,97.86000061035156,1462.300048828125,1.8359999656677246,14.90999984741211
2019-12-03,56.099998474121094,97.73999786376953,1478.199951171875,1.7089999914169312,15.960000038146973
2019-12-04,58.43000030517578,97.6500015258789,1474.0,1.781000018119812,14.800000190734863
2019-12-05,58.43000030517578,97.41000366210938,1476.9000244140625,1.7970000505447388,14.520000457763672
2019-12-06,59.20000076293945,97.69999694824219,1459.0999755859375,1.8420000076293945,13.619999885559082
2019-12-09,59.02000045776367,97.63999938964844,1459.300048828125,1.8289999961853027,15.859999656677246
2019-12-10,59.2400016784668,97.41000366210938,1462.5999755859375,1.8329999446868896,15.680000305175781
2019-12-11,58.7599983215332,97.16000366210938,1469.4000244140625,1.7899999618530273,14.989999771118164
2019-12-12,59.18000030517578,97.4000015258789,1466.699951171875,1.8969999551773071,13.9399995803833
2019-12-13,60.06999969482422,97.16999816894531,1475.5999755859375,1.819000005722046,12.630000114440918
2019-12-16,60.209999084472656,97.06999969482422,1475.0,1.8919999599456787,12.140000343322754
2019-12-17,60.939998626708984,97.20999908447266,1474.5999755859375,1.8890000581741333,12.289999961853027
2019-12-18,60.93000030517578,97.41000366210938,1472.5999755859375,1.9240000247955322,12.579999923706055
2019-12-19,61.220001220703125,97.41999816894531,1478.199951171875,1.9079999923706055,12.5
2019-12-20,60.439998626708984,97.70999908447266,1474.699951171875,1.9170000553131104,12.510000228881836
2019-12-23,60.52000045776367,97.66000366210938,1482.5,1.934999942779541,12.609999656677246
2019-12-24,61.11000061035156,97.6500015258789,1499.0999755859375,1.909999966621399,12.670000076293945
2019-12-26,61.68000030517578,97.58999633789062,1509.300048828125,1.9049999713897705,12.649999618530273
2019-12-27,61.720001220703125,96.91999816894531,1513.800048828125,1.8739999532699585,13.430000305175781
2019-12-30,61.68000030517578,96.73999786376953,1514.5,1.8949999809265137,14.819999694824219
2019-12-31,61.060001373291016,96.38999938964844,1519.5,1.9190000295639038,13.779999732971191
2020-01-02,61.18000030517578,96.8499984741211,1524.5,1.8819999694824219,12.470000267028809
2020-01-03,63.04999923706055,96.83999633789062,1549.199951171875,1.7879999876022339,14.020000457763672
2020-01-06,63.27000045776367,96.66999816894531,1566.199951171875,1.8109999895095825,13.850000381469727
2020-01-07,62.70000076293945,96.9800033569336,1571.800048828125,1.8270000219345093,13.789999961853027
2020-01-08,59.61000061035156,97.30000305175781,1557.4000244140625,1.8739999532699585,13.449999809265137
2020-01-09,59.560001373291016,97.44999694824219,1551.699951171875,1.8580000400543213,12.539999961853027
2020-01-10,59.040000915527344,97.36000061035156,1557.5,1.8250000476837158,12.5600004196167
2020-01-13,58.08000183105469,97.3499984741211,1548.4000244140625,1.8480000495910645,12.319999694824219
2020-01-14,58.22999954223633,97.37000274658203,1542.4000244140625,1.8179999589920044,12.390000343322754
2020-01-15,57.810001373291016,97.2300033569336,1552.0999755859375,1.7879999876022339,12.420000076293945
2020-01-16,58.52000045776367,97.31999969482422,1549.0,1.809000015258789,12.319999694824219
2020-01-17,58.540000915527344,97.61000061035156,1558.800048828125,1.8359999656677246,12.100000381469727
2020-01-21,58.34000015258789,97.52999877929688,1556.4000244140625,1.7690000534057617,12.850000381469727
2020-01-22,56.7400016784668,97.52999877929688,1555.300048828125,1.7690000534057617,12.90999984741211
2020-01-23,55.59000015258789,97.69000244140625,1564.5999755859375,1.7400000095367432,12.979999542236328
2020-01-24,54.189998626708984,97.8499984741211,1571.0999755859375,1.680999994277954,14.5600004196167
2020-01-27,53.13999938964844,97.95999908447266,1576.800048828125,1.6050000190734863,18.229999542236328
2020-01-28,53.47999954223633,98.0199966430664,1569.199951171875,1.6410000324249268,16.280000686645508
2020-01-29,53.33000183105469,97.98999786376953,1569.800048828125,1.593999981880188,16.389999389648438
2020-01-30,52.13999938964844,97.87000274658203,1583.5,1.5579999685287476,15.489999771118164
2020-01-31,51.560001373291016,97.38999938964844,1582.9000244140625,1.5199999809265137,18.84000015258789
2020-02-03,50.11000061035156,97.80000305175781,1577.199951171875,1.5199999809265137,17.969999313354492
2020-02-04,49.61000061035156,97.95999908447266,1550.4000244140625,1.6030000448226929,16.049999237060547
2020-02-05,50.75,98.2699966430664,1557.800048828125,1.6490000486373901,15.149999618530273
2020-02-06,50.95000076293945,98.5,1565.0999755859375,1.6440000534057617,14.960000038146973
2020-02-07,50.31999969482422,98.68000030517578,1568.5999755859375,1.5779999494552612,15.470000267028809
2020-02-10,49.56999969482422,98.83000183105469,1574.699951171875,1.5470000505447388,15.039999961853027
2020-02-11,49.939998626708984,98.72000122070312,1565.5999755859375,1.590000033378601,15.180000305175781
2020-02-12,51.16999816894531,99.05000305175781,1567.4000244140625,1.6299999952316284,13.739999771118164
2020-02-13,51.41999816894531,99.06999969482422,1575.0999755859375,1.6169999837875366,14.149999618530273
2020-02-14,52.04999923706055,99.12000274658203,1582.699951171875,1.5880000591278076,13.680000305175781
2020-02-18,52.04999923706055,99.45999908447266,1600.0,1.555999994277954,14.829999923706055
2020-02-19,53.290000915527344,99.5999984741211,1607.5,1.5700000524520874,14.380000114440918
2020-02-20,53.779998779296875,99.87000274658203,1616.5999755859375,1.524999976158142,15.5600004196167
2020-02-21,53.380001068115234,99.26000213623047,1644.5999755859375,1.4709999561309814,17.079999923706055
2020-02-24,51.43000030517578,99.29000091552734,1672.4000244140625,1.3769999742507935,25.030000686645508
2020-02-25,49.900001525878906,98.97000122070312,1646.9000244140625,1.3300000429153442,27.850000381469727
2020-02-26,48.72999954223633,99.0,1640.0,1.309999942779541,27.559999465942383
2020-02-27,47.09000015258789,98.44000244140625,1640.0,1.2990000247955322,39.15999984741211
2020-02-28,44.7599983215332,98.12999725341797,1564.0999755859375,1.1269999742507935,40.11000061035156
2020-03-02,46.75,97.36000061035156,1592.300048828125,1.0880000591278076,33.41999816894531
2020-03-03,47.18000030517578,97.1500015258789,1642.0999755859375,1.0099999904632568,36.81999969482422
2020-03-04,46.779998779296875,97.33999633789062,1641.0999755859375,0.9919999837875366,31.989999771118164
2020-03-05,45.900001525878906,96.81999969482422,1666.4000244140625,0.9259999990463257,39.619998931884766
2020-03-06,41.279998779296875,95.94999694824219,1670.800048828125,0.7059999704360962,41.939998626708984
2020-03-09,31.1299991607666,94.9000015258789,1674.5,0.49900001287460327,54.459999084472656
2020-03-10,34.36000061035156,96.41000366210938,1659.0999755859375,0.7480000257492065,47.29999923706055
2020-03-11,32.97999954223633,96.51000213623047,1641.4000244140625,0.8199999928474426,53.900001525878906
2020-03-12,31.5,97.47000122070312,1589.300048828125,0.8489999771118164,75.47000122070312
2020-03-13,31.729999542236328,98.75,1515.699951171875,0.9509999752044678,57.83000183105469
2020-03-16,28.700000762939453,98.08999633789062,1485.9000244140625,0.7279999852180481,82.69000244140625
2020-03-17,26.950000762939453,99.58000183105469,1524.9000244140625,0.996999979019165,75.91000366210938
2020-03-18,20.3700008392334,101.16000366210938,1477.300048828125,1.2660000324249268,76.44999694824219
2020-03-19,25.219999313354492,102.76000213623047,1478.5999755859375,1.11899995803833,72.0
2020-03-20,22.43000030517578,102.81999969482422,1484.0,0.9380000233650208,66.04000091552734
2020-03-23,23.360000610351562,102.48999786376953,1567.0,0.7639999985694885,61.59000015258789
2020-03-24,24.010000228881836,101.73999786376953,1660.199951171875,0.8159999847412109,61.66999816894531
2020-03-25,24.489999771118164,101.05000305175781,1632.300048828125,0.8579999804496765,63.95000076293945
2020-03-26,22.600000381469727,99.41999816894531,1650.0999755859375,0.8109999895095825,61.0
2020-03-27,21.510000228881836,98.37000274658203,1623.9000244140625,0.7490000128746033,65.54000091552734
2020-03-30,20.09000015258789,99.18000030517578,1622.0,0.6700000166893005,57.08000183105469
2020-03-31,20.479999542236328,99.05000305175781,1583.4000244140625,0.6980000138282776,53.540000915527344
2020-04-01,20.309999465942383,99.66999816894531,1578.199951171875,0.6349999904632568,57.060001373291016
2020-04-02,25.31999969482422,100.18000030517578,1625.699951171875,0.6269999742507935,50.90999984741211
2020-04-03,28.34000015258789,100.58000183105469,1633.699951171875,0.5870000123977661,46.79999923706055
2020-04-06,26.079999923706055,100.69000244140625,1677.0,0.6759999990463257,45.2400016784668
2020-04-07,23.6299991607666,99.9800033569336,1664.800048828125,0.7360000014305115,46.70000076293945
2020-04-08,25.09000015258789,100.12000274658203,1665.4000244140625,0.7639999985694885,43.349998474121094
2020-04-09,22.760000228881836,99.5199966430664,1736.199951171875,0.7289999723434448,41.66999816894531
2020-04-13,22.40999984741211,99.3499984741211,1744.800048828125,0.7490000128746033,41.16999816894531
2020-04-14,20.110000610351562,98.88999938964844,1756.699951171875,0.7519999742507935,37.7599983215332
2020-04-15,19.8700008392334,99.45999908447266,1727.199951171875,0.6380000114440918,40.84000015258789
2020-04-16,19.8700008392334,100.02999877929688,1720.4000244140625,0.609000027179718,40.11000061035156
2020-04-17,18.270000457763672,99.77999877929688,1689.199951171875,0.6539999842643738,38.150001525878906
2020-04-20,-37.630001068115234,99.95999908447266,1701.5999755859375,0.6259999871253967,43.83000183105469
2020-04-21,10.010000228881836,100.26000213623047,1678.199951171875,0.5709999799728394,45.40999984741211
2020-04-22,13.779999732971191,100.38999938964844,1728.699951171875,0.6190000176429749,41.97999954223633
2020-04-23,16.5,100.43000030517578,1733.300048828125,0.6129999756813049,41.380001068115234
2020-04-24,16.940000534057617,100.37999725341797,1723.5,0.5960000157356262,35.93000030517578
2020-04-27,12.779999732971191,100.04000091552734,1711.9000244140625,0.656000018119812,33.290000915527344
2020-04-28,12.34000015258789,99.87000274658203,1710.5,0.6100000143051147,33.56999969482422
2020-04-29,15.0600004196167,99.56999969482422,1703.4000244140625,0.6269999742507935,31.229999542236328
2020-04-30,18.84000015258789,99.0199966430664,1684.199951171875,0.621999979019165,34.150001525878906
2020-05-01,19.780000686645508,98.80000305175781,1694.5,0.6420000195503235,37.189998626708984
2020-05-04,20.389999389648438,99.4800033569336,1706.9000244140625,0.6370000243186951,35.970001220703125
2020-05-05,24.559999465942383,99.70999908447266,1704.4000244140625,0.6570000052452087,33.61000061035156
2020-05-06,23.989999771118164,100.08999633789062,1684.199951171875,0.7110000252723694,34.119998931884766
2020-05-07,23.549999237060547,99.88999938964844,1721.800048828125,0.6309999823570251,31.440000534057617
2020-05-08,24.739999771118164,99.7300033569336,1709.9000244140625,0.6819999814033508,27.979999542236328
2020-05-11,24.139999389648438,100.23999786376953,1695.300048828125,0.7260000109672546,27.56999969482422
2020-05-12,25.780000686645508,99.93000030517578,1704.4000244140625,0.6779999732971191,33.040000915527344
2020-05-13,25.290000915527344,100.23999786376953,1713.9000244140625,0.6489999890327454,35.279998779296875
2020-05-14,27.559999465942383,100.47000122070312,1738.0999755859375,0.6190000176429749,32.61000061035156
2020-05-15,29.43000030517578,100.4000015258789,1753.4000244140625,0.6399999856948853,31.889999389648438
2020-05-18,31.81999969482422,99.66999816894531,1731.800048828125,0.7440000176429749,29.299999237060547
2020-05-19,32.5,99.37000274658203,1744.199951171875,0.7110000252723694,30.530000686645508
2020-05-20,33.4900016784668,99.12000274658203,1750.5999755859375,0.6800000071525574,27.989999771118164
2020-05-21,33.91999816894531,99.37000274658203,1720.5,0.6769999861717224,29.530000686645508
2020-05-22,33.25,99.86000061035156,1734.5999755859375,0.6570000052452087,28.15999984741211
2020-05-26,34.349998474121094,98.91000366210938,1704.800048828125,0.6980000138282776,28.010000228881836
2020-05-27,32.810001373291016,99.05999755859375,1710.300048828125,0.6800000071525574,27.6200008392334
2020-05-28,33.709999084472656,98.37999725341797,1713.300048828125,0.7049999833106995,28.59000015258789
2020-05-29,35.4900016784668,98.33999633789062,1736.9000244140625,0.6480000019073486,27.510000228881836
2020-06-01,35.439998626708984,97.83000183105469,1737.800048828125,0.6620000004768372,28.229999542236328
2020-06-02,36.810001373291016,97.66999816894531,1725.199951171875,0.6800000071525574,26.84000015258789
2020-06-03,37.290000915527344,97.27999877929688,1697.800048828125,0.7609999775886536,25.65999984741211
2020-06-04,37.40999984741211,96.68000030517578,1718.9000244140625,0.8199999928474426,25.809999465942383
2020-06-05,39.54999923706055,96.94000244140625,1676.199951171875,0.9039999842643738,24.520000457763672
2020-06-08,38.189998626708984,96.62000274658203,1698.300048828125,0.8840000033378601,25.809999465942383
2020-06-09,38.939998626708984,96.31999969482422,1714.699951171875,0.8289999961853027,27.56999969482422
2020-06-10,39.599998474121094,95.95999908447266,1713.300048828125,0.7480000257492065,27.56999969482422
2020-06-11,36.34000015258789,96.7300033569336,1732.0,0.652999997138977,40.790000915527344
2020-06-12,36.2599983215332,97.31999969482422,1729.300048828125,0.6990000009536743,36.09000015258789
2020-06-15,37.119998931884766,96.68000030517578,1720.300048828125,0.7020000219345093,34.400001525878906
2020-06-16,38.380001068115234,96.95999908447266,1729.5999755859375,0.7559999823570251,33.66999816894531
2020-06-17,37.959999084472656,97.16000366210938,1729.199951171875,0.7329999804496765,33.470001220703125
2020-06-18,38.84000015258789,97.41999816894531,1724.800048828125,0.6940000057220459,32.939998626708984
2020-06-19,39.75,97.62000274658203,1745.9000244140625,0.6970000267028809,35.119998931884766
2020-06-22,40.459999084472656,97.04000091552734,1756.699951171875,0.7039999961853027,31.770000457763672
2020-06-23,40.369998931884766,96.69000244140625,1772.0999755859375,0.7089999914169312,31.3700008392334
2020-06-24,38.0099983215332,97.1500015258789,1765.800048828125,0.6840000152587891,33.84000015258789
2020-06-25,38.720001220703125,97.43000030517578,1762.0999755859375,0.6740000247955322,32.220001220703125
2020-06-26,38.4900016784668,97.5,1772.5,0.6359999775886536,34.72999954223633
2020-06-29,39.70000076293945,97.54000091552734,1774.800048828125,0.6359999775886536,31.780000686645508
2020-06-30,39.27000045776367,97.38999938964844,1793.0,0.652999997138977,30.43000030517578
2020-07-01,39.81999969482422,97.19999694824219,1773.199951171875,0.6819999814033508,28.6200008392334
2020-07-02,40.650001525878906,97.31999969482422,1784.0,0.6690000295639038,27.68000030517578
2020-07-06,40.630001068115234,96.79000091552734,1788.5,0.6840000152587891,27.940000534057617
2020-07-07,40.619998931884766,96.87999725341797,1804.199951171875,0.6499999761581421,29.43000030517578
2020-07-08,40.900001525878906,96.43000030517578,1815.5,0.652999997138977,28.079999923706055
2020-07-09,39.619998931884766,96.69999694824219,1799.199951171875,0.6050000190734863,29.260000228881836
2020-07-10,40.54999923706055,96.6500015258789,1798.199951171875,0.6330000162124634,27.290000915527344
2020-07-13,40.099998474121094,96.45999908447266,1811.0,0.6399999856948853,32.189998626708984
2020-07-14,40.290000915527344,96.26000213623047,1810.5999755859375,0.6150000095367432,29.520000457763672
2020-07-15,41.20000076293945,96.08000183105469,1811.4000244140625,0.6299999952316284,27.760000228881836
2020-07-16,40.75,96.3499984741211,1798.699951171875,0.6119999885559082,28.0
2020-07-17,40.59000015258789,95.94000244140625,1808.300048828125,0.628000020980835,25.68000030517578
2020-07-20,40.810001373291016,95.83000183105469,1815.9000244140625,0.6200000047683716,24.459999084472656
2020-07-21,41.959999084472656,95.12000274658203,1842.4000244140625,0.6069999933242798,24.84000015258789
2020-07-22,41.900001525878906,94.97000122070312,1864.0999755859375,0.5950000286102295,24.31999969482422
2020-07-23,41.06999969482422,94.69000244140625,1889.0999755859375,0.5820000171661377,26.079999923706055
2020-07-24,41.290000915527344,94.44000244140625,1897.300048828125,0.5889999866485596,25.84000015258789
2020-07-27,41.599998474121094,93.66999816894531,1931.0,0.609000027179718,24.739999771118164
2020-07-28,41.040000915527344,93.76000213623047,1944.699951171875,0.5809999704360962,25.440000534057617
2020-07-29,41.27000045776367,93.26000213623047,1953.5,0.5789999961853027,24.100000381469727
2020-07-30,39.91999816894531,93.0199966430664,1942.300048828125,0.5410000085830688,24.760000228881836
2020-07-31,40.27000045776367,93.48999786376953,1962.800048828125,0.5360000133514404,24.459999084472656
2020-08-03,41.0099983215332,93.5,1966.0,0.5630000233650208,24.280000686645508
2020-08-04,41.70000076293945,93.37999725341797,2001.199951171875,0.5149999856948853,23.760000228881836
2020-08-05,42.189998626708984,92.83000183105469,2031.0999755859375,0.5429999828338623,22.989999771118164
2020-08-06,41.95000076293945,92.79000091552734,2051.5,0.5360000133514404,22.649999618530273
2020-08-07,41.220001220703125,93.44000244140625,2010.0999755859375,0.5619999766349792,22.209999084472656
2020-08-10,41.939998626708984,93.58000183105469,2024.4000244140625,0.5740000009536743,22.1299991607666
2020-08-11,41.61000061035156,93.62999725341797,1932.5999755859375,0.6579999923706055,24.030000686645508
2020-08-12,42.66999816894531,93.44000244140625,1934.9000244140625,0.6700000166893005,22.280000686645508
2020-08-13,42.2400016784668,93.33999633789062,1956.699951171875,0.7160000205039978,22.1299991607666
2020-08-14,42.0099983215332,93.0999984741211,1937.0,0.7089999914169312,22.049999237060547
2020-08-17,42.88999938964844,92.8499984741211,1985.0,0.6830000281333923,21.350000381469727
2020-08-18,42.88999938964844,92.2699966430664,1999.4000244140625,0.6690000295639038,21.510000228881836
2020-08-19,42.93000030517578,92.88999938964844,1958.699951171875,0.675000011920929,22.540000915527344
2020-08-20,42.58000183105469,92.79000091552734,1933.800048828125,0.6439999938011169,22.719999313354492
2020-08-21,42.34000015258789,93.25,1934.5999755859375,0.6399999856948853,22.540000915527344
2020-08-24,42.619998931884766,93.30000305175781,1927.699951171875,0.6460000276565552,22.3700008392334
2020-08-25,43.349998474121094,93.0199966430664,1911.800048828125,0.6819999814033508,22.030000686645508
2020-08-26,43.38999938964844,93.01000213623047,1940.699951171875,0.6869999766349792,23.270000457763672
2020-08-27,43.040000915527344,93.01000213623047,1921.5999755859375,0.7459999918937683,24.469999313354492
2020-08-28,42.970001220703125,92.37000274658203,1964.5999755859375,0.7289999723434448,22.959999084472656
2020-08-31,42.61000061035156,92.13999938964844,1967.5999755859375,0.6930000185966492,26.40999984741211
2020-09-01,42.7599983215332,92.33999633789062,1968.199951171875,0.671999990940094,26.1200008392334
2020-09-02,41.5099983215332,92.8499984741211,1934.4000244140625,0.6510000228881836,26.56999969482422
2020-09-03,41.369998931884766,92.73999786376953,1927.5999755859375,0.621999979019165,33.599998474121094
2020-09-04,39.77000045776367,92.72000122070312,1923.9000244140625,0.7210000157356262,30.75
2020-09-08,36.7599983215332,93.4800033569336,1933.0,0.6840000152587891,31.459999084472656
2020-09-09,38.04999923706055,93.26000213623047,1944.699951171875,0.703000009059906,28.809999465942383
2020-09-10,37.29999923706055,93.33999633789062,1954.199951171875,0.6850000023841858,29.709999084472656
2020-09-11,37.33000183105469,93.33000183105469,1937.800048828125,0.6690000295639038,26.8700008392334
2020-09-14,37.2599983215332,93.06999969482422,1953.0999755859375,0.6710000038146973,25.850000381469727
2020-09-15,38.279998779296875,93.05000305175781,1956.300048828125,0.6790000200271606,25.59000015258789
2020-09-16,40.15999984741211,93.20999908447266,1960.199951171875,0.6869999766349792,26.040000915527344
2020-09-17,40.970001220703125,92.97000122070312,1940.0,0.6840000152587891,26.459999084472656
2020-09-18,41.11000061035156,92.93000030517578,1952.0999755859375,0.6940000057220459,25.829999923706055
2020-09-21,39.310001373291016,93.54000091552734,1901.199951171875,0.6710000038146973,27.780000686645508
2020-09-22,39.599998474121094,93.98999786376953,1898.5999755859375,0.6639999747276306,26.860000610351562
2020-09-23,39.93000030517578,94.38999938964844,1859.9000244140625,0.6759999990463257,28.579999923706055
2020-09-24,40.310001373291016,94.3499984741211,1868.300048828125,0.6660000085830688,28.510000228881836
2020-09-25,40.25,94.58000183105469,1857.699951171875,0.6589999794960022,26.3799991607666
2020-09-28,40.599998474121094,94.26000213623047,1872.800048828125,0.6629999876022339,26.190000534057617
2020-09-29,39.290000915527344,93.88999938964844,1894.300048828125,0.6449999809265137,26.270000457763672
2020-09-30,40.220001220703125,93.88999938964844,1887.5,0.6769999861717224,26.3700008392334
2020-10-01,38.720001220703125,93.70999908447266,1908.4000244140625,0.6769999861717224,26.700000762939453
2020-10-02,37.04999923706055,93.83999633789062,1900.199951171875,0.6959999799728394,27.6299991607666
2020-10-05,39.220001220703125,93.51000213623047,1912.5,0.7620000243186951,27.959999084472656
2020-10-06,40.66999816894531,93.83000183105469,1901.0999755859375,0.7419999837875366,29.479999542236328
2020-10-07,39.95000076293945,93.62999725341797,1883.5999755859375,0.7850000262260437,28.059999465942383
2020-10-08,41.189998626708984,93.61000061035156,1888.5999755859375,0.7649999856948853,26.360000610351562
2020-10-09,40.599998474121094,93.05999755859375,1919.5,0.7749999761581421,25.0
2020-10-12,39.43000030517578,93.06999969482422,1922.5,0.7770000100135803,25.06999969482422
2020-10-13,40.20000076293945,93.52999877929688,1888.5,0.7269999980926514,26.06999969482422
2020-10-14,41.040000915527344,93.37999725341797,1901.300048828125,0.722000002861023,26.399999618530273
2020-10-15,40.959999084472656,93.86000061035156,1903.199951171875,0.7310000061988831,26.969999313354492
2020-10-16,40.880001068115234,93.68000030517578,1900.800048828125,0.7440000176429749,27.40999984741211
2020-10-19,40.83000183105469,93.43000030517578,1906.4000244140625,0.7609999775886536,29.18000030517578
2020-10-20,41.459999084472656,93.06999969482422,1910.4000244140625,0.796999990940094,29.350000381469727
2020-10-21,40.029998779296875,92.61000061035156,1924.5999755859375,0.8159999847412109,28.649999618530273
2020-10-22,40.63999938964844,92.94999694824219,1901.0999755859375,0.8479999899864197,28.110000610351562
2020-10-23,39.849998474121094,92.7699966430664,1902.0,0.8410000205039978,27.549999237060547
2020-10-26,38.560001373291016,93.05000305175781,1902.699951171875,0.8009999990463257,32.459999084472656
2020-10-27,39.56999969482422,92.94000244140625,1908.800048828125,0.777999997138977,33.349998474121094
2020-10-28,37.38999938964844,93.41000366210938,1876.199951171875,0.781000018119812,40.279998779296875
2020-10-29,36.16999816894531,93.95999908447266,1865.5999755859375,0.8349999785423279,37.59000015258789
2020-10-30,35.790000915527344,94.04000091552734,1877.4000244140625,0.8600000143051147,38.02000045776367
2020-11-02,36.810001373291016,94.05000305175781,1890.4000244140625,0.8489999771118164,37.130001068115234
2020-11-03,37.65999984741211,93.55000305175781,1908.5,0.8820000290870667,35.54999923706055
2020-11-04,39.150001525878906,93.41000366210938,1894.5999755859375,0.7680000066757202,29.56999969482422
2020-11-05,38.790000915527344,92.52999877929688,1945.300048828125,0.7760000228881836,27.579999923706055
2020-11-06,37.13999938964844,92.2300033569336,1950.300048828125,0.8199999928474426,24.860000610351562
2020-11-09,40.290000915527344,92.7300033569336,1853.199951171875,0.9580000042915344,25.75
2020-11-10,41.36000061035156,92.75,1875.4000244140625,0.972000002861023,24.799999237060547
2020-11-11,41.45000076293945,93.04000091552734,1860.699951171875,0.9580000042915344,23.450000762939453
2020-11-12,41.119998931884766,92.95999908447266,1872.5999755859375,0.8849999904632568,25.350000381469727
2020-11-13,40.130001068115234,92.76000213623047,1885.699951171875,0.8930000066757202,23.100000381469727
2020-11-16,41.34000015258789,92.56999969482422,1887.300048828125,0.906000018119812,22.450000762939453
2020-11-17,41.43000030517578,92.41999816894531,1884.5,0.871999979019165,22.709999084472656
2020-11-18,41.81999969482422,92.31999969482422,1873.5,0.8820000290870667,23.84000015258789
2020-11-19,41.7400016784668,92.29000091552734,1861.0999755859375,0.8539999723434448,23.110000610351562
2020-11-20,42.150001525878906,92.38999938964844,1872.5999755859375,0.8289999961853027,23.700000762939453
2020-11-23,43.060001373291016,92.51000213623047,1837.800048828125,0.8569999933242798,22.65999984741211
2020-11-24,44.90999984741211,92.2300033569336,1804.800048828125,0.8820000290870667,21.639999389648438
2020-11-25,45.709999084472656,91.98999786376953,1805.699951171875,0.878000020980835,21.25
2020-11-27,45.529998779296875,91.79000091552734,1781.9000244140625,0.8420000076293945,20.84000015258789
2020-11-30,45.34000015258789,91.87000274658203,1775.699951171875,0.843999981880188,20.56999969482422
2020-12-01,44.54999923706055,91.30999755859375,1814.0999755859375,0.9340000152587891,20.770000457763672
2020-12-02,45.279998779296875,91.12000274658203,1825.699951171875,0.9480000138282776,21.170000076293945
2020-12-03,45.63999938964844,90.70999908447266,1836.800048828125,0.9200000166893005,21.280000686645508
2020-12-04,46.2599983215332,90.69999694824219,1835.9000244140625,0.968999981880188,20.790000915527344
2020-12-07,45.7599983215332,90.79000091552734,1861.800048828125,0.9279999732971191,21.299999237060547
2020-12-08,45.599998474121094,90.97000122070312,1870.800048828125,0.9129999876022339,20.68000030517578
2020-12-09,45.52000045776367,91.08999633789062,1834.5999755859375,0.9409999847412109,22.270000457763672
2020-12-10,46.779998779296875,90.79000091552734,1833.5999755859375,0.9079999923706055,22.520000457763672
2020-12-11,46.56999969482422,90.9800033569336,1839.800048828125,0.8930000066757202,23.309999465942383
2020-12-14,46.9900016784668,90.70999908447266,1828.699951171875,0.8920000195503235,24.719999313354492
2020-12-15,47.619998931884766,90.47000122070312,1852.300048828125,0.9229999780654907,22.889999389648438
2020-12-16,47.81999969482422,90.44999694824219,1856.0999755859375,0.9200000166893005,22.5
2020-12-17,48.36000061035156,89.81999969482422,1887.199951171875,0.9300000071525574,21.93000030517578
2020-12-18,49.099998474121094,90.0199966430664,1885.699951171875,0.9480000138282776,21.56999969482422
2020-12-21,47.7400016784668,90.04000091552734,1879.199951171875,0.9409999847412109,25.15999984741211
2020-12-22,47.02000045776367,90.6500015258789,1866.5999755859375,0.9179999828338623,24.229999542236328
2020-12-23,48.119998931884766,90.41000366210938,1874.699951171875,0.9549999833106995,23.309999465942383
2020-12-24,48.22999954223633,90.33000183105469,1879.9000244140625,0.9279999732971191,21.530000686645508
2020-12-28,47.619998931884766,90.33999633789062,1877.199951171875,0.9330000281333923,21.700000762939453
2020-12-29,48.0,90.01000213623047,1879.699951171875,0.9350000023841858,23.079999923706055
2020-12-30,48.400001525878906,89.62999725341797,1891.0,0.9259999990463257,22.770000457763672
2020-12-31,48.52000045776367,89.94000244140625,1893.0999755859375,0.9169999957084656,22.75
2021-01-04,47.619998931884766,89.87999725341797,1944.699951171875,0.9169999957084656,26.969999313354492
2021-01-05,49.93000030517578,89.44000244140625,1952.699951171875,0.9549999833106995,25.34000015258789
2021-01-06,50.630001068115234,89.52999877929688,1906.9000244140625,1.0420000553131104,25.06999969482422
2021-01-07,50.83000183105469,89.83000183105469,1912.300048828125,1.0709999799728394,22.3700008392334
2021-01-08,52.2400016784668,90.0999984741211,1834.0999755859375,1.1050000190734863,21.559999465942383
2021-01-11,52.25,90.54000091552734,1849.5999755859375,1.1319999694824219,24.079999923706055
2021-01-12,53.209999084472656,90.05000305175781,1842.9000244140625,1.1380000114440918,23.329999923706055
2021-01-13,52.90999984741211,90.31999969482422,1853.5999755859375,1.0880000591278076,22.209999084472656
2021-01-14,53.56999969482422,90.23999786376953,1850.300048828125,1.128999948501587,23.25
2021-01-15,52.36000061035156,90.77999877929688,1829.300048828125,1.097000002861023,24.34000015258789
2021-01-19,52.97999954223633,90.5,1839.5,1.0920000076293945,23.239999771118164
2021-01-20,53.2400016784668,90.47000122070312,1865.9000244140625,1.090000033378601,21.579999923706055
2021-01-21,53.130001068115234,90.12999725341797,1865.300048828125,1.1089999675750732,21.31999969482422
2021-01-22,52.27000045776367,90.23999786376953,1855.699951171875,1.090999960899353,21.90999984741211
2021-01-25,52.77000045776367,90.38999938964844,1854.9000244140625,1.0399999618530273,23.190000534057617
2021-01-26,52.61000061035156,90.16999816894531,1850.699951171875,1.0399999618530273,23.020000457763672
2021-01-27,52.849998474121094,90.6500015258789,1844.9000244140625,1.0140000581741333,37.209999084472656
2021-01-28,52.34000015258789,90.45999908447266,1837.9000244140625,1.0570000410079956,30.209999084472656
2021-01-29,52.20000076293945,90.58000183105469,1847.300048828125,1.093000054359436,33.09000015258789
2021-02-01,53.54999923706055,91.0199966430664,1860.800048828125,1.0770000219345093,30.239999771118164
2021-02-02,54.7599983215332,91.19999694824219,1830.5,1.1050000190734863,25.559999465942383
2021-02-03,55.689998626708984,91.12000274658203,1832.199951171875,1.13100004196167,22.90999984741211
2021-02-04,56.22999954223633,91.52999877929688,1788.9000244140625,1.1390000581741333,21.770000457763672
2021-02-05,56.849998474121094,91.04000091552734,1810.9000244140625,1.1699999570846558,20.8700008392334
2021-02-08,57.970001220703125,90.93000030517578,1831.9000244140625,1.159999966621399,21.239999771118164
2021-02-09,58.36000061035156,90.44000244140625,1835.300048828125,1.156999945640564,21.6299991607666
2021-02-10,58.68000030517578,90.37000274658203,1840.5999755859375,1.1330000162124634,21.989999771118164
2021-02-11,58.2400016784668,90.41999816894531,1824.9000244140625,1.1579999923706055,21.25
2021-02-12,59.470001220703125,90.4800033569336,1821.5999755859375,1.2000000476837158,19.969999313354492
2021-02-16,60.04999923706055,90.51000213623047,1797.199951171875,1.2990000247955322,21.459999084472656
2021-02-17,61.13999938964844,90.94999694824219,1771.0999755859375,1.3009999990463257,21.5
2021-02-18,60.52000045776367,90.58999633789062,1773.4000244140625,1.2869999408721924,22.489999771118164
2021-02-19,59.2400016784668,90.36000061035156,1775.800048828125,1.3450000286102295,22.049999237060547
2021-02-22,61.4900016784668,90.01000213623047,1806.699951171875,1.3700000047683716,23.450000762939453
2021-02-23,61.66999816894531,90.16999816894531,1804.4000244140625,1.3619999885559082,23.110000610351562
2021-02-24,63.220001220703125,90.18000030517578,1796.4000244140625,1.3890000581741333,21.34000015258789
2021-02-25,63.529998779296875,90.12999725341797,1774.4000244140625,1.5180000066757202,28.889999389648438
2021-02-26,61.5,90.93000030517578,1728.0999755859375,1.4600000381469727,27.950000762939453
2021-03-01,60.63999938964844,91.04000091552734,1722.5,1.4459999799728394,23.350000381469727
2021-03-02,59.75,90.79000091552734,1733.0999755859375,1.4149999618530273,24.100000381469727
2021-03-03,61.279998779296875,90.94999694824219,1715.300048828125,1.4700000286102295,26.670000076293945
2021-03-04,63.83000183105469,91.62999725341797,1700.199951171875,1.5499999523162842,28.56999969482422
2021-03-05,66.08999633789062,91.9800033569336,1698.0,1.5540000200271606,24.65999984741211
2021-03-08,65.05000305175781,92.30999755859375,1677.699951171875,1.5959999561309814,25.469999313354492
2021-03-09,64.01000213623047,91.95999908447266,1716.5999755859375,1.5460000038146973,24.030000686645508
2021-03-10,64.44000244140625,91.79000091552734,1721.5,1.5199999809265137,22.559999465942383
2021-03-11,66.0199966430664,91.41999816894531,1722.300048828125,1.5269999504089355,21.90999984741211
2021-03-12,65.61000061035156,91.68000030517578,1719.5,1.6349999904632568,20.690000534057617
2021-03-15,65.38999938964844,91.83000183105469,1728.9000244140625,1.6069999933242798,20.030000686645508
2021-03-16,64.80000305175781,91.87000274658203,1730.5999755859375,1.621000051498413,19.790000915527344
2021-03-17,64.5999984741211,91.4000015258789,1726.800048828125,1.6410000324249268,19.229999542236328
2021-03-18,60.0,91.8499984741211,1732.199951171875,1.7300000190734863,21.579999923706055
2021-03-19,61.41999816894531,91.91999816894531,1741.4000244140625,1.7319999933242798,20.950000762939453
2021-03-22,61.54999923706055,91.80000305175781,1737.800048828125,1.684000015258789,18.8799991607666
2021-03-23,57.7599983215332,92.33999633789062,1724.699951171875,1.6380000114440918,20.299999237060547
2021-03-24,61.18000030517578,92.52999877929688,1732.9000244140625,1.6139999628067017,21.200000762939453
2021-03-25,58.560001373291016,92.87999725341797,1724.9000244140625,1.6139999628067017,19.809999465942383
2021-03-26,60.970001220703125,92.7699966430664,1732.199951171875,1.659999966621399,18.860000610351562
2021-03-29,61.560001373291016,92.94000244140625,1712.0999755859375,1.7209999561309814,20.739999771118164
2021-03-30,60.54999923706055,93.30000305175781,1683.9000244140625,1.7259999513626099,19.610000610351562
2021-03-31,59.15999984741211,93.2300033569336,1713.800048828125,1.746000051498413,19.399999618530273
2021-04-01,61.45000076293945,92.93000030517578,1726.5,1.6790000200271606,17.329999923706055
2021-04-05,58.650001525878906,92.5999984741211,1727.0,1.7200000286102295,17.90999984741211
2021-04-06,59.33000183105469,92.33999633789062,1741.5,1.656000018119812,18.1200008392334
2021-04-07,59.77000045776367,92.45999908447266,1740.0999755859375,1.652999997138977,17.15999984741211
2021-04-08,59.599998474121094,92.05999755859375,1756.800048828125,1.6319999694824219,16.950000762939453
2021-04-09,59.31999969482422,92.16000366210938,1743.300048828125,1.6660000085830688,16.690000534057617
2021-04-12,59.70000076293945,92.13999938964844,1731.199951171875,1.6749999523162842,16.90999984741211
2021-04-13,60.18000030517578,91.8499984741211,1746.199951171875,1.6230000257492065,16.649999618530273
2021-04-14,63.150001525878906,91.69000244140625,1734.9000244140625,1.6380000114440918,16.989999771118164
2021-04-15,63.459999084472656,91.66999816894531,1765.4000244140625,1.5299999713897705,16.56999969482422
2021-04-16,63.130001068115234,91.55999755859375,1779.0,1.5729999542236328,16.25
2021-04-19,63.380001068115234,91.06999969482422,1769.4000244140625,1.6009999513626099,17.290000915527344
2021-04-20,62.439998626708984,91.23999786376953,1777.300048828125,1.562000036239624,18.68000030517578
2021-04-21,61.349998474121094,91.16000366210938,1792.300048828125,1.5640000104904175,17.5
2021-04-22,61.43000030517578,91.33000183105469,1781.199951171875,1.5540000200271606,18.709999084472656
2021-04-23,62.13999938964844,90.86000061035156,1777.0,1.5670000314712524,17.329999923706055
2021-04-26,61.90999984741211,90.80999755859375,1779.199951171875,1.5700000524520874,17.639999389648438
2021-04-27,62.939998626708984,90.91000366210938,1778.0,1.621999979019165,17.559999465942383
2021-04-28,63.86000061035156,90.61000061035156,1773.199951171875,1.6200000047683716,17.280000686645508
2021-04-29,65.01000213623047,90.61000061035156,1768.0999755859375,1.6399999856948853,17.610000610351562
2021-04-30,63.58000183105469,91.27999877929688,1767.300048828125,1.63100004196167,18.610000610351562
2021-05-03,64.48999786376953,90.94999694824219,1791.4000244140625,1.6069999933242798,18.309999465942383
2021-05-04,65.69000244140625,91.29000091552734,1775.800048828125,1.5920000076293945,19.479999542236328
2021-05-05,65.62999725341797,91.30999755859375,1784.0999755859375,1.5839999914169312,19.149999618530273
2021-05-06,64.70999908447266,90.94999694824219,1815.5,1.5609999895095825,18.389999389648438
2021-05-07,64.9000015258789,90.2300033569336,1831.0999755859375,1.5770000219345093,16.690000534057617
2021-05-10,64.91999816894531,90.20999908447266,1837.5,1.6019999980926514,19.65999984741211
2021-05-11,65.27999877929688,90.13999938964844,1835.9000244140625,1.6239999532699585,21.84000015258789
2021-05-12,66.08000183105469,90.70999908447266,1822.5999755859375,1.6950000524520874,27.59000015258789
2021-05-13,63.81999969482422,90.75,1823.800048828125,1.6679999828338623,23.1299991607666
2021-05-14,65.37000274658203,90.31999969482422,1837.9000244140625,1.6349999904632568,18.809999465942383
2021-05-17,66.2699966430664,90.22000122070312,1867.5,1.6399999856948853,19.719999313354492
2021-05-18,65.48999786376953,89.75,1867.800048828125,1.6419999599456787,21.34000015258789
2021-05-19,63.36000061035156,90.19000244140625,1881.300048828125,1.6829999685287476,22.18000030517578
2021-05-20,62.04999923706055,89.80999755859375,1881.800048828125,1.6339999437332153,20.670000076293945
2021-05-21,63.58000183105469,90.0199966430664,1876.699951171875,1.6319999694824219,20.149999618530273
2021-05-24,66.05000305175781,89.83000183105469,1884.5999755859375,1.6080000400543213,18.399999618530273
2021-05-25,66.06999969482422,89.63999938964844,1898.0999755859375,1.5640000104904175,18.84000015258789
2021-05-26,66.20999908447266,90.04000091552734,1901.300048828125,1.5740000009536743,17.360000610351562
2021-05-27,66.8499984741211,89.97000122070312,1895.699951171875,1.6100000143051147,16.739999771118164
2021-05-28,66.31999969482422,90.02999877929688,1902.5,1.5809999704360962,16.760000228881836
2021-06-01,67.72000122070312,89.83000183105469,1902.9000244140625,1.6150000095367432,17.899999618530273
2021-06-02,68.83000183105469,89.9000015258789,1907.5,1.590999960899353,17.479999542236328
2021-06-03,68.80999755859375,90.5,1871.199951171875,1.625,18.040000915527344
2021-06-04,69.62000274658203,90.13999938964844,1889.800048828125,1.559999942779541,16.420000076293945
2021-06-07,69.2300033569336,89.94999694824219,1896.800048828125,1.569000005722046,16.420000076293945
2021-06-08,70.05000305175781,90.08000183105469,1892.199951171875,1.527999997138977,17.06999969482422
2021-06-09,69.95999908447266,90.12000274658203,1893.199951171875,1.4889999628067017,17.889999389648438
2021-06-10,70.29000091552734,90.08000183105469,1894.199951171875,1.4589999914169312,16.100000381469727
2021-06-11,70.91000366210938,90.55999755859375,1877.4000244140625,1.4620000123977661,15.649999618530273
2021-06-14,70.87999725341797,90.5199966430664,1864.0,1.5010000467300415,16.389999389648438
2021-06-15,72.12000274658203,90.54000091552734,1854.5,1.4989999532699585,17.020000457763672
2021-06-16,72.1500015258789,91.12999725341797,1859.5,1.569000005722046,18.149999618530273
2021-06-17,71.04000091552734,91.88999938964844,1773.800048828125,1.5110000371932983,17.75
2021-06-18,71.63999938964844,92.2300033569336,1767.9000244140625,1.4500000476837158,20.700000762939453
2021-06-21,73.66000366210938,91.86000061035156,1781.800048828125,1.4839999675750732,17.889999389648438
2021-06-22,73.05999755859375,91.7300033569336,1776.300048828125,1.472000002861023,16.65999984741211
2021-06-23,73.08000183105469,91.80000305175781,1782.300048828125,1.4869999885559082,16.31999969482422
2021-06-24,73.30000305175781,91.81999969482422,1775.5999755859375,1.4869999885559082,15.970000267028809
2021-06-25,74.05000305175781,91.80999755859375,1776.5999755859375,1.5360000133514404,15.619999885559082
2021-06-28,72.91000366210938,91.87999725341797,1779.5999755859375,1.4780000448226929,15.760000228881836
2021-06-29,72.9800033569336,92.05000305175781,1762.800048828125,1.4800000190734863,16.020000457763672
2021-06-30,73.47000122070312,92.44000244140625,1770.800048828125,1.4429999589920044,15.829999923706055
2021-07-01,75.2300033569336,92.5999984741211,1775.9000244140625,1.4800000190734863,15.479999542236328
2021-07-02,75.16000366210938,92.2300033569336,1782.5999755859375,1.430999994277954,15.069999694824219
2021-07-06,73.37000274658203,92.55000305175781,1793.5,1.3700000047683716,16.440000534057617
2021-07-07,72.19999694824219,92.63999938964844,1801.5,1.3209999799728394,16.200000762939453
2021-07-08,72.94000244140625,92.36000061035156,1799.5999755859375,1.2879999876022339,19.0
2021-07-09,74.55999755859375,92.12999725341797,1810.0,1.3559999465942383,16.18000030517578
2021-07-12,74.0999984741211,92.2300033569336,1805.5,1.3630000352859497,16.170000076293945
2021-07-13,75.25,92.75,1809.4000244140625,1.4149999618530273,17.1200008392334
2021-07-14,73.12999725341797,92.41000366210938,1824.300048828125,1.3559999465942383,16.329999923706055
2021-07-15,71.6500015258789,92.62000274658203,1828.4000244140625,1.2970000505447388,17.010000228881836
2021-07-16,71.80999755859375,92.69000244140625,1814.5,1.2999999523162842,18.450000762939453
2021-07-19,66.41999816894531,92.88999938964844,1808.699951171875,1.180999994277954,22.5
2021-07-20,67.41999816894531,92.97000122070312,1810.9000244140625,1.2089999914169312,19.729999542236328
2021-07-21,70.30000305175781,92.75,1802.9000244140625,1.2799999713897705,17.90999984741211
2021-07-22,71.91000366210938,92.81999969482422,1805.0,1.2649999856948853,17.690000534057617
2021-07-23,72.06999969482422,92.91000366210938,1801.4000244140625,1.2860000133514404,17.200000762939453
2021-07-26,71.91000366210938,92.6500015258789,1798.699951171875,1.2760000228881836,17.579999923706055
2021-07-27,71.6500015258789,92.43000030517578,1799.5,1.2339999675750732,19.360000610351562
2021-07-28,72.38999938964844,92.31999969482422,1799.5,1.2610000371932983,18.309999465942383
2021-07-29,73.62000274658203,91.86000061035156,1831.199951171875,1.2690000534057617,17.700000762939453
2021-07-30,73.94999694824219,92.16999816894531,1812.5999755859375,1.2389999628067017,18.239999771118164
2021-08-02,71.26000213623047,92.05000305175781,1818.0999755859375,1.1740000247955322,19.459999084472656
2021-08-03,70.55999755859375,92.08000183105469,1810.0999755859375,1.1759999990463257,18.040000915527344
2021-08-04,68.1500015258789,92.2699966430664,1810.5,1.184000015258789,17.969999313354492
2021-08-05,69.08999633789062,92.23999786376953,1805.0999755859375,1.2170000076293945,17.280000686645508
2021-08-06,68.27999877929688,92.80000305175781,1760.0,1.2899999618530273,16.149999618530273
2021-08-09,66.4800033569336,92.94999694824219,1723.4000244140625,1.3170000314712524,16.719999313354492
2021-08-10,68.29000091552734,93.05999755859375,1728.800048828125,1.3420000076293945,16.790000915527344
2021-08-11,69.25,92.91000366210938,1750.4000244140625,1.3289999961853027,16.170000076293945
2021-08-12,69.08999633789062,93.04000091552734,1749.0,1.3669999837875366,15.59000015258789
2021-08-13,68.44000244140625,92.5199966430664,1775.199951171875,1.2970000505447388,15.449999809265137
2021-08-16,67.29000091552734,92.62999725341797,1786.9000244140625,1.2569999694824219,16.1200008392334
2021-08-17,66.58999633789062,93.12999725341797,1785.0,1.2580000162124634,17.90999984741211
2021-08-18,65.45999908447266,93.13999938964844,1781.5999755859375,1.2730000019073486,21.56999969482422
2021-08-19,63.689998626708984,93.56999969482422,1780.199951171875,1.2419999837875366,21.670000076293945
2021-08-20,62.31999969482422,93.5,1781.0,1.2599999904632568,18.559999465942383
2021-08-23,65.63999938964844,92.95999908447266,1803.199951171875,1.2549999952316284,17.149999618530273
2021-08-24,67.54000091552734,92.88999938964844,1805.5999755859375,1.2899999618530273,17.219999313354492
2021-08-25,68.36000061035156,92.83000183105469,1788.199951171875,1.3420000076293945,16.790000915527344
2021-08-26,67.41999816894531,93.05999755859375,1792.199951171875,1.3420000076293945,18.84000015258789
2021-08-27,68.73999786376953,92.69000244140625,1816.5999755859375,1.312000036239624,16.389999389648438
2021-08-30,69.20999908447266,92.6500015258789,1809.0,1.284999966621399,16.190000534057617
2021-08-31,68.5,92.62999725341797,1815.0,1.3040000200271606,16.479999542236328
2021-09-01,68.58999633789062,92.44999694824219,1813.0999755859375,1.3020000457763672,16.110000610351562
2021-09-02,69.98999786376953,92.2300033569336,1808.699951171875,1.2940000295639038,16.40999984741211
2021-09-03,69.29000091552734,92.04000091552734,1830.9000244140625,1.3220000267028809,16.40999984741211
2021-09-07,68.3499984741211,92.5199966430664,1795.9000244140625,1.3700000047683716,18.139999389648438
2021-09-08,69.30000305175781,92.6500015258789,1790.699951171875,1.3339999914169312,17.959999084472656
2021-09-09,68.13999938964844,92.4800033569336,1797.4000244140625,1.2990000247955322,18.799999237060547
2021-09-10,69.72000122070312,92.58000183105469,1789.5999755859375,1.340999960899353,20.950000762939453
2021-09-13,70.44999694824219,92.62000274658203,1792.0,1.3240000009536743,19.3700008392334
2021-09-14,70.45999908447266,92.6500015258789,1804.699951171875,1.2769999504089355,19.459999084472656
2021-09-15,72.61000061035156,92.48999786376953,1792.4000244140625,1.3040000200271606,18.18000030517578
2021-09-16,72.61000061035156,92.86000061035156,1754.5999755859375,1.3309999704360962,18.690000534057617
2021-09-17,71.97000122070312,93.19999694824219,1749.4000244140625,1.3700000047683716,20.809999465942383
2021-09-20,70.29000091552734,93.23999786376953,1761.800048828125,1.309000015258789,25.709999084472656
2021-09-21,70.55999755859375,93.19999694824219,1776.0,1.3240000009536743,24.360000610351562
2021-09-22,72.2300033569336,93.45999908447266,1776.699951171875,1.3359999656677246,20.8700008392334
2021-09-23,73.30000305175781,93.0999984741211,1747.699951171875,1.409999966621399,18.6299991607666
2021-09-24,73.9800033569336,93.33000183105469,1749.699951171875,1.4600000381469727,17.75
2021-09-27,75.44999694824219,93.37999725341797,1750.0,1.4839999675750732,18.760000228881836
2021-09-28,75.29000091552734,93.7699966430664,1735.800048828125,1.534000039100647,23.25
2021-09-29,74.83000183105469,94.33999633789062,1721.5,1.5410000085830688,22.559999465942383
2021-09-30,75.02999877929688,94.25,1755.300048828125,1.5290000438690186,23.139999389648438
2021-10-01,75.87999725341797,94.04000091552734,1757.0,1.4789999723434448,21.100000381469727
2021-10-04,77.62000274658203,93.80999755859375,1766.199951171875,1.4809999465942383,22.959999084472656
2021-10-05,78.93000030517578,93.9800033569336,1759.5999755859375,1.5290000438690186,21.299999237060547
2021-10-06,77.43000030517578,94.2699966430664,1760.5,1.5240000486373901,21.0
2021-10-07,78.30000305175781,94.22000122070312,1757.9000244140625,1.5709999799728394,19.540000915527344
2021-10-08,79.3499984741211,94.06999969482422,1756.300048828125,1.6050000190734863,18.770000457763672
2021-10-11,80.5199966430664,94.31999969482422,1754.5999755859375,1.6139999628067017,20.0
2021-10-12,80.63999938964844,94.5199966430664,1758.300048828125,1.5800000429153442,19.850000381469727
2021-10-13,80.44000244140625,94.08000183105469,1793.699951171875,1.5490000247955322,18.639999389648438
2021-10-14,81.30999755859375,93.95999908447266,1796.699951171875,1.5190000534057617,16.860000610351562
2021-10-15,82.27999877929688,93.94000244140625,1767.199951171875,1.5759999752044678,16.299999237060547
2021-10-18,82.44000244140625,93.94999694824219,1764.800048828125,1.5839999914169312,16.309999465942383
2021-10-19,82.95999908447266,93.79000091552734,1769.699951171875,1.6349999904632568,15.699999809265137
2021-10-20,83.87000274658203,93.55999755859375,1784.0999755859375,1.6360000371932983,15.489999771118164
2021-10-21,82.5,93.7699966430664,1781.199951171875,1.6759999990463257,15.010000228881836
2021-10-22,83.76000213623047,93.61000061035156,1795.5,1.6549999713897705,15.430000305175781
2021-10-25,83.76000213623047,93.80999755859375,1806.0,1.6349999904632568,15.239999771118164
2021-10-26,84.6500015258789,93.94999694824219,1792.699951171875,1.61899995803833,15.979999542236328
2021-10-27,82.66000366210938,93.86000061035156,1797.9000244140625,1.5290000438690186,16.979999542236328
2021-10-28,82.80999755859375,93.3499984741211,1801.5999755859375,1.5679999589920044,16.530000686645508
2021-10-29,83.56999969482422,94.12000274658203,1783.0,1.5570000410079956,16.260000228881836
2021-11-01,84.05000305175781,93.87999725341797,1795.0999755859375,1.5750000476837158,16.40999984741211
2021-11-02,83.91000366210938,94.08999633789062,1788.699951171875,1.5490000247955322,16.030000686645508
2021-11-03,80.86000061035156,93.86000061035156,1763.5999755859375,1.5789999961853027,15.100000381469727
2021-11-04,78.80999755859375,94.3499984741211,1793.0,1.5240000486373901,15.4399995803833
2021-11-05,81.2699966430664,94.31999969482422,1816.4000244140625,1.4529999494552612,16.479999542236328
2021-11-08,81.93000030517578,94.05000305175781,1827.4000244140625,1.496999979019165,17.219999313354492
2021-11-09,84.1500015258789,93.95999908447266,1830.199951171875,1.4320000410079956,17.780000686645508
2021-11-10,81.33999633789062,94.8499984741211,1847.5999755859375,1.559999942779541,18.729999542236328
2021-11-11,81.58999633789062,95.18000030517578,1863.199951171875,1.559999942779541,17.65999984741211
2021-11-12,80.79000091552734,95.12999725341797,1867.9000244140625,1.5820000171661377,16.290000915527344
2021-11-15,80.87999725341797,95.41000366210938,1866.0999755859375,1.6230000257492065,16.489999771118164
2021-11-16,80.76000213623047,95.91999816894531,1853.5999755859375,1.6339999437332153,16.3700008392334
2021-11-17,78.36000061035156,95.83000183105469,1869.699951171875,1.6039999723434448,17.110000610351562
2021-11-18,79.01000213623047,95.54000091552734,1861.0,1.5889999866485596,17.59000015258789
2021-11-19,76.0999984741211,96.06999969482422,1851.199951171875,1.5360000133514404,17.90999984741211
2021-11-22,76.75,96.5,1806.0,1.625,19.170000076293945
2021-11-23,78.5,96.48999786376953,1783.5,1.6670000553131104,19.3799991607666
2021-11-24,78.38999938964844,96.83999633789062,1784.0999755859375,1.6449999809265137,18.579999923706055
2021-11-26,68.1500015258789,96.08999633789062,1785.300048828125,1.4819999933242798,28.6200008392334
2021-11-29,69.94999694824219,96.33999633789062,1782.300048828125,1.5299999713897705,22.959999084472656
2021-11-30,66.18000030517578,95.98999786376953,1773.5999755859375,1.4429999589920044,27.190000534057617
2021-12-01,65.56999969482422,96.05000305175781,1781.5999755859375,1.434000015258789,31.1200008392334
2021-12-02,66.5,96.12999725341797,1760.699951171875,1.4479999542236328,27.950000762939453
2021-12-03,66.26000213623047,96.12000274658203,1782.0,1.343000054359436,30.670000076293945
2021-12-06,69.48999786376953,96.29000091552734,1777.5,1.434000015258789,27.18000030517578
2021-12-07,72.05000305175781,96.37000274658203,1782.5999755859375,1.4800000190734863,21.889999389648438
2021-12-08,72.36000061035156,95.88999938964844,1783.4000244140625,1.5089999437332153,19.899999618530273
2021-12-09,70.94000244140625,96.2699966430664,1774.5999755859375,1.4869999885559082,21.579999923706055
2021-12-10,71.66999816894531,96.05000305175781,1782.9000244140625,1.4889999628067017,18.690000534057617
2021-12-13,71.29000091552734,96.31999969482422,1786.300048828125,1.4240000247955322,20.309999465942383
2021-12-14,70.7300033569336,96.56999969482422,1770.4000244140625,1.437999963760376,21.889999389648438
2021-12-15,70.87000274658203,96.51000213623047,1762.5999755859375,1.4630000591278076,19.290000915527344
2021-12-16,72.37999725341797,96.04000091552734,1796.5999755859375,1.4220000505447388,20.56999969482422
2021-12-17,70.86000061035156,96.56999969482422,1803.800048828125,1.4019999504089355,21.56999969482422
2021-12-20,68.2300033569336,96.55000305175781,1793.699951171875,1.4190000295639038,22.8700008392334
2021-12-21,71.12000274658203,96.48999786376953,1787.9000244140625,1.4869999885559082,21.010000228881836
2021-12-22,72.76000213623047,96.08000183105469,1801.5999755859375,1.4570000171661377,18.6299991607666
2021-12-23,73.79000091552734,96.0199966430664,1811.199951171875,1.4930000305175781,17.959999084472656
2021-12-27,75.56999969482422,96.08999633789062,1808.0999755859375,1.4809999465942383,17.68000030517578
2021-12-28,75.9800033569336,96.19999694824219,1810.199951171875,1.4809999465942383,17.540000915527344
2021-12-29,76.55999755859375,95.93000030517578,1805.0999755859375,1.5429999828338623,16.950000762939453
2021-12-30,76.98999786376953,95.97000122070312,1812.699951171875,1.5149999856948853,17.329999923706055
2021-12-31,75.20999908447266,95.66999816894531,1827.5,1.5119999647140503,17.219999313354492
2022-01-03,76.08000183105469,96.23999786376953,1799.4000244140625,1.628000020980835,16.600000381469727
2022-01-04,76.98999786376953,96.29000091552734,1814.0,1.6679999828338623,16.90999984741211
2022-01-05,77.8499984741211,96.19000244140625,1824.5999755859375,1.7050000429153442,19.729999542236328
2022-01-06,79.45999908447266,96.25,1788.699951171875,1.7330000400543213,19.610000610351562
2022-01-07,78.9000015258789,95.73999786376953,1797.0,1.7710000276565552,18.760000228881836
2022-01-10,78.2300033569336,95.98999786376953,1798.4000244140625,1.7799999713897705,19.399999618530273
2022-01-11,81.22000122070312,95.62000274658203,1818.5999755859375,1.746000051498413,18.40999984741211
2022-01-12,82.63999938964844,95.0,1827.199951171875,1.725000023841858,17.6200008392334
2022-01-13,82.12000274658203,94.79000091552734,1821.199951171875,1.7109999656677246,20.309999465942383
2022-01-14,83.81999969482422,95.16999816894531,1816.5,1.7719999551773071,19.190000534057617
2022-01-18,85.43000030517578,95.7300033569336,1812.300048828125,1.8650000095367432,22.790000915527344
2022-01-19,86.95999908447266,95.51000213623047,1843.0999755859375,1.8270000219345093,23.850000381469727
2022-01-20,86.9000015258789,95.73999786376953,1842.5,1.8329999446868896,25.59000015258789
2022-01-21,85.13999938964844,95.63999938964844,1831.800048828125,1.746999979019165,28.850000381469727
2022-01-24,83.30999755859375,95.91999816894531,1841.699951171875,1.7350000143051147,29.899999618530273
2022-01-25,85.5999984741211,95.94999694824219,1852.699951171875,1.7829999923706055,31.15999984741211
2022-01-26,87.3499984741211,96.48999786376953,1829.9000244140625,1.8480000495910645,31.959999084472656
2022-01-27,86.61000061035156,97.26000213623047,1793.300048828125,1.8070000410079956,30.489999771118164
2022-01-28,86.81999969482422,97.2699966430664,1784.9000244140625,1.781999945640564,27.65999984741211
2022-01-31,88.1500015258789,96.54000091552734,1795.0,1.781999945640564,24.829999923706055
2022-02-01,88.19999694824219,96.38999938964844,1800.300048828125,1.7999999523162842,21.959999084472656
2022-02-02,88.26000213623047,95.94000244140625,1809.199951171875,1.7660000324249268,22.09000015258789
2022-02-03,90.2699966430664,95.37999725341797,1803.0,1.8270000219345093,24.350000381469727
2022-02-04,92.30999755859375,95.4800033569336,1806.5999755859375,1.9299999475479126,23.219999313354492
2022-02-07,91.31999969482422,95.4000015258789,1820.5999755859375,1.9160000085830688,22.860000610351562
2022-02-08,89.36000061035156,95.63999938964844,1826.5999755859375,1.9539999961853027,21.440000534057617
2022-02-09,89.66000366210938,95.48999786376953,1835.199951171875,1.9290000200271606,19.959999084472656
2022-02-10,89.87999725341797,95.55000305175781,1836.199951171875,2.0309998989105225,23.90999984741211
2022-02-11,93.0999984741211,96.08000183105469,1840.800048828125,1.9550000429153442,27.360000610351562
2022-02-14,95.45999908447266,96.37000274658203,1868.0,1.996000051498413,28.329999923706055
2022-02-15,92.06999969482422,95.98999786376953,1854.800048828125,2.0450000762939453,25.700000762939453
2022-02-16,93.66000366210938,95.69999694824219,1870.199951171875,2.046999931335449,24.290000915527344
2022-02-17,91.76000213623047,95.80000305175781,1900.699951171875,1.972000002861023,28.110000610351562
2022-02-18,91.06999969482422,96.04000091552734,1898.5999755859375,1.9320000410079956,27.75
2022-02-22,92.3499984741211,96.02999877929688,1906.0999755859375,1.9479999542236328,28.809999465942383
2022-02-23,92.0999984741211,96.19000244140625,1909.199951171875,1.9769999980926514,31.020000457763672
2022-02-24,92.80999755859375,97.13999938964844,1925.0999755859375,1.968999981880188,30.31999969482422
2022-02-25,91.58999633789062,96.62000274658203,1886.5,1.9859999418258667,27.59000015258789
2022-02-28,95.72000122070312,96.70999908447266,1899.4000244140625,1.8389999866485596,30.149999618530273
2022-03-01,103.41000366210938,97.41000366210938,1942.4000244140625,1.7070000171661377,33.31999969482422
2022-03-02,110.5999984741211,97.38999938964844,1920.9000244140625,1.8650000095367432,30.739999771118164
2022-03-03,107.66999816894531,97.79000091552734,1934.4000244140625,1.843999981880188,30.479999542236328
2022-03-04,115.68000030517578,98.6500015258789,1965.0999755859375,1.7239999771118164,31.979999542236328
2022-03-07,119.4000015258789,99.29000091552734,1993.9000244140625,1.7510000467300415,36.45000076293945
2022-03-08,123.69999694824219,99.05999755859375,2040.0999755859375,1.871999979019165,35.130001068115234
2022-03-09,108.69999694824219,97.97000122070312,1985.9000244140625,1.9479999542236328,32.45000076293945
2022-03-10,106.0199966430664,98.51000213623047,1998.0999755859375,2.010999917984009,30.229999542236328
2022-03-11,109.33000183105469,99.12000274658203,1982.699951171875,2.003999948501587,30.75
2022-03-14,103.01000213623047,99.05999755859375,1959.5999755859375,2.140000104904175,31.770000457763672
2022-03-15,96.44000244140625,99.06999969482422,1928.5,2.1600000858306885,29.829999923706055
2022-03-16,95.04000091552734,98.37999725341797,1908.0,2.187999963760376,26.670000076293945
2022-03-17,102.9800033569336,98.01000213623047,1942.0999755859375,2.191999912261963,25.670000076293945
2022-03-18,104.69999694824219,98.2300033569336,1928.199951171875,2.1480000019073486,23.8700008392334
2022-03-21,112.12000274658203,98.5,1928.5999755859375,2.315000057220459,23.530000686645508
2022-03-22,111.76000213623047,98.48999786376953,1920.699951171875,2.372999906539917,22.940000534057617
2022-03-23,114.93000030517578,98.62000274658203,1936.5999755859375,2.321000099182129,23.56999969482422
2022-03-24,112.33999633789062,98.79000091552734,1961.5999755859375,2.3410000801086426,21.670000076293945
2022-03-25,113.9000015258789,98.80999755859375,1953.800048828125,2.492000102996826,20.809999465942383
2022-03-28,105.95999908447266,99.08999633789062,1939.5999755859375,2.4769999980926514,19.6299991607666
2022-03-29,104.23999786376953,98.4000015258789,1912.0,2.4000000953674316,18.899999618530273
2022-03-30,107.81999969482422,97.79000091552734,1933.5,2.3580000400543213,19.329999923706055
2022-03-31,100.27999877929688,98.30999755859375,1949.199951171875,2.3269999027252197,20.559999465942383
2022-04-01,99.2699966430664,98.62999725341797,1919.0999755859375,2.377000093460083,19.6299991607666
2022-04-04,103.27999877929688,98.98999786376953,1929.199951171875,2.4119999408721924,18.56999969482422
2022-04-05,101.95999908447266,99.47000122070312,1922.9000244140625,2.555999994277954,21.030000686645508
2022-04-06,96.2300033569336,99.5999984741211,1918.4000244140625,2.6089999675750732,22.100000381469727
2022-04-07,96.02999877929688,99.75,1933.800048828125,2.6519999504089355,21.549999237060547
2022-04-08,98.26000213623047,99.80000305175781,1941.5999755859375,2.7130000591278076,21.15999984741211
2022-04-11,94.29000091552734,99.93000030517578,1944.300048828125,2.7799999713897705,24.3700008392334
2022-04-12,100.5999984741211,100.29000091552734,1972.0999755859375,2.7249999046325684,24.260000228881836
2022-04-13,104.25,99.87999725341797,1981.0,2.687000036239624,21.81999969482422
2022-04-14,106.94999694824219,100.31999969482422,1970.9000244140625,2.828000068664551,22.700000762939453
2022-04-18,108.20999908447266,100.77999877929688,1982.9000244140625,2.861999988555908,22.170000076293945
2022-04-19,102.55999755859375,100.95999908447266,1955.699951171875,2.9130001068115234,21.3700008392334
2022-04-20,102.75,100.38999938964844,1952.300048828125,2.8399999141693115,20.31999969482422
2022-04-21,103.79000091552734,100.58000183105469,1944.9000244140625,2.9170000553131104,22.68000030517578
2022-04-22,102.06999969482422,101.22000122070312,1931.0,2.9059998989105225,28.209999084472656
2022-04-25,98.54000091552734,101.75,1893.199951171875,2.8259999752044678,27.020000457763672
2022-04-26,101.69999694824219,102.30000305175781,1901.4000244140625,2.7720000743865967,33.52000045776367
2022-04-27,102.0199966430664,102.94999694824219,1885.9000244140625,2.818000078201294,31.600000381469727
2022-04-28,105.36000061035156,103.62000274658203,1888.699951171875,2.86299991607666,29.989999771118164
2022-04-29,104.69000244140625,102.95999908447266,1909.300048828125,2.88700008392334,33.400001525878906
2022-05-02,105.16999816894531,103.73999786376953,1861.800048828125,2.996000051498413,32.34000015258789
2022-05-03,102.41000366210938,103.47000122070312,1868.800048828125,2.9600000381469727,29.25
2022-05-04,107.80999755859375,102.58999633789062,1867.0,2.9170000553131104,25.420000076293945
2022-05-05,108.26000213623047,103.75,1874.0,3.065999984741211,31.200000762939453
2022-05-06,109.7699966430664,103.66000366210938,1881.199951171875,3.122999906539917,30.190000534057617
2022-05-09,103.08999633789062,103.6500015258789,1857.0999755859375,3.0789999961853027,34.75
2022-05-10,99.76000213623047,103.91999816894531,1839.9000244140625,2.993000030517578,32.9900016784668
2022-05-11,105.70999908447266,103.8499984741211,1852.5999755859375,2.9210000038146973,32.560001373291016
2022-05-12,106.12999725341797,104.8499984741211,1823.800048828125,2.816999912261963,31.770000457763672
2022-05-13,110.48999786376953,104.55999755859375,1807.4000244140625,2.934999942779541,28.8700008392334
2022-05-16,114.19999694824219,104.19000244140625,1813.5,2.877000093460083,27.469999313354492
2022-05-17,112.4000015258789,103.36000061035156,1818.199951171875,2.9679999351501465,26.100000381469727
2022-05-18,109.58999633789062,103.80999755859375,1815.9000244140625,2.885999917984009,30.959999084472656
2022-05-19,112.20999908447266,102.72000122070312,1841.199951171875,2.8550000190734863,29.350000381469727
2022-05-20,113.2300033569336,103.1500015258789,1841.800048828125,2.7869999408721924,29.43000030517578
2022-05-23,110.29000091552734,102.08000183105469,1847.800048828125,2.8589999675750732,28.479999542236328
2022-05-24,109.7699966430664,101.86000061035156,1865.0999755859375,2.759999990463257,29.450000762939453
2022-05-25,110.33000183105469,102.05999755859375,1846.199951171875,2.749000072479248,28.3700008392334
2022-05-26,114.08999633789062,101.83000183105469,1847.4000244140625,2.75600004196167,27.5
2022-05-27,115.06999969482422,101.66999816894531,1851.300048828125,2.743000030517578,25.719999313354492
2022-05-31,114.66999816894531,101.75,1842.699951171875,2.8440001010894775,26.190000534057617
2022-06-01,115.26000213623047,102.55000305175781,1843.300048828125,2.930999994277954,25.690000534057617
2022-06-02,116.87000274658203,101.7699966430664,1866.5,2.9130001068115234,24.719999313354492
2022-06-03,118.87000274658203,102.13999938964844,1845.4000244140625,2.9570000171661377,24.790000915527344
2022-06-06,118.5,102.44000244140625,1839.199951171875,3.0380001068115234,25.06999969482422
2022-06-07,119.41000366210938,102.31999969482422,1847.5,2.9719998836517334,24.020000457763672
2022-06-08,122.11000061035156,102.54000091552734,1851.9000244140625,3.0290000438690186,23.959999084472656
2022-06-09,121.51000213623047,103.22000122070312,1848.800048828125,3.0439999103546143,26.09000015258789
2022-06-10,120.66999816894531,104.1500015258789,1871.5,3.1559998989105225,27.75
2022-06-13,120.93000030517578,105.08000183105469,1828.0,3.365999937057495,34.02000045776367
2022-06-14,118.93000030517578,105.5199966430664,1809.5,3.4830000400543213,32.689998626708984
2022-06-15,115.30999755859375,105.16000366210938,1815.300048828125,3.3949999809265137,29.6200008392334
2022-06-16,117.58999633789062,103.62999725341797,1845.699951171875,3.306999921798706,32.95000076293945
2022-06-17,109.55999755859375,104.69999694824219,1835.5999755859375,3.239000082015991,31.1299991607666
2022-06-21,110.6500015258789,104.44000244140625,1834.5999755859375,3.306999921798706,30.190000534057617
2022-06-22,106.19000244140625,104.19999694824219,1834.300048828125,3.1559998989105225,28.950000762939453
2022-06-23,104.2699966430664,104.43000030517578,1825.699951171875,3.068000078201294,29.049999237060547
2022-06-24,107.62000274658203,104.19000244140625,1826.5,3.125,27.229999542236328
2022-06-27,109.56999969482422,103.94000244140625,1820.9000244140625,3.194000005722046,26.950000762939453
2022-06-28,111.76000213623047,104.51000213623047,1817.5,3.2060000896453857,28.360000610351562
2022-06-29,109.77999877929688,105.11000061035156,1813.699951171875,3.0929999351501465,28.15999984741211
2022-06-30,105.76000213623047,104.69000244140625,1804.0999755859375,2.9719998836517334,28.709999084472656
2022-07-01,108.43000030517578,105.13999938964844,1798.9000244140625,2.8889999389648438,26.700000762939453
2022-07-05,99.5,106.5,1761.800048828125,2.809000015258789,27.540000915527344
2022-07-06,98.52999877929688,107.0999984741211,1734.9000244140625,2.9130001068115234,26.729999542236328
2022-07-07,102.7300033569336,107.12999725341797,1737.9000244140625,3.007999897003174,26.079999923706055
2022-07-08,104.79000091552734,107.01000213623047,1740.5999755859375,3.1010000705718994,24.639999389648438
2022-07-11,104.08999633789062,108.0199966430664,1730.0,2.990999937057495,26.170000076293945
2022-07-12,95.83999633789062,108.06999969482422,1723.300048828125,2.9579999446868896,27.290000915527344
2022-07-13,96.30000305175781,107.95999908447266,1734.199951171875,2.9040000438690186,26.81999969482422
2022-07-14,95.77999877929688,108.54000091552734,1704.5,2.9600000381469727,26.399999618530273
2022-07-15,97.58999633789062,108.05999755859375,1702.4000244140625,2.930000066757202,24.229999542236328
2022-07-18,102.5999984741211,107.37000274658203,1709.199951171875,2.9600000381469727,25.299999237060547
2022-07-19,104.22000122070312,106.68000030517578,1710.0,3.0190000534057617,24.5
2022-07-20,102.26000213623047,107.08000183105469,1699.5,3.0360000133514404,23.8799991607666
2022-07-21,96.3499984741211,106.91000366210938,1712.699951171875,2.9100000858306885,23.110000610351562
2022-07-22,94.69999694824219,106.7300033569336,1727.0999755859375,2.7829999923706055,23.030000686645508
2022-07-25,96.69999694824219,106.4800033569336,1719.0,2.819999933242798,23.360000610351562
2022-07-26,94.9800033569336,107.19000244140625,1717.699951171875,2.7869999408721924,24.690000534057617
2022-07-27,97.26000213623047,106.44999694824219,1719.0999755859375,2.7339999675750732,23.239999771118164
2022-07-28,96.41999816894531,106.3499984741211,1750.300048828125,2.680999994277954,22.329999923706055
2022-07-29,98.62000274658203,105.9000015258789,1762.9000244140625,2.6419999599456787,21.329999923706055
2022-08-01,93.88999938964844,105.44999694824219,1769.0,2.6059999465942383,22.84000015258789
2022-08-02,94.41999816894531,106.23999786376953,1771.0999755859375,2.740999937057495,23.93000030517578
2022-08-03,90.66000366210938,106.51000213623047,1758.0,2.747999906539917,21.950000762939453
2022-08-04,88.54000091552734,105.69000244140625,1788.5,2.6760001182556152,21.440000534057617
2022-08-05,89.01000213623047,106.62000274658203,1772.9000244140625,2.8399999141693115,21.149999618530273
2022-08-08,90.76000213623047,106.44000244140625,1786.800048828125,2.765000104904175,21.290000915527344
2022-08-09,90.5,106.37000274658203,1794.0,2.796999931335449,21.770000457763672
2022-08-10,91.93000030517578,105.19999694824219,1795.5999755859375,2.7860000133514404,19.739999771118164
2022-08-11,94.33999633789062,105.08999633789062,1789.699951171875,2.888000011444092,20.200000762939453
2022-08-12,92.08999633789062,105.62999725341797,1798.5999755859375,2.8489999771118164,19.530000686645508
2022-08-15,89.41000366210938,106.55000305175781,1781.4000244140625,2.7909998893737793,19.950000762939453
2022-08-16,86.52999877929688,106.5,1773.199951171875,2.8239998817443848,19.690000534057617
2022-08-17,88.11000061035156,106.56999969482422,1760.300048828125,2.8929998874664307,19.899999618530273
2022-08-18,90.5,107.4800033569336,1755.300048828125,2.880000114440918,19.559999465942383
2022-08-19,90.7699966430664,108.16999816894531,1747.5999755859375,2.989000082015991,20.600000381469727
2022-08-22,90.2300033569336,109.05000305175781,1734.0,3.0369999408721924,23.799999237060547
2022-08-23,93.73999786376953,108.62000274658203,1746.800048828125,3.053999900817871,24.110000610351562
2022-08-24,94.88999938964844,108.68000030517578,1747.800048828125,3.1059999465942383,22.81999969482422
2022-08-25,92.5199966430664,108.47000122070312,1757.699951171875,3.0260000228881836,21.780000686645508
2022-08-26,93.05999755859375,108.80000305175781,1736.0999755859375,3.0350000858306885,25.559999465942383
2022-08-29,97.01000213623047,108.83999633789062,1736.5999755859375,3.109999895095825,26.209999084472656
2022-08-30,91.63999938964844,108.7699966430664,1723.199951171875,3.109999895095825,26.209999084472656
2022-08-31,89.55000305175781,108.69999694824219,1712.800048828125,3.132999897003174,25.8700008392334
2022-09-01,86.61000061035156,109.69000244140625,1696.5999755859375,3.265000104904175,25.559999465942383
2022-09-02,86.87000274658203,109.52999877929688,1709.800048828125,3.193000078201294,25.469999313354492
2022-09-06,86.87999725341797,110.20999908447266,1700.4000244140625,3.3399999141693115,26.90999984741211
2022-09-07,81.94000244140625,109.83999633789062,1715.300048828125,3.265000104904175,24.639999389648438
2022-09-08,83.54000091552734,109.70999908447266,1708.0,3.2920000553131104,23.610000610351562
2022-09-09,86.79000091552734,109.0,1716.199951171875,3.321000099182129,22.790000915527344
2022-09-12,87.77999877929688,108.33000183105469,1728.0999755859375,3.361999988555908,23.8700008392334
2022-09-13,87.30999755859375,109.81999969482422,1705.0,3.421999931335449,27.270000457763672
2022-09-14,88.4800033569336,109.66000366210938,1696.5,3.4119999408721924,26.15999984741211
2022-09-15,85.0999984741211,109.73999786376953,1665.4000244140625,3.4590001106262207,26.270000457763672
2022-09-16,85.11000061035156,109.76000213623047,1671.699951171875,3.447999954223633,26.299999237060547
2022-09-19,85.7300033569336,109.73999786376953,1666.199951171875,3.490000009536743,25.760000228881836
2022-09-20,84.44999694824219,110.22000122070312,1659.699951171875,3.571000099182129,27.15999984741211
2022-09-21,82.94000244140625,110.63999938964844,1664.5999755859375,3.509999990463257,27.989999771118164
2022-09-22,83.48999786376953,111.3499984741211,1670.800048828125,3.7079999446868896,27.350000381469727
2022-09-23,78.73999786376953,113.19000244140625,1645.300048828125,3.697000026702881,29.920000076293945
2022-09-26,76.70999908447266,114.0999984741211,1623.300048828125,3.878000020980835,32.2599983215332
2022-09-27,78.5,114.11000061035156,1626.699951171875,3.9639999866485596,32.599998474121094
2022-09-28,82.1500015258789,112.5999984741211,1660.4000244140625,3.7049999237060547,30.18000030517578
2022-09-29,81.2300033569336,112.25,1658.5,3.746999979019165,31.84000015258789
2022-09-30,79.48999786376953,112.12000274658203,1662.4000244140625,3.803999900817871,31.6200008392334
2022-10-03,83.62999725341797,111.75,1692.9000244140625,3.6510000228881836,30.100000381469727
2022-10-04,86.5199966430664,110.06999969482422,1721.0999755859375,3.617000102996826,29.06999969482422
2022-10-05,87.76000213623047,111.06999969482422,1711.4000244140625,3.759000062942505,28.549999237060547
2022-10-06,88.44999694824219,112.26000213623047,1711.699951171875,3.8259999752044678,30.520000457763672
2022-10-07,92.63999938964844,112.80000305175781,1700.5,3.882999897003174,31.360000610351562
2022-10-10,91.12999725341797,113.13999938964844,1667.300048828125,3.888000011444092,32.45000076293945
2022-10-11,89.3499984741211,113.22000122070312,1678.699951171875,3.938999891281128,33.630001068115234
2022-10-12,87.2699966430664,113.31999969482422,1670.300048828125,3.9019999504089355,33.56999969482422
2022-10-13,89.11000061035156,112.36000061035156,1670.0,3.9519999027252197,31.940000534057617
2022-10-14,85.61000061035156,113.30999755859375,1641.699951171875,4.010000228881836,32.02000045776367
2022-10-17,85.45999908447266,112.04000091552734,1657.0,4.014999866485596,31.3700008392334
2022-10-18,82.81999969482422,112.12999725341797,1649.0,3.997999906539917,30.5
2022-10-19,85.55000305175781,112.9800033569336,1627.5,4.126999855041504,30.760000228881836
2022-10-20,85.9800033569336,112.87999725341797,1630.800048828125,4.22599983215332,29.979999542236328
2022-10-21,85.05000305175781,112.01000213623047,1651.0,4.2129998207092285,29.690000534057617
2022-10-24,84.58000183105469,111.98999786376953,1648.699951171875,4.234000205993652,29.850000381469727
2022-10-25,85.31999969482422,110.94999694824219,1652.800048828125,4.107999801635742,28.459999084472656
2022-10-26,87.91000366210938,109.69999694824219,1664.0,4.014999866485596,27.280000686645508
2022-10-27,89.08000183105469,110.58999633789062,1660.699951171875,3.937000036239624,27.389999389648438
2022-10-28,87.9000015258789,110.66999816894531,1639.5999755859375,4.010000228881836,25.75
2022-10-31,86.52999877929688,111.52999877929688,1635.9000244140625,4.077000141143799,25.8799991607666
2022-11-01,88.37000274658203,111.4800033569336,1645.0,4.052000045776367,25.809999465942383
2022-11-02,90.0,111.3499984741211,1645.699951171875,4.059000015258789,25.860000610351562
2022-11-03,88.16999816894531,112.93000030517578,1627.300048828125,4.124000072479248,25.299999237060547
2022-11-04,92.61000061035156,110.87999725341797,1672.5,4.156000137329102,24.549999237060547
2022-11-07,91.79000091552734,110.12000274658203,1676.5,4.214000225067139,24.350000381469727
2022-11-08,88.91000366210938,109.62000274658203,1712.0999755859375,4.125999927520752,25.540000915527344
2022-11-09,85.83000183105469,110.55000305175781,1710.0999755859375,4.151000022888184,26.09000015258789
2022-11-10,86.47000122070312,108.20999908447266,1750.300048828125,3.8289999961853027,23.530000686645508
2022-11-11,88.95999908447266,106.29000091552734,1766.0,3.812999963760376,22.520000457763672
2022-11-14,85.87000274658203,106.66000366210938,1773.5999755859375,3.865000009536743,23.729999542236328
2022-11-15,86.91999816894531,106.4000015258789,1773.800048828125,3.7990000247955322,24.540000915527344
2022-11-16,85.58999633789062,106.27999877929688,1773.0,3.691999912261963,24.110000610351562
2022-11-17,81.63999938964844,106.69000244140625,1760.800048828125,3.7750000953674316,23.93000030517578
2022-11-18,80.08000183105469,106.93000030517578,1751.9000244140625,3.818000078201294,23.1200008392334
2022-11-21,79.7300033569336,107.83999633789062,1737.4000244140625,3.825000047683716,22.360000610351562
2022-11-22,80.94999694824219,107.22000122070312,1738.300048828125,3.757999897003174,21.290000915527344
2022-11-23,77.94000244140625,106.08000183105469,1744.9000244140625,3.7060000896453857,20.350000381469727
2022-11-25,76.27999877929688,105.95999908447266,1753.300048828125,3.690999984741211,20.5
2022-11-28,77.23999786376953,106.68000030517578,1740.0999755859375,3.703000068664551,22.209999084472656
2022-11-29,78.19999694824219,106.81999969482422,1748.4000244140625,3.747999906539917,21.889999389648438
2022-11-30,80.55000305175781,105.94999694824219,1746.0,3.703000068664551,20.579999923706055
2022-12-01,81.22000122070312,104.7300033569336,1801.0999755859375,3.5290000438690186,19.84000015258789
2022-12-02,79.9800033569336,104.55000305175781,1795.9000244140625,3.50600004196167,19.059999465942383
2022-12-05,76.93000030517578,105.29000091552734,1767.4000244140625,3.5989999771118164,20.75
2022-12-06,74.25,105.58000183105469,1769.300048828125,3.513000011444092,22.170000076293945
2022-12-07,72.01000213623047,105.0999984741211,1785.5,3.4079999923706055,22.68000030517578
2022-12-08,71.45999908447266,104.7699966430664,1788.699951171875,3.490999937057495,22.290000915527344
2022-12-09,71.0199966430664,104.80999755859375,1798.0999755859375,3.566999912261963,22.829999923706055
2022-12-12,73.16999816894531,105.12999725341797,1780.5,3.6110000610351562,25.0
2022-12-13,75.38999938964844,103.9800033569336,1813.9000244140625,3.500999927520752,22.549999237060547
2022-12-14,77.27999877929688,103.7699966430664,1807.5,3.503000020980835,21.139999389648438
2022-12-15,76.11000061035156,104.55999755859375,1777.199951171875,3.450000047683716,22.829999923706055
2022-12-16,74.29000091552734,104.69999694824219,1790.0,3.4820001125335693,22.6200008392334
2022-12-19,75.19000244140625,104.72000122070312,1787.699951171875,3.5810000896453857,22.420000076293945
2022-12-20,76.08999633789062,103.97000122070312,1815.9000244140625,3.684000015258789,21.479999542236328
2022-12-21,78.29000091552734,104.16000366210938,1815.9000244140625,3.684000015258789,20.06999969482422
2022-12-22,77.48999786376953,104.43000030517578,1787.0,3.6689999103546143,21.969999313354492
2022-12-23,79.55999755859375,104.30999755859375,1795.9000244140625,3.750999927520752,20.8700008392334
2022-12-27,79.52999877929688,104.18000030517578,1814.800048828125,3.859999895095825,21.649999618530273
2022-12-28,78.95999908447266,104.45999908447266,1807.9000244140625,3.88700008392334,22.139999389648438
2022-12-29,78.4000015258789,103.83999633789062,1819.5,3.8350000381469727,21.440000534057617
2022-12-30,80.26000213623047,103.5199966430664,1819.699951171875,3.878999948501587,21.670000076293945
2023-01-03,76.93000030517578,104.5199966430664,1839.699951171875,3.7929999828338623,22.899999618530273
2023-01-04,72.83999633789062,104.25,1852.800048828125,3.7090001106262207,22.010000228881836
2023-01-05,73.66999816894531,105.04000091552734,1834.800048828125,3.7200000286102295,22.459999084472656
2023-01-06,73.7699966430664,103.87999725341797,1864.199951171875,3.569000005722046,21.1299991607666
2023-01-09,74.62999725341797,103.0,1872.699951171875,3.5169999599456787,21.969999313354492
2023-01-10,75.12000274658203,103.23999786376953,1871.5999755859375,3.621000051498413,20.579999923706055
2023-01-11,77.41000366210938,103.19000244140625,1874.5999755859375,3.553999900817871,21.09000015258789
2023-01-12,78.38999938964844,102.25,1895.5,3.4489998817443848,18.829999923706055
2023-01-13,79.86000061035156,102.19999694824219,1918.4000244140625,3.510999917984009,18.350000381469727
2023-01-17,80.18000030517578,102.38999938964844,1907.199951171875,3.5350000858306885,19.360000610351562
2023-01-18,79.4800033569336,102.36000061035156,1904.4000244140625,3.375,20.34000015258789
2023-01-19,80.33000183105469,102.05999755859375,1922.0999755859375,3.3970000743865967,20.520000457763672
2023-01-20,81.30999755859375,102.01000213623047,1926.4000244140625,3.4839999675750732,19.850000381469727
2023-01-23,81.62000274658203,102.13999938964844,1927.0999755859375,3.5250000953674316,19.809999465942383
2023-01-24,80.12999725341797,101.91999816894531,1933.9000244140625,3.4690001010894775,19.200000762939453
2023-01-25,80.1500015258789,101.63999938964844,1941.199951171875,3.4619998931884766,19.079999923706055
2023-01-26,81.01000213623047,101.83999633789062,1929.0999755859375,3.493000030517578,18.729999542236328
2023-01-27,79.68000030517578,101.93000030517578,1928.5999755859375,3.5179998874664307,18.510000228881836
2023-01-30,77.9000015258789,102.27999877929688,1922.9000244140625,3.5510001182556152,19.940000534057617
2023-01-31,78.87000274658203,102.0999984741211,1929.5,3.5290000438690186,19.399999618530273
2023-02-01,76.41000366210938,101.22000122070312,1927.800048828125,3.3970000743865967,17.8700008392334
2023-02-02,75.87999725341797,101.75,1916.300048828125,3.3959999084472656,18.729999542236328
2023-02-03,73.38999938964844,102.91999816894531,1862.9000244140625,3.5320000648498535,18.329999923706055
2023-02-06,74.11000061035156,103.62000274658203,1866.199951171875,3.634000062942505,19.43000030517578
2023-02-07,77.13999938964844,103.43000030517578,1871.699951171875,3.6740000247955322,18.65999984741211
2023-02-08,78.47000122070312,103.41000366210938,1877.4000244140625,3.6530001163482666,19.6299991607666
2023-02-09,78.05999755859375,103.22000122070312,1866.199951171875,3.683000087738037,20.709999084472656
2023-02-10,79.72000122070312,103.62999725341797,1862.800048828125,3.74399995803833,20.530000686645508
2023-02-13,80.13999938964844,103.3499984741211,1851.9000244140625,3.7170000076293945,20.34000015258789
2023-02-14,79.05999755859375,103.2300033569336,1854.0,3.760999917984009,18.90999984741211
2023-02-15,78.58999633789062,103.91999816894531,1834.199951171875,3.809000015258789,18.229999542236328
2023-02-16,78.48999786376953,103.86000061035156,1842.0,3.8429999351501465,20.170000076293945
2023-02-17,76.33999633789062,103.86000061035156,1840.4000244140625,3.828000068664551,20.020000457763672
2023-02-21,76.16000366210938,104.18000030517578,1833.0,3.9549999237060547,22.8700008392334
2023-02-22,73.94999694824219,104.58999633789062,1832.0,3.9230000972747803,22.290000915527344
2023-02-23,75.38999938964844,104.5999984741211,1818.0,3.878999948501587,21.139999389648438
2023-02-24,76.31999969482422,105.20999908447266,1808.800048828125,3.9489998817443848,21.670000076293945
2023-02-27,75.68000030517578,104.66999816894531,1817.0,3.921999931335449,20.950000762939453
2023-02-28,77.05000305175781,104.87000274658203,1828.9000244140625,3.9159998893737793,20.700000762939453
2023-03-01,77.69000244140625,104.4800033569336,1837.699951171875,3.99399995803833,20.579999923706055
2023-03-02,78.16000366210938,105.02999877929688,1833.5,4.072999954223633,19.59000015258789
2023-03-03,79.68000030517578,104.5199966430664,1847.699951171875,3.9639999866485596,18.489999771118164
2023-03-06,80.45999908447266,104.3499984741211,1847.9000244140625,3.9830000400543213,18.610000610351562
2023-03-07,77.58000183105469,105.62000274658203,1813.9000244140625,3.9749999046325684,19.59000015258789
2023-03-08,76.66000366210938,105.66000366210938,1812.699951171875,3.9760000705718994,19.110000610351562
2023-03-09,75.72000122070312,105.30999755859375,1829.300048828125,3.924999952316284,22.610000610351562
2023-03-10,76.68000030517578,104.58000183105469,1862.0,3.694999933242798,24.799999237060547
2023-03-13,74.80000305175781,103.5999984741211,1911.699951171875,3.515000104904175,26.520000457763672
2023-03-14,71.33000183105469,103.5999984741211,1906.199951171875,3.638000011444092,23.729999542236328
2023-03-15,67.61000061035156,104.6500015258789,1926.5999755859375,3.492000102996826,26.139999389648438
2023-03-16,68.3499984741211,104.41999816894531,1919.0,3.5850000381469727,22.989999771118164
2023-03-17,66.73999786376953,103.70999908447266,1969.800048828125,3.3949999809265137,25.510000228881836
2023-03-20,67.63999938964844,103.27999877929688,1979.199951171875,3.4809999465942383,24.149999618530273
2023-03-21,69.33000183105469,103.26000213623047,1938.0,3.6059999465942383,21.3799991607666
2023-03-22,70.9000015258789,102.3499984741211,1946.800048828125,3.5,22.260000228881836
2023-03-23,69.95999908447266,102.52999877929688,1993.800048828125,3.4059998989105225,22.610000610351562
2023-03-24,69.26000213623047,103.12000274658203,1982.0999755859375,3.380000114440918,21.739999771118164
2023-03-27,72.80999755859375,102.86000061035156,1952.4000244140625,3.5280001163482666,20.600000381469727
2023-03-28,73.19999694824219,102.43000030517578,1972.4000244140625,3.563999891281128,19.969999313354492
2023-03-29,72.97000122070312,102.63999938964844,1966.0999755859375,3.565999984741211,19.1200008392334
2023-03-30,74.37000274658203,102.13999938964844,1980.300048828125,3.5510001182556152,19.020000457763672
2023-03-31,75.66999816894531,102.51000213623047,1969.0,3.49399995803833,18.700000762939453
2023-04-03,80.41999816894531,102.08999633789062,1983.9000244140625,3.430000066757202,18.549999237060547
2023-04-04,80.70999908447266,101.58999633789062,2022.199951171875,3.3369998931884766,19.0
2023-04-05,80.61000061035156,101.8499984741211,2020.9000244140625,3.2869999408721924,19.079999923706055
2023-04-06,80.69999694824219,101.81999969482422,2011.9000244140625,3.2880001068115234,18.399999618530273
2023-04-10,79.73999786376953,102.58000183105469,1989.0999755859375,3.4149999618530273,18.969999313354492
2023-04-11,81.52999877929688,102.19999694824219,2004.800048828125,3.434000015258789,19.100000381469727
2023-04-12,83.26000213623047,101.5,2010.9000244140625,3.4210000038146973,19.09000015258789
2023-04-13,82.16000366210938,101.01000213623047,2041.300048828125,3.4519999027252197,17.799999237060547
2023-04-14,82.5199966430664,101.55000305175781,2002.199951171875,3.5220000743865967,17.06999969482422
2023-04-17,80.83000183105469,102.0999984741211,1994.199951171875,3.5910000801086426,16.950000762939453
2023-04-18,80.86000061035156,101.75,2007.4000244140625,3.572000026702881,16.829999923706055
2023-04-19,79.16000366210938,101.97000122070312,1995.199951171875,3.6019999980926514,16.459999084472656
2023-04-20,77.29000091552734,101.83999633789062,2007.5999755859375,3.5450000762939453,17.170000076293945
2023-04-21,77.87000274658203,101.81999969482422,1979.5,3.569999933242798,16.770000457763672
2023-04-24,78.76000213623047,101.3499984741211,1989.0999755859375,3.515000104904175,16.889999389648438
2023-04-25,77.06999969482422,101.86000061035156,1994.0,3.3959999084472656,18.760000228881836
2023-04-26,74.30000305175781,101.47000122070312,1985.699951171875,3.431999921798706,18.84000015258789
2023-04-27,74.76000213623047,101.5,1989.9000244140625,3.5280001163482666,17.030000686645508
2023-04-28,76.77999877929688,101.66999816894531,1990.0999755859375,3.4519999027252197,15.779999732971191
2023-05-01,75.66000366210938,102.1500015258789,1983.4000244140625,3.5739998817443848,16.079999923706055
2023-05-02,71.66000366210938,101.95999908447266,2014.300048828125,3.438999891281128,17.780000686645508
2023-05-03,68.5999984741211,101.33999633789062,2028.5999755859375,3.4030001163482666,18.34000015258789
2023-05-04,68.55999755859375,101.4000015258789,2048.0,3.3510000705718994,20.09000015258789
2023-05-05,71.33999633789062,101.20999908447266,2017.4000244140625,3.446000099182129,17.190000534057617
2023-05-08,73.16000366210938,101.37000274658203,2026.300048828125,3.5209999084472656,16.979999542236328
2023-05-09,73.70999908447266,101.63999938964844,2036.199951171875,3.5209999084472656,17.709999084472656
2023-05-10,72.55999755859375,101.4800033569336,2030.5,3.438999891281128,16.940000534057617
2023-05-11,70.87000274658203,102.05999755859375,2014.699951171875,3.3970000743865967,16.93000030517578
2023-05-12,70.04000091552734,102.68000030517578,2014.5,3.4630000591278076,17.030000686645508
2023-05-15,71.11000061035156,102.43000030517578,2018.0,3.507999897003174,17.1200008392334
2023-05-16,70.86000061035156,102.55999755859375,1988.4000244140625,3.5490000247955322,17.989999771118164
2023-05-17,72.83000183105469,102.87999725341797,1980.699951171875,3.5810000896453857,16.8700008392334
2023-05-18,71.86000061035156,103.58000183105469,1956.5,3.6480000019073486,16.049999237060547
2023-05-19,71.55000305175781,103.19999694824219,1978.699951171875,3.691999912261963,16.809999465942383
2023-05-22,71.98999786376953,103.19999694824219,1974.800048828125,3.7190001010894775,17.209999084472656
2023-05-23,72.91000366210938,103.48999786376953,1972.4000244140625,3.697999954223633,18.530000686645508
2023-05-24,74.33999633789062,103.88999938964844,1962.800048828125,3.7190001010894775,20.030000686645508
2023-05-25,71.83000183105469,104.20999908447266,1943.0999755859375,3.813999891281128,19.139999389648438
2023-05-26,72.66999816894531,104.20999908447266,1944.0999755859375,3.809999942779541,17.950000762939453
2023-05-30,69.45999908447266,104.16999816894531,1958.0,3.700000047683716,17.459999084472656
2023-05-31,68.08999633789062,104.31999969482422,1963.9000244140625,3.63700008392334,17.940000534057617
2023-06-01,70.0999984741211,103.55999755859375,1978.0,3.6080000400543213,15.649999618530273
2023-06-02,71.73999786376953,104.0199966430664,1952.4000244140625,3.690999984741211,14.600000381469727
2023-06-05,72.1500015258789,104.0,1958.0,3.693000078201294,14.729999542236328
2023-06-06,71.73999786376953,104.12999725341797,1965.5,3.6989998817443848,13.960000038146973
2023-06-07,72.52999877929688,104.0999984741211,1942.699951171875,3.7839999198913574,13.9399995803833
2023-06-08,71.29000091552734,103.33999633789062,1963.5999755859375,3.7139999866485596,13.649999618530273
2023-06-09,70.16999816894531,103.55999755859375,1962.199951171875,3.744999885559082,13.829999923706055
2023-06-12,67.12000274658203,103.62999725341797,1955.300048828125,3.765000104904175,15.010000228881836
2023-06-13,69.41999816894531,103.33999633789062,1944.5999755859375,3.8389999866485596,14.609999656677246
2023-06-14,68.2699966430664,103.01000213623047,1955.300048828125,3.7960000038146973,13.880000114440918
2023-06-15,70.62000274658203,102.12000274658203,1957.800048828125,3.7279999256134033,14.5
2023-06-16,71.77999877929688,102.30000305175781,1958.4000244140625,3.7690000534057617,13.539999961853027
2023-06-20,70.5,102.54000091552734,1935.5,3.7290000915527344,13.880000114440918
2023-06-21,72.52999877929688,102.06999969482422,1933.300048828125,3.7230000495910645,13.199999809265137
2023-06-22,69.51000213623047,102.38999938964844,1912.699951171875,3.7990000247955322,12.90999984741211
2023-06-23,69.16000366210938,102.9000015258789,1919.0999755859375,3.739000082015991,13.4399995803833
2023-06-26,69.37000274658203,102.69000244140625,1923.699951171875,3.7190001010894775,14.25
2023-06-27,67.69999694824219,102.48999786376953,1914.0,3.7679998874664307,13.739999771118164
2023-06-28,69.55999755859375,102.91000366210938,1912.300048828125,3.7100000381469727,13.430000305175781
2023-06-29,69.86000061035156,103.33999633789062,1909.199951171875,3.8540000915527344,13.539999961853027
2023-06-30,70.63999938964844,102.91000366210938,1921.0999755859375,3.819000005722046,13.59000015258789
2023-07-03,69.79000091552734,102.98999786376953,1921.699951171875,3.8580000400543213,13.569999694824219
2023-07-05,71.79000091552734,103.37000274658203,1919.5999755859375,3.944999933242798,14.180000305175781
2023-07-06,71.80000305175781,103.16999816894531,1908.699951171875,4.040999889373779,15.4399995803833
2023-07-07,73.86000061035156,102.2699966430664,1926.199951171875,4.050000190734863,14.829999923706055
2023-07-10,72.98999786376953,101.97000122070312,1925.0,4.00600004196167,15.069999694824219
2023-07-11,74.83000183105469,101.7300033569336,1931.300048828125,3.9800000190734863,14.84000015258789
2023-07-12,75.75,100.5199966430664,1956.199951171875,3.8610000610351562,13.539999961853027
2023-07-13,76.88999938964844,99.7699966430664,1959.199951171875,3.760999917984009,13.609999656677246
2023-07-14,75.41999816894531,99.91000366210938,1960.0999755859375,3.819000005722046,13.34000015258789
2023-07-17,74.1500015258789,99.83999633789062,1952.4000244140625,3.796999931335449,13.479999542236328
2023-07-18,75.75,99.94000244140625,1977.199951171875,3.7890000343322754,13.300000190734863
2023-07-19,75.3499984741211,100.27999877929688,1977.5,3.742000102996826,13.760000228881836
2023-07-20,75.62999725341797,100.87999725341797,1968.300048828125,3.8540000915527344,13.989999771118164
2023-07-21,77.06999969482422,101.06999969482422,1964.300048828125,3.8369998931884766,13.600000381469727
2023-07-24,78.73999786376953,101.3499984741211,1960.300048828125,3.8570001125335693,13.90999984741211
2023-07-25,79.62999725341797,101.3499984741211,1962.0999755859375,3.9119999408721924,13.859999656677246
2023-07-26,78.77999877929688,100.88999938964844,1968.9000244140625,3.8510000705718994,13.1899995803833
2023-07-27,80.08999633789062,101.7699966430664,1945.4000244140625,4.01200008392334,14.40999984741211
2023-07-28,80.58000183105469,101.62000274658203,1960.4000244140625,3.9690001010894775,13.329999923706055
2023-07-31,81.80000305175781,101.86000061035156,1970.5,3.9590001106262207,13.630000114440918
2023-08-01,81.37000274658203,102.30000305175781,1940.699951171875,4.051000118255615,13.930000305175781
2023-08-02,79.48999786376953,102.58999633789062,1937.4000244140625,4.078000068664551,16.09000015258789
2023-08-03,81.55000305175781,102.54000091552734,1932.0,4.189000129699707,15.920000076293945
2023-08-04,82.81999969482422,102.0199966430664,1939.5999755859375,4.059999942779541,17.100000381469727
2023-08-07,81.94000244140625,102.05000305175781,1933.5,4.078000068664551,15.770000457763672
2023-08-08,82.91999816894531,102.52999877929688,1924.0999755859375,4.026000022888184,15.989999771118164
2023-08-09,84.4000015258789,102.48999786376953,1915.4000244140625,4.01200008392334,15.960000038146973
2023-08-10,82.81999969482422,102.5199966430664,1914.4000244140625,4.079999923706055,15.850000381469727
2023-08-11,83.19000244140625,102.83999633789062,1912.9000244140625,4.168000221252441,14.84000015258789
2023-08-14,82.51000213623047,103.19000244140625,1910.5999755859375,4.184000015258789,14.819999694824219
2023-08-15,80.98999786376953,103.20999908447266,1902.5,4.2210001945495605,16.459999084472656
2023-08-16,79.37999725341797,103.41999816894531,1896.0999755859375,4.257999897003174,16.780000686645508
2023-08-17,80.38999938964844,103.44000244140625,1884.0999755859375,4.308000087738037,17.889999389648438
2023-08-18,81.25,103.37999725341797,1886.0999755859375,4.250999927520752,17.299999237060547
2023-08-21,80.72000122070312,103.33000183105469,1893.300048828125,4.3420000076293945,17.1299991607666
2023-08-22,80.3499984741211,103.55999755859375,1896.4000244140625,4.328000068664551,16.969999313354492
2023-08-23,78.88999938964844,103.36000061035156,1918.5,4.197999954223633,15.979999542236328
2023-08-24,79.05000305175781,103.9800033569336,1918.199951171875,4.235000133514404,17.200000762939453
2023-08-25,79.83000183105469,104.08000183105469,1911.0999755859375,4.238999843597412,15.680000305175781
2023-08-28,80.0999984741211,104.05999755859375,1917.9000244140625,4.211999893188477,15.079999923706055
2023-08-29,81.16000366210938,103.55000305175781,1936.5,4.122000217437744,14.449999809265137
2023-08-30,81.62999725341797,103.16000366210938,1944.300048828125,4.118000030517578,13.880000114440918
2023-08-31,83.62999725341797,103.62000274658203,1938.199951171875,4.0929999351501465,13.569999694824219
2023-09-01,85.55000305175781,104.23999786376953,1939.800048828125,4.172999858856201,13.09000015258789
2023-09-05,86.69000244140625,104.80999755859375,1926.199951171875,4.26800012588501,14.010000228881836
2023-09-06,87.54000091552734,104.86000061035156,1918.0999755859375,4.289999961853027,14.449999809265137
2023-09-07,86.87000274658203,105.05999755859375,1917.5,4.260000228881836,14.399999618530273
2023-09-08,87.51000213623047,105.08999633789062,1918.4000244140625,4.257999897003174,13.84000015258789
2023-09-11,87.29000091552734,104.56999969482422,1923.300048828125,4.288000106811523,13.800000190734863
2023-09-12,88.83999633789062,104.70999908447266,1911.300048828125,4.263999938964844,14.229999542236328
2023-09-13,88.5199966430664,104.7699966430664,1909.0999755859375,4.249000072479248,13.479999542236328
2023-09-14,90.16000366210938,105.41000366210938,1910.0,4.288000106811523,12.819999694824219
2023-09-15,90.7699966430664,105.31999969482422,1923.699951171875,4.322000026702881,13.789999961853027
2023-09-18,91.4800033569336,105.19999694824219,1931.5,4.318999767303467,14.0
2023-09-19,91.19999694824219,105.19999694824219,1932.0,4.364999771118164,14.109999656677246
2023-09-20,90.27999877929688,105.16000366210938,1945.5999755859375,4.348999977111816,15.140000343322754
2023-09-21,89.62999725341797,105.36000061035156,1919.199951171875,4.480000019073486,17.540000915527344
2023-09-22,90.02999877929688,105.58000183105469,1925.4000244140625,4.438000202178955,17.200000762939453
2023-09-25,89.68000030517578,106.0,1916.5999755859375,4.541999816894531,16.899999618530273
2023-09-26,90.38999938964844,106.2300033569336,1900.4000244140625,4.558000087738037,18.940000534057617
2023-09-27,93.68000030517578,106.66999816894531,1871.5999755859375,4.625999927520752,18.219999313354492
2023-09-28,91.70999908447266,106.22000122070312,1860.4000244140625,4.5970001220703125,17.34000015258789
2023-09-29,90.79000091552734,106.16999816894531,1848.0999755859375,4.572999954223633,17.520000457763672
2023-10-02,88.81999969482422,106.9000015258789,1830.0,4.683000087738037,17.610000610351562
2023-10-03,89.2300033569336,107.0,1824.5999755859375,4.802000045776367,19.780000686645508
2023-10-04,84.22000122070312,106.80000305175781,1818.5,4.735000133514404,18.579999923706055
2023-10-05,82.30999755859375,106.33000183105469,1816.5999755859375,4.7170000076293945,18.489999771118164
2023-10-06,82.79000091552734,106.04000091552734,1830.199951171875,4.783999919891357,17.450000762939453
2023-10-09,86.37999725341797,106.08000183105469,1849.5,4.796999931335449,17.700000762939453
2023-10-10,85.97000122070312,105.83000183105469,1861.0,4.65500020980835,17.030000686645508
2023-10-11,83.48999786376953,105.81999969482422,1872.800048828125,4.59499979019165,16.09000015258789
2023-10-12,82.91000366210938,106.56999969482422,1869.300048828125,4.711999893188477,16.690000534057617
2023-10-13,87.69000244140625,106.6500015258789,1927.4000244140625,4.629000186920166,19.31999969482422
2023-10-16,86.66000366210938,106.23999786376953,1921.0999755859375,4.711999893188477,17.209999084472656
2023-10-17,86.66000366210938,106.25,1922.699951171875,4.8470001220703125,17.8799991607666
2023-10-18,88.31999969482422,106.56999969482422,1955.300048828125,4.9039998054504395,19.219999313354492
2023-10-19,89.37000274658203,106.25,1968.4000244140625,4.98799991607666,21.399999618530273
2023-10-20,88.75,106.16000366210938,1982.5,4.923999786376953,21.709999084472656
2023-10-23,85.48999786376953,105.54000091552734,1976.300048828125,4.8379998207092285,20.3700008392334
2023-10-24,83.73999786376953,106.2699966430664,1975.0,4.840000152587891,18.969999313354492
2023-10-25,85.38999938964844,106.52999877929688,1984.0999755859375,4.953000068664551,20.190000534057617
2023-10-26,83.20999908447266,106.5999984741211,1987.199951171875,4.84499979019165,20.68000030517578
2023-10-27,85.54000091552734,106.55999755859375,1988.5999755859375,4.84499979019165,21.270000457763672
2023-10-30,82.30999755859375,106.12000274658203,1996.199951171875,4.875,19.75
2023-10-31,81.0199966430664,106.66000366210938,1985.199951171875,4.875,18.139999389648438
2023-11-01,80.44000244140625,106.87999725341797,1978.800048828125,4.789000034332275,16.8700008392334
2023-11-02,82.45999908447266,106.12000274658203,1985.5999755859375,4.669000148773193,15.65999984741211
2023-11-03,80.51000213623047,105.0199966430664,1991.5,4.558000087738037,14.90999984741211
2023-11-06,80.81999969482422,105.22000122070312,1981.5999755859375,4.6620001792907715,14.890000343322754
2023-11-07,77.37000274658203,105.54000091552734,1966.800048828125,4.571000099182129,14.8100004196167
2023-11-08,75.33000183105469,105.58999633789062,1951.5,4.5229997634887695,14.449999809265137
2023-11-09,75.73999786376953,105.91000366210938,1964.199951171875,4.630000114440918,15.289999961853027
2023-11-10,77.16999816894531,105.86000061035156,1932.5999755859375,4.627999782562256,14.170000076293945
2023-11-13,78.26000213623047,105.66000366210938,1945.5,4.631999969482422,14.760000228881836
2023-11-14,78.26000213623047,104.11000061035156,1961.800048828125,4.440999984741211,14.15999984741211
2023-11-15,76.66000366210938,104.38999938964844,1960.0999755859375,4.534999847412109,14.180000305175781
2023-11-16,72.9000015258789,104.37000274658203,1983.9000244140625,4.445000171661377,14.319999694824219
2023-11-17,75.88999938964844,103.81999969482422,1981.5999755859375,4.440999984741211,13.800000190734863
2023-11-20,77.5999984741211,103.47000122070312,1977.699951171875,4.421999931335449,13.40999984741211
2023-11-21,77.7699966430664,103.58999633789062,1999.300048828125,4.418000221252441,13.350000381469727
2023-11-22,77.0999984741211,103.91999816894531,1991.4000244140625,4.415999889373779,12.850000381469727
2023-11-24,75.54000091552734,103.4000015258789,2002.199951171875,4.4720001220703125,12.460000038146973
2023-11-27,74.86000061035156,103.19999694824219,2011.800048828125,4.388999938964844,12.6899995803833
2023-11-28,76.41000366210938,102.75,2039.699951171875,4.335999965667725,12.6899995803833
2023-11-29,77.86000061035156,102.7699966430664,2047.0999755859375,4.270999908447266,12.979999542236328
2023-11-30,75.95999908447266,103.5,2038.0999755859375,4.3520002365112305,12.920000076293945
2023-12-01,74.06999969482422,103.2699966430664,2071.0,4.22599983215332,12.630000114440918
2023-12-04,73.04000091552734,103.63999938964844,2024.0999755859375,4.288000106811523,13.079999923706055
2023-12-05,72.31999969482422,104.05000305175781,2018.5,4.171000003814697,12.850000381469727
2023-12-06,69.37999725341797,104.1500015258789,2030.5,4.120999813079834,12.970000267028809
2023-12-07,69.33999633789062,103.54000091552734,2029.9000244140625,4.129000186920166,13.0600004196167
2023-12-08,71.2300033569336,104.01000213623047,1998.300048828125,4.244999885559082,12.350000381469727
2023-12-11,71.31999969482422,104.0999984741211,1978.0,4.238999843597412,12.630000114440918
2023-12-12,68.61000061035156,103.87000274658203,1977.800048828125,4.205999851226807,12.069999694824219
2023-12-13,69.47000122070312,102.87000274658203,1982.300048828125,4.0329999923706055,12.1899995803833
2023-12-14,71.58000183105469,101.95999908447266,2030.199951171875,3.930000066757202,12.479999542236328
2023-12-15,71.43000030517578,102.55000305175781,2021.0999755859375,3.927999973297119,12.279999732971191
2023-12-18,72.47000122070312,102.51000213623047,2026.300048828125,3.9539999961853027,12.5600004196167
2023-12-19,73.44000244140625,102.16999816894531,2038.4000244140625,3.921999931335449,12.529999732971191
2023-12-20,74.22000122070312,102.41000366210938,2034.5,3.877000093460083,13.670000076293945
2023-12-21,73.88999938964844,101.83999633789062,2039.0999755859375,3.8940000534057617,13.649999618530273
2023-12-22,73.55999755859375,101.69999694824219,2057.10009765625,3.9010000228881836,13.029999732971191
2023-12-26,75.56999969482422,101.47000122070312,2058.199951171875,3.885999917984009,12.989999771118164
2023-12-27,74.11000061035156,100.98999786376953,2081.89990234375,3.7890000343322754,12.430000305175781
2023-12-28,71.7699966430664,101.2300033569336,2073.89990234375,3.8499999046325684,12.470000267028809
2023-12-29,71.6500015258789,101.33000183105469,2062.39990234375,3.865999937057495,12.449999809265137
2024-01-02,70.37999725341797,102.19999694824219,2064.39990234375,3.946000099182129,13.199999809265137
2024-01-03,72.69999694824219,102.45999908447266,2034.199951171875,3.9070000648498535,14.039999961853027
2024-01-04,72.19000244140625,102.41999816894531,2042.300048828125,3.990999937057495,14.130000114440918
2024-01-05,73.80999755859375,102.41000366210938,2042.4000244140625,4.041999816894531,13.350000381469727
2024-01-08,70.7699966430664,102.20999908447266,2026.5999755859375,4.001999855041504,13.079999923706055
2024-01-09,72.23999786376953,102.56999969482422,2026.4000244140625,4.019000053405762,12.760000228881836
2024-01-10,71.37000274658203,102.36000061035156,2021.699951171875,4.03000020980835,12.6899995803833
2024-01-11,72.0199966430664,102.29000091552734,2014.300048828125,3.9769999980926514,12.4399995803833
2024-01-12,72.68000030517578,102.4000015258789,2046.699951171875,3.950000047683716,12.699999809265137
2024-01-16,72.4000015258789,103.36000061035156,2026.0,4.065999984741211,13.84000015258789
2024-01-17,72.55999755859375,103.44999694824219,2002.5999755859375,4.105999946594238,14.789999961853027
2024-01-18,74.08000183105469,103.54000091552734,2018.5999755859375,4.144000053405762,14.130000114440918
2024-01-19,73.41000366210938,103.29000091552734,2026.5,4.145999908447266,13.300000190734863
2024-01-22,75.19000244140625,103.33000183105469,2019.800048828125,4.093999862670898,13.1899995803833
2024-01-23,74.37000274658203,103.62000274658203,2023.699951171875,4.142000198364258,12.550000190734863
2024-01-24,75.08999633789062,103.23999786376953,2013.9000244140625,4.177999973297119,13.140000343322754
2024-01-25,77.36000061035156,103.56999969482422,2016.9000244140625,4.131999969482422,13.449999809265137
2024-01-26,78.01000213623047,103.47000122070312,2016.800048828125,4.159999847412109,13.260000228881836
2024-01-29,76.77999877929688,103.61000061035156,2025.199951171875,4.091000080108643,13.600000381469727
2024-01-30,77.81999969482422,103.4000015258789,2031.5,4.059000015258789,13.3100004196167
2024-01-31,75.8499984741211,103.2699966430664,2048.39990234375,3.9670000076293945,14.350000381469727
2024-02-01,73.81999969482422,103.05000305175781,2053.0,3.86299991607666,13.880000114440918
2024-02-02,72.27999877929688,103.91999816894531,2036.0999755859375,4.0329999923706055,13.850000381469727
2024-02-05,72.77999877929688,104.44999694824219,2025.699951171875,4.164000034332275,13.670000076293945
2024-02-06,73.30999755859375,104.18000030517578,2034.5,4.090000152587891,13.0600004196167
2024-02-07,73.86000061035156,104.04000091552734,2035.199951171875,4.110000133514404,12.829999923706055
2024-02-08,76.22000122070312,104.1500015258789,2032.199951171875,4.170000076293945,12.789999961853027
2024-02-09,76.83999633789062,104.08000183105469,2023.300048828125,4.186999797821045,12.930000305175781
2024-02-12,76.91999816894531,104.16999816894531,2018.199951171875,4.171999931335449,13.930000305175781
2024-02-13,77.87000274658203,104.95999908447266,1992.9000244140625,4.315999984741211,15.850000381469727
2024-02-14,76.63999938964844,104.72000122070312,1990.300048828125,4.267000198364258,14.380000114440918
2024-02-15,78.02999877929688,104.30000305175781,2002.0999755859375,4.239999771118164,14.010000228881836
2024-02-16,79.19000244140625,104.27999877929688,2011.5,4.295000076293945,14.239999771118164
2024-02-20,78.18000030517578,104.08000183105469,2027.5,4.275000095367432,15.420000076293945
2024-02-21,77.91000366210938,104.01000213623047,2022.300048828125,4.324999809265137,15.34000015258789
2024-02-22,78.61000061035156,103.95999908447266,2019.699951171875,4.327000141143799,14.539999961853027
2024-02-23,76.48999786376953,103.94000244140625,2038.5999755859375,4.260000228881836,13.75
2024-02-26,77.58000183105469,103.83000183105469,2028.5,4.298999786376953,13.739999771118164
2024-02-27,78.87000274658203,103.83000183105469,2034.0,4.315000057220459,13.430000305175781
2024-02-28,78.54000091552734,103.9800033569336,2033.0,4.27400016784668,13.84000015258789
2024-02-29,78.26000213623047,104.16000366210938,2045.699951171875,4.251999855041504,13.399999618530273
2024-03-01,79.97000122070312,103.86000061035156,2086.89990234375,4.179999828338623,13.109999656677246
2024-03-04,78.73999786376953,103.83000183105469,2117.699951171875,4.218999862670898,13.489999771118164
2024-03-05,78.1500015258789,103.80000305175781,2133.5,4.13700008392334,14.460000038146973
2024-03-06,79.12999725341797,103.37000274658203,2150.300048828125,4.104000091552734,14.5
2024-03-07,78.93000030517578,102.81999969482422,2158.0,4.0920000076293945,14.4399995803833
2024-03-08,78.01000213623047,102.73999786376953,2178.60009765625,4.089000225067139,14.739999771118164
2024-03-11,77.93000030517578,102.87000274658203,2182.5,4.104000091552734,15.220000267028809
2024-03-12,77.55999755859375,102.95999908447266,2160.39990234375,4.15500020980835,13.84000015258789
2024-03-13,79.72000122070312,102.79000091552734,2175.39990234375,4.191999912261963,13.75
2024-03-14,81.26000213623047,103.36000061035156,2163.0,4.297999858856201,14.399999618530273
2024-03-15,81.04000091552734,103.43000030517578,2157.300048828125,4.303999900817871,14.40999984741211
2024-03-18,82.72000122070312,103.58000183105469,2160.699951171875,4.340000152587891,14.329999923706055
2024-03-19,83.47000122070312,103.80999755859375,2156.300048828125,4.296999931335449,13.819999694824219
2024-03-20,81.68000030517578,103.41000366210938,2157.89990234375,4.2729997634887695,13.039999961853027
2024-03-21,81.06999969482422,104.0,2182.39990234375,4.270999908447266,12.920000076293945
2024-03-22,80.62999725341797,104.43000030517578,2158.10009765625,4.2179999351501465,13.0600004196167
2024-03-25,81.94999694824219,104.2300033569336,2174.800048828125,4.252999782562256,13.1899995803833
2024-03-26,81.62000274658203,104.29000091552734,2175.60009765625,4.234000205993652,13.239999771118164
2024-03-27,81.3499984741211,104.3499984741211,2190.60009765625,4.196000099182129,12.779999732971191
2024-03-28,83.16999816894531,104.55000305175781,2217.39990234375,4.205999851226807,13.010000228881836
2024-04-01,83.70999908447266,105.0199966430664,2236.5,4.328999996185303,13.649999618530273
2024-04-02,85.1500015258789,104.81999969482422,2261.0,4.364999771118164,14.609999656677246
2024-04-03,85.43000030517578,104.25,2294.39990234375,4.355000019073486,14.329999923706055
2024-04-04,86.58999633789062,104.12000274658203,2288.800048828125,4.309000015258789,16.350000381469727
2024-04-05,86.91000366210938,104.30000305175781,2325.699951171875,4.377999782562256,16.030000686645508
2024-04-08,86.43000030517578,104.13999938964844,2331.699951171875,4.423999786376953,15.1899995803833
2024-04-09,85.2300033569336,104.1500015258789,2343.5,4.366000175476074,14.979999542236328
2024-04-10,86.20999908447266,105.25,2329.60009765625,4.559999942779541,15.800000190734863
2024-04-11,85.0199966430664,105.27999877929688,2354.800048828125,4.576000213623047,14.90999984741211
2024-04-12,85.66000366210938,106.04000091552734,2356.199951171875,4.499000072479248,17.309999465942383
2024-04-15,85.41000366210938,106.20999908447266,2365.800048828125,4.627999782562256,19.229999542236328
2024-04-16,85.36000061035156,106.26000213623047,2390.800048828125,4.658999919891357,18.399999618530273
2024-04-17,82.69000244140625,105.94999694824219,2371.699951171875,4.585000038146973,18.209999084472656
2024-04-18,82.7300033569336,106.1500015258789,2382.300048828125,4.646999835968018,18.0
2024-04-19,83.13999938964844,106.1500015258789,2398.39990234375,4.614999771118164,18.709999084472656
2024-04-22,82.8499984741211,106.08000183105469,2332.199951171875,4.623000144958496,16.940000534057617
2024-04-23,83.36000061035156,105.69000244140625,2327.699951171875,4.5980000495910645,15.6899995803833
2024-04-24,82.80999755859375,105.86000061035156,2324.5,4.6519999504089355,15.970000267028809
2024-04-25,83.56999969482422,105.5999984741211,2329.800048828125,4.705999851226807,15.369999885559082
2024-04-26,83.8499984741211,105.94000244140625,2334.800048828125,4.669000148773193,15.029999732971191
2024-04-29,82.62999725341797,105.58000183105469,2345.39990234375,4.613999843597412,14.670000076293945
2024-04-30,81.93000030517578,106.22000122070312,2291.39990234375,4.685999870300293,15.649999618530273
2024-05-01,79.0,105.76000213623047,2299.89990234375,4.59499979019165,15.390000343322754
2024-05-02,78.94999694824219,105.30000305175781,2299.199951171875,4.571000099182129,14.680000305175781
2024-05-03,78.11000061035156,105.02999877929688,2299.0,4.5,13.489999771118164
2024-05-06,78.4800033569336,105.05000305175781,2321.60009765625,4.488999843597412,13.489999771118164
2024-05-07,78.37999725341797,105.41000366210938,2315.199951171875,4.4629998207092285,13.229999542236328
2024-05-08,78.98999786376953,105.55000305175781,2313.60009765625,4.492000102996826,13.0
2024-05-09,79.26000213623047,105.2300033569336,2332.10009765625,4.448999881744385,12.6899995803833
2024-05-10,78.26000213623047,105.30999755859375,2367.300048828125,4.504000186920166,12.550000190734863
2024-05-13,79.12000274658203,105.22000122070312,2336.10009765625,4.480999946594238,13.600000381469727
2024-05-14,78.0199966430664,105.01000213623047,2353.39990234375,4.445000171661377,13.420000076293945
2024-05-15,78.62999725341797,104.3499984741211,2388.699951171875,4.355999946594238,12.449999809265137
2024-05-16,79.2300033569336,104.45999908447266,2380.0,4.376999855041504,12.420000076293945
2024-05-17,80.05999755859375,104.44999694824219,2412.199951171875,4.420000076293945,11.989999771118164
2024-05-20,79.80000305175781,104.56999969482422,2433.89990234375,4.436999797821045,12.149999618530273
2024-05-21,79.26000213623047,104.66000366210938,2421.699951171875,4.414000034332275,11.859999656677246
2024-05-22,77.56999969482422,104.94000244140625,2389.199951171875,4.434000015258789,12.289999961853027
2024-05-23,76.87000274658203,105.11000061035156,2335.0,4.474999904632568,12.770000457763672
2024-05-24,77.72000122070312,104.72000122070312,2332.5,4.4670000076293945,11.930000305175781
2024-05-28,79.83000183105469,104.61000061035156,2355.199951171875,4.541999816894531,12.920000076293945
2024-05-29,79.2300033569336,105.0999984741211,2340.300048828125,4.624000072479248,14.279999732971191
2024-05-30,77.91000366210938,104.72000122070312,2342.89990234375,4.553999900817871,14.470000267028809
2024-05-31,76.98999786376953,104.66999816894531,2322.89990234375,4.513999938964844,12.920000076293945
2024-06-03,74.22000122070312,104.13999938964844,2346.60009765625,4.4019999504089355,13.109999656677246
2024-06-04,73.25,104.11000061035156,2325.5,4.335999965667725,13.15999984741211
2024-06-05,74.06999969482422,104.2699966430664,2354.10009765625,4.289000034332275,12.630000114440918
2024-06-06,75.55000305175781,104.0999984741211,2370.300048828125,4.281000137329102,12.579999923706055
2024-06-07,75.52999877929688,104.88999938964844,2305.199951171875,4.429999828338623,12.220000267028809
2024-06-10,77.73999786376953,105.1500015258789,2307.699951171875,4.468999862670898,12.739999771118164
2024-06-11,77.9000015258789,105.2300033569336,2307.5,4.4039998054504395,12.850000381469727
2024-06-12,78.5,104.6500015258789,2336.0,4.295000076293945,12.039999961853027
2024-06-13,78.62000274658203,105.19999694824219,2300.199951171875,4.23799991607666,11.9399995803833
2024-06-14,78.44999694824219,105.55000305175781,2331.39990234375,4.2129998207092285,12.65999984741211
2024-06-17,80.33000183105469,105.31999969482422,2312.39990234375,4.2789998054504395,12.75
2024-06-18,81.56999969482422,105.26000213623047,2330.39990234375,4.2170000076293945,12.300000190734863
2024-06-20,82.16999816894531,105.58999633789062,2353.800048828125,4.254000186920166,13.279999732971191
2024-06-21,80.7300033569336,105.80000305175781,2316.39990234375,4.256999969482422,13.199999809265137
2024-06-24,81.62999725341797,105.47000122070312,2330.0,4.248000144958496,13.329999923706055
2024-06-25,80.83000183105469,105.61000061035156,2316.60009765625,4.23799991607666,12.84000015258789
2024-06-26,80.9000015258789,106.05000305175781,2299.199951171875,4.315999984741211,12.550000190734863
2024-06-27,81.73999786376953,105.91000366210938,2324.5,4.288000106811523,12.239999771118164
2024-06-28,81.54000091552734,105.87000274658203,2327.699951171875,4.3429999351501465,12.4399995803833
2024-07-01,83.37999725341797,105.9000015258789,2327.60009765625,4.479000091552734,12.220000267028809
2024-07-02,82.80999755859375,105.72000122070312,2323.0,4.435999870300293,12.029999732971191
2024-07-03,83.87999725341797,105.4000015258789,2359.800048828125,4.355000019073486,12.09000015258789
2024-07-05,83.16000366210938,104.87999725341797,2388.5,4.271999835968018,12.479999542236328
2024-07-08,82.33000183105469,105.01000213623047,2355.199951171875,4.269000053405762,12.369999885559082
2024-07-09,81.41000366210938,105.12000274658203,2360.10009765625,4.300000190734863,12.510000228881836
2024-07-10,82.0999984741211,105.05000305175781,2372.199951171875,4.28000020980835,12.850000381469727
2024-07-11,82.62000274658203,104.44000244140625,2415.0,4.192999839782715,12.920000076293945
2024-07-12,82.20999908447266,104.08999633789062,2414.0,4.189000129699707,12.460000038146973
2024-07-15,81.91000366210938,104.19000244140625,2422.89990234375,4.229000091552734,13.119999885559082
2024-07-16,80.76000213623047,104.2699966430664,2462.39990234375,4.166999816894531,13.1899995803833
2024-07-17,82.8499984741211,103.75,2454.800048828125,4.145999908447266,14.479999542236328
2024-07-18,82.81999969482422,104.16999816894531,2451.800048828125,4.189000129699707,15.930000305175781
2024-07-19,80.12999725341797,104.4000015258789,2395.5,4.238999843597412,16.520000457763672
2024-07-22,79.77999877929688,104.30999755859375,2392.0,4.260000228881836,14.90999984741211
2024-07-23,76.95999908447266,104.44999694824219,2404.60009765625,4.238999843597412,14.720000267028809
2024-07-24,77.58999633789062,104.38999938964844,2413.300048828125,4.285999774932861,18.040000915527344
2024-07-25,78.27999877929688,104.36000061035156,2351.89990234375,4.25600004196167,18.459999084472656
2024-07-26,77.16000366210938,104.31999969482422,2380.0,4.199999809265137,16.389999389648438
2024-07-29,75.80999755859375,104.55999755859375,2377.300048828125,4.177999973297119,16.600000381469727
2024-07-30,74.7300033569336,104.55000305175781,2405.0,4.14300012588501,17.690000534057617
2024-07-31,77.91000366210938,104.0999984741211,2426.5,4.109000205993652,16.360000610351562
2024-08-01,76.30999755859375,104.41999816894531,2435.0,3.9760000705718994,18.59000015258789
2024-08-02,73.5199966430664,103.20999908447266,2425.699951171875,3.7920000553131104,23.389999389648438
2024-08-05,72.94000244140625,102.69000244140625,2401.699951171875,3.7850000858306885,38.56999969482422
2024-08-06,73.19999694824219,102.97000122070312,2389.10009765625,3.888000011444092,27.709999084472656
2024-08-07,75.2300033569336,103.19999694824219,2390.5,3.9679999351501465,27.850000381469727
2024-08-08,76.19000244140625,103.20999908447266,2422.199951171875,3.996999979019165,23.790000915527344
2024-08-09,76.83999633789062,103.13999938964844,2432.10009765625,3.941999912261963,20.3700008392334
2024-08-12,80.05999755859375,103.13999938964844,2462.39990234375,3.9089999198913574,20.709999084472656
2024-08-13,78.3499984741211,102.55999755859375,2466.699951171875,3.8519999980926514,18.1200008392334
2024-08-14,76.9800033569336,102.56999969482422,2439.39990234375,3.819999933242798,16.190000534057617
2024-08-15,78.16000366210938,102.9800033569336,2453.10009765625,3.9260001182556152,15.229999542236328
2024-08-16,76.6500015258789,102.45999908447266,2498.60009765625,3.8919999599456787,14.800000190734863
2024-08-19,74.37000274658203,101.88999938964844,2501.800048828125,3.867000102996826,14.649999618530273
2024-08-20,74.04000091552734,101.44000244140625,2511.300048828125,3.818000078201294,15.880000114440918
2024-08-21,71.93000030517578,101.04000091552734,2508.39990234375,3.7780001163482666,16.270000457763672
2024-08-22,73.01000213623047,101.51000213623047,2478.89990234375,3.861999988555908,17.549999237060547
2024-08-23,74.83000183105469,100.72000122070312,2508.39990234375,3.806999921798706,15.859999656677246
2024-08-26,77.41999816894531,100.8499984741211,2517.699951171875,3.818000078201294,16.149999618530273
2024-08-27,75.52999877929688,100.55000305175781,2516.0,3.8329999446868896,15.430000305175781
2024-08-28,74.5199966430664,101.08999633789062,2501.0,3.8410000801086426,17.110000610351562
2024-08-29,75.91000366210938,101.33999633789062,2525.699951171875,3.867000102996826,15.649999618530273
2024-08-30,73.55000305175781,101.69999694824219,2493.800048828125,3.9110000133514404,15.0
2024-09-03,70.33999633789062,101.83000183105469,2489.89990234375,3.8440001010894775,20.719999313354492
2024-09-04,69.19999694824219,101.36000061035156,2493.39990234375,3.7679998874664307,21.31999969482422
2024-09-05,69.1500015258789,101.11000061035156,2511.39990234375,3.7309999465942383,19.899999618530273
2024-09-06,67.66999816894531,101.18000030517578,2493.5,3.7100000381469727,22.3799991607666
2024-09-09,68.70999908447266,101.55000305175781,2501.800048828125,3.697000026702881,19.450000762939453
2024-09-10,65.75,101.62999725341797,2512.300048828125,3.6459999084472656,19.079999923706055
2024-09-11,67.30999755859375,101.68000030517578,2512.10009765625,3.6530001163482666,17.690000534057617
2024-09-12,68.97000122070312,101.37000274658203,2551.199951171875,3.680000066757202,17.06999969482422
2024-09-13,68.6500015258789,101.11000061035156,2581.300048828125,3.6500000953674316,16.559999465942383
2024-09-16,70.08999633789062,100.76000213623047,2580.39990234375,3.621000051498413,17.139999389648438
2024-09-17,71.19000244140625,100.88999938964844,2564.300048828125,3.6419999599456787,17.610000610351562
2024-09-18,70.91000366210938,100.5999984741211,2570.699951171875,3.684999942779541,18.229999542236328
2024-09-19,71.94999694824219,100.61000061035156,2588.0,3.740000009536743,16.329999923706055
2024-09-20,71.91999816894531,100.72000122070312,2619.89990234375,3.7279999256134033,16.149999618530273
2024-09-23,70.37000274658203,100.91999816894531,2626.5,3.739000082015991,15.890000343322754
2024-09-24,71.55999755859375,100.37000274658203,2651.199951171875,3.7360000610351562,15.390000343322754
2024-09-25,69.69000244140625,100.91999816894531,2659.199951171875,3.7809998989105225,15.40999984741211
2024-09-26,67.66999816894531,100.55999755859375,2669.89990234375,3.7909998893737793,15.369999885559082
2024-09-27,68.18000030517578,100.41999816894531,2644.300048828125,3.749000072479248,16.959999084472656
2024-09-30,68.16999816894531,100.77999877929688,2636.10009765625,3.802000045776367,16.729999542236328
2024-10-01,69.83000183105469,101.19000244140625,2667.300048828125,3.743000030517578,19.260000228881836
2024-10-02,70.0999984741211,101.68000030517578,2647.10009765625,3.7850000858306885,18.899999618530273
2024-10-03,73.70999908447266,101.98999786376953,2657.10009765625,3.8499999046325684,20.489999771118164
2024-10-04,74.37999725341797,102.5199966430664,2645.800048828125,3.9809999465942383,19.209999084472656
2024-10-07,77.13999938964844,102.54000091552734,2644.800048828125,4.026000022888184,22.639999389648438
2024-10-08,73.56999969482422,102.55000305175781,2615.0,4.0329999923706055,21.420000076293945
2024-10-09,73.23999786376953,102.93000030517578,2606.0,4.066999912261963,20.860000610351562
2024-10-10,75.8499984741211,102.98999786376953,2620.60009765625,4.0960001945495605,20.93000030517578
2024-10-11,75.55999755859375,102.88999938964844,2657.60009765625,4.072999954223633,20.459999084472656
2024-10-14,73.83000183105469,103.30000305175781,2647.800048828125,4.0980000495910645,19.700000762939453
2024-10-15,70.58000183105469,103.26000213623047,2661.39990234375,4.038000106811523,20.639999389648438
2024-10-16,70.38999938964844,103.58999633789062,2674.0,4.015999794006348,19.579999923706055
2024-10-17,70.66999816894531,103.83000183105469,2691.0,4.0960001945495605,19.110000610351562
2024-10-18,69.22000122070312,103.48999786376953,2713.699951171875,4.072999954223633,18.030000686645508
2024-10-21,70.55999755859375,104.01000213623047,2723.10009765625,4.182000160217285,18.3700008392334
2024-10-22,72.08999633789062,104.08000183105469,2744.199951171875,4.203999996185303,18.200000762939453
2024-10-23,70.7699966430664,104.43000030517578,2714.39990234375,4.242000102996826,19.239999771118164
2024-10-24,70.19000244140625,104.05999755859375,2734.89990234375,4.199999809265137,19.079999923706055
2024-10-25,71.77999877929688,104.26000213623047,2740.89990234375,4.23199987411499,20.329999923706055
2024-10-28,67.37999725341797,104.31999969482422,2742.89990234375,4.2779998779296875,19.799999237060547
2024-10-29,67.20999908447266,104.27999877929688,2768.39990234375,4.27400016784668,19.34000015258789
2024-10-30,68.61000061035156,103.98999786376953,2788.5,4.265999794006348,20.350000381469727
2024-10-31,69.26000213623047,103.9800033569336,2738.300048828125,4.283999919891357,23.15999984741211
2024-11-01,69.48999786376953,104.27999877929688,2738.60009765625,4.361000061035156,21.8799991607666
2024-11-04,71.47000122070312,103.88999938964844,2736.10009765625,4.309000015258789,21.979999542236328
2024-11-05,71.98999786376953,103.41999816894531,2740.300048828125,4.289000034332275,20.489999771118164
2024-11-06,71.69000244140625,105.08999633789062,2667.60009765625,4.426000118255615,16.270000457763672
2024-11-07,72.36000061035156,104.51000213623047,2698.39990234375,4.341000080108643,15.199999809265137
2024-11-08,70.37999725341797,105.0,2687.5,4.306000232696533,14.9399995803833
2024-11-11,68.04000091552734,105.54000091552734,2611.199951171875,4.308000087738037,14.970000267028809
2024-11-12,68.12000274658203,106.0199966430664,2600.0,4.432000160217285,14.710000038146973
2024-11-13,68.43000030517578,106.4800033569336,2580.800048828125,4.451000213623047,14.020000457763672
2024-11-14,68.69999694824219,106.66999816894531,2568.199951171875,4.418000221252441,14.3100004196167
2024-11-15,67.0199966430664,106.69000244140625,2565.699951171875,4.427999973297119,16.139999389648438
2024-11-18,69.16000366210938,106.27999877929688,2610.60009765625,4.414000034332275,15.579999923706055
2024-11-19,69.38999938964844,106.20999908447266,2627.10009765625,4.379000186920166,16.350000381469727
2024-11-20,68.87000274658203,106.68000030517578,2648.199951171875,4.406000137329102,17.15999984741211
2024-11-21,70.0999984741211,106.97000122070312,2672.10009765625,4.432000160217285,16.8700008392334
2024-11-22,71.23999786376953,107.48999786376953,2709.89990234375,4.409999847412109,15.239999771118164
2024-11-25,68.94000244140625,106.81999969482422,2616.800048828125,4.264999866485596,14.600000381469727
2024-11-26,68.7699966430664,107.01000213623047,2620.300048828125,4.302000045776367,14.100000381469727
2024-11-27,68.72000122070312,106.08000183105469,2639.89990234375,4.242000102996826,14.100000381469727
2024-11-29,68.0,105.73999786376953,2657.0,4.177999973297119,13.510000228881836
2024-12-02,68.0999984741211,106.44999694824219,2634.89990234375,4.196000099182129,13.34000015258789
2024-12-03,69.94000244140625,106.37000274658203,2644.699951171875,4.2230000495910645,13.300000190734863
2024-12-04,68.54000091552734,106.33999633789062,2653.800048828125,4.179999828338623,13.449999809265137
2024-12-05,68.30000305175781,105.70999908447266,2626.60009765625,4.179999828338623,13.539999961853027
2024-12-06,67.19999694824219,105.97000122070312,2638.60009765625,4.151000022888184,12.770000457763672
2024-12-09,68.37000274658203,106.1500015258789,2664.89990234375,4.198999881744385,14.1899995803833
2024-12-10,68.58999633789062,106.4000015258789,2697.60009765625,4.2210001945495605,14.180000305175781
2024-12-11,70.29000091552734,106.70999908447266,2733.800048828125,4.270999908447266,13.579999923706055
2024-12-12,70.0199966430664,106.95999908447266,2687.5,4.323999881744385,13.920000076293945
2024-12-13,71.29000091552734,107.0,2656.0,4.39900016784668,13.8100004196167
2024-12-16,70.70999908447266,106.86000061035156,2651.39990234375,4.396999835968018,14.6899995803833
2024-12-17,70.08000183105469,106.95999908447266,2644.39990234375,4.385000228881836,15.869999885559082
2024-12-18,70.58000183105469,108.02999877929688,2636.5,4.49399995803833,27.6200008392334
2024-12-19,69.91000366210938,108.41000366210938,2592.199951171875,4.570000171661377,24.09000015258789
2024-12-20,69.45999908447266,107.62000274658203,2628.699951171875,4.52400016784668,18.360000610351562
2024-12-23,69.23999786376953,108.04000091552734,2612.300048828125,4.598999977111816,16.780000686645508
2024-12-24,70.0999984741211,108.26000213623047,2620.0,4.591000080108643,14.270000457763672
2024-12-26,69.62000274658203,108.12999725341797,2638.800048828125,4.578999996185303,14.729999542236328
2024-12-27,70.5999984741211,108.0,2617.199951171875,4.61899995803833,15.949999809265137
2024-12-30,70.98999786376953,108.12999725341797,2606.10009765625,4.545000076293945,17.399999618530273
2024-12-31,71.72000122070312,108.48999786376953,2629.199951171875,4.572999954223633,17.350000381469727
2025-01-02,73.12999725341797,109.38999938964844,2658.89990234375,4.574999809265137,17.93000030517578
2025-01-03,73.95999908447266,108.94999694824219,2645.0,4.5960001945495605,16.1299991607666
2025-01-06,73.55999755859375,108.26000213623047,2638.39990234375,4.618000030517578,16.040000915527344
2025-01-07,74.25,108.54000091552734,2656.699951171875,4.683000087738037,17.81999969482422
2025-01-08,73.31999969482422,109.08999633789062,2664.5,4.692999839782715,17.700000762939453
2025-01-10,76.56999969482422,109.6500015258789,2708.5,4.776000022888184,19.540000915527344
2025-01-13,78.81999969482422,109.95999908447266,2673.5,4.802999973297119,19.190000534057617
2025-01-14,77.5,109.2699966430664,2677.5,4.788000106811523,18.709999084472656
2025-01-15,80.04000091552734,109.08999633789062,2712.5,4.6529998779296875,16.1200008392334
2025-01-16,78.68000030517578,108.95999908447266,2746.39990234375,4.605999946594238,16.600000381469727
2025-01-17,77.87999725341797,109.3499984741211,2744.300048828125,4.609000205993652,15.970000267028809
2025-01-21,75.88999938964844,108.05999755859375,2755.0,4.573999881744385,15.0600004196167
2025-01-22,75.44000244140625,108.16999816894531,2767.60009765625,4.598999977111816,15.100000381469727
2025-01-23,74.62000274658203,108.05000305175781,2763.10009765625,4.638000011444092,15.020000457763672
2025-01-24,74.66000366210938,107.44000244140625,2777.300048828125,4.625999927520752,14.850000381469727
2025-01-27,73.16999816894531,107.33999633789062,2737.5,4.5279998779296875,17.899999618530273
2025-01-28,73.7699966430664,107.87000274658203,2766.800048828125,4.551000118255615,16.40999984741211
2025-01-29,72.62000274658203,108.0,2769.10009765625,4.554999828338623,16.559999465942383
2025-01-30,72.7300033569336,107.80000305175781,2823.0,4.51200008392334,15.84000015258789
2025-01-31,72.52999877929688,108.37000274658203,2812.5,4.568999767303467,16.43000030517578
2025-02-03,73.16000366210938,108.98999786376953,2833.89990234375,4.543000221252441,18.6200008392334
2025-02-04,72.69999694824219,107.95999908447266,2853.300048828125,4.513000011444092,17.209999084472656
2025-02-05,71.02999877929688,107.58000183105469,2871.60009765625,4.421999931335449,15.770000457763672
2025-02-06,70.61000061035156,107.69000244140625,2856.0,4.440000057220459,15.5
2025-02-07,71.0,108.04000091552734,2867.300048828125,4.486999988555908,16.540000915527344
2025-02-10,72.31999969482422,108.31999969482422,2914.300048828125,4.493000030517578,15.8100004196167
2025-02-11,73.31999969482422,107.95999908447266,2912.5,4.5370001792907715,16.020000457763672
2025-02-12,71.37000274658203,107.94000244140625,2909.0,4.63700008392334,15.890000343322754
2025-02-13,71.29000091552734,107.30999755859375,2925.89990234375,4.525000095367432,15.100000381469727
2025-02-14,70.73999786376953,106.56999969482422,2883.60009765625,4.4720001220703125,14.770000457763672
2025-02-18,71.8499984741211,107.05000305175781,2931.60009765625,4.544000148773193,15.350000381469727
2025-02-19,72.25,107.16999816894531,2919.39990234375,4.534999847412109,15.270000457763672
2025-02-20,72.56999969482422,106.33999633789062,2940.0,4.5,15.65999984741211
2025-02-21,70.4000015258789,106.61000061035156,2937.60009765625,4.420000076293945,18.209999084472656
2025-02-24,70.69999694824219,106.5999984741211,2947.89990234375,4.39300012588501,18.979999542236328
2025-02-25,68.93000030517578,106.30999755859375,2904.5,4.297999858856201,19.43000030517578
2025-02-26,68.62000274658203,106.41999816894531,2916.800048828125,4.249000072479248,19.100000381469727
2025-02-27,70.3499984741211,107.23999786376953,2883.199951171875,4.284999847412109,21.1299991607666
2025-02-28,69.76000213623047,107.61000061035156,2836.800048828125,4.230999946594238,19.6299991607666
2025-03-03,68.37000274658203,106.75,2890.199951171875,4.179999828338623,22.780000686645508
2025-03-04,68.26000213623047,105.73999786376953,2909.60009765625,4.210000038146973,23.510000228881836
2025-03-05,66.30999755859375,105.73999786376953,2915.300048828125,4.264999866485596,21.93000030517578
2025-03-06,66.36000061035156,104.05999755859375,2916.60009765625,4.285999774932861,24.8700008392334
2025-03-07,67.04000091552734,103.83999633789062,2904.699951171875,4.316999912261963,23.3700008392334
2025-03-10,66.02999877929688,103.91000366210938,2891.0,4.2129998207092285,27.860000610351562
2025-03-11,66.25,103.44000244140625,2912.89990234375,4.288000106811523,26.920000076293945
2025-03-12,67.68000030517578,103.61000061035156,2939.10009765625,4.317999839782715,24.229999542236328
2025-03-13,66.55000305175781,103.83000183105469,2984.300048828125,4.27400016784668,24.65999984741211
2025-03-14,67.18000030517578,103.72000122070312,2994.5,4.308000087738037,21.770000457763672
2025-03-17,67.58000183105469,103.37000274658203,3000.0,4.306000232696533,20.510000228881836
2025-03-18,66.9000015258789,103.23999786376953,3035.10009765625,4.281000137329102,21.700000762939453
2025-03-19,67.16000366210938,103.43000030517578,3035.89990234375,4.25600004196167,19.899999618530273
2025-03-20,68.26000213623047,103.8499984741211,3040.0,4.232999801635742,19.799999237060547
2025-03-21,68.27999877929688,104.08999633789062,3018.199951171875,4.251999855041504,19.280000686645508
2025-03-24,69.11000061035156,104.26000213623047,3013.10009765625,4.330999851226807,17.479999542236328
2025-03-25,69.0,104.18000030517578,3023.699951171875,4.307000160217285,17.149999618530273
2025-03-26,69.6500015258789,104.55000305175781,3020.89990234375,4.3379998207092285,18.329999923706055
2025-03-27,69.91999816894531,104.06999969482422,3060.199951171875,4.36899995803833,18.690000534057617
2025-03-28,69.36000061035156,104.04000091552734,3086.5,4.255000114440918,21.649999618530273
2025-03-31,71.4800033569336,104.20999908447266,3122.800048828125,4.245999813079834,22.280000686645508
2025-04-01,71.19999694824219,104.26000213623047,3118.89990234375,4.156000137329102,21.770000457763672
2025-04-02,71.70999908447266,103.80999755859375,3139.89990234375,4.196000099182129,21.510000228881836
2025-04-03,66.94999694824219,102.06999969482422,3097.0,4.054999828338623,30.020000457763672
2025-04-04,61.9900016784668,103.0199966430664,3012.0,3.984999895095825,45.310001373291016
2025-04-07,60.70000076293945,103.26000213623047,2951.300048828125,4.15500020980835,46.97999954223633
2025-04-08,59.58000183105469,102.95999908447266,2968.39990234375,4.26200008392334,52.33000183105469
2025-04-09,62.349998474121094,102.9000015258789,3056.5,4.400000095367432,33.619998931884766
2025-04-10,60.06999969482422,100.87000274658203,3155.199951171875,4.394000053405762,40.720001220703125
2025-04-11,61.5,99.77999877929688,3222.199951171875,4.493000030517578,37.560001373291016
2025-04-14,61.529998779296875,99.63999938964844,3204.800048828125,4.363999843597412,30.889999389648438
2025-04-15,61.33000183105469,100.22000122070312,3218.699951171875,4.322999954223633,30.1200008392334
2025-04-16,62.470001220703125,99.37999725341797,3326.60009765625,4.2789998054504395,32.63999938964844
2025-04-17,64.68000030517578,99.37999725341797,3308.699951171875,4.333000183105469,29.649999618530273
2025-04-21,63.08000183105469,98.27999877929688,3406.199951171875,4.40500020980835,33.81999969482422
2025-04-22,64.30999755859375,98.91999816894531,3400.800048828125,4.388999938964844,30.56999969482422
2025-04-23,62.27000045776367,99.83999633789062,3276.300048828125,4.38700008392334,28.450000762939453
2025-04-24,62.790000915527344,99.29000091552734,3332.0,4.304999828338623,26.469999313354492
2025-04-25,63.02000045776367,99.47000122070312,3282.39990234375,4.265999794006348,24.84000015258789
2025-04-28,62.04999923706055,99.01000213623047,3332.5,4.216000080108643,25.149999618530273
2025-04-29,60.41999816894531,99.23999786376953,3318.800048828125,4.172999858856201,24.170000076293945
2025-04-30,58.209999084472656,99.47000122070312,3305.0,4.177000045776367,24.700000762939453
2025-05-01,59.2400016784668,100.25,3210.0,4.230999946594238,24.600000381469727
2025-05-02,58.290000915527344,100.0,3231.89990234375,4.322000026702881,22.68000030517578
2025-05-05,57.130001068115234,99.83000183105469,3311.300048828125,4.3429999351501465,23.639999389648438
2025-05-06,59.09000015258789,99.23999786376953,3411.39990234375,4.308000087738037,24.760000228881836
2025-05-07,58.06999969482422,99.61000061035156,3381.39990234375,4.275000095367432,23.549999237060547
2025-05-08,59.90999984741211,100.63999938964844,3296.60009765625,4.373000144958496,22.479999542236328
2025-05-09,61.02000045776367,100.33999633789062,3335.39990234375,4.375,21.899999618530273
2025-05-12,61.95000076293945,101.79000091552734,3220.0,4.456999778747559,18.389999389648438
2025-05-13,63.66999816894531,101.0,3240.300048828125,4.499000072479248,18.219999313354492
2025-05-14,63.150001525878906,101.04000091552734,3181.39990234375,4.5279998779296875,18.6200008392334
2025-05-15,61.619998931884766,100.87999725341797,3220.699951171875,4.454999923706055,17.829999923706055
2025-05-16,62.4900016784668,101.08999633789062,3182.0,4.440999984741211,17.239999771118164
2025-05-19,62.689998626708984,100.43000030517578,3228.89990234375,4.474999904632568,18.139999389648438
2025-05-20,62.560001373291016,100.12000274658203,3280.300048828125,4.480999946594238,18.09000015258789
2025-05-21,61.56999969482422,99.55999755859375,3309.300048828125,4.5960001945495605,20.8700008392334
2025-05-22,61.20000076293945,99.95999908447266,3292.300048828125,4.552999973297119,20.280000686645508
2025-05-23,61.529998779296875,99.11000061035156,3363.60009765625,4.508999824523926,22.290000915527344
2025-05-27,60.88999938964844,99.5199966430664,3299.10009765625,4.434000015258789,18.959999084472656
2025-05-28,61.84000015258789,99.87999725341797,3293.60009765625,4.4770002365112305,19.309999465942383
2025-05-29,60.939998626708984,99.27999877929688,3317.10009765625,4.423999786376953,19.18000030517578
2025-05-30,60.790000915527344,99.33000183105469,3288.89990234375,4.415999889373779,18.56999969482422
2025-06-02,62.52000045776367,98.69999694824219,3370.60009765625,4.461999893188477,18.360000610351562
2025-06-03,63.40999984741211,99.25,3350.199951171875,4.460000038146973,17.690000534057617
2025-06-04,62.849998474121094,98.79000091552734,3373.5,4.364999771118164,17.610000610351562
2025-06-05,63.369998931884766,98.73999786376953,3350.699951171875,4.394000053405762,18.479999542236328
2025-06-06,64.58000183105469,99.19000244140625,3322.699951171875,4.510000228881836,16.770000457763672
2025-06-09,65.29000091552734,98.94000244140625,3332.10009765625,4.48199987411499,17.15999984741211
2025-06-10,64.9800033569336,99.05000305175781,3320.89990234375,4.473999977111816,16.950000762939453
2025-06-11,68.1500015258789,98.62999725341797,3321.300048828125,4.4120001792907715,17.260000228881836
2025-06-12,68.04000091552734,97.91999816894531,3380.89990234375,4.35699987411499,18.020000457763672
2025-06-13,72.9800033569336,98.18000030517578,3431.199951171875,4.423999786376953,20.81999969482422
2025-06-16,71.7699966430664,98.0,3396.39990234375,4.452000141143799,19.110000610351562
2025-06-17,74.83999633789062,98.81999969482422,3386.60009765625,4.39300012588501,21.600000381469727
2025-06-18,75.13999938964844,98.91000366210938,3389.800048828125,4.396999835968018,20.139999389648438
2025-06-20,74.93000030517578,98.70999908447266,3368.10009765625,4.375,20.6200008392334
2025-06-23,68.51000213623047,98.41999816894531,3377.699951171875,4.320000171661377,19.829999923706055
2025-06-24,64.37000274658203,97.86000061035156,3317.39990234375,4.293000221252441,17.479999542236328
2025-06-25,64.91999816894531,97.68000030517578,3327.10009765625,4.293000221252441,16.760000228881836
2025-06-26,65.23999786376953,97.1500015258789,3333.5,4.252999782562256,16.59000015258789
2025-06-27,65.5199966430664,97.4000015258789,3273.699951171875,4.2829999923706055,16.31999969482422
2025-06-30,65.11000061035156,96.87999725341797,3294.39990234375,4.230000019073486,16.729999542236328
2025-07-01,65.44999694824219,96.81999969482422,3336.699951171875,4.250999927520752,16.829999923706055
2025-07-02,67.44999694824219,96.77999877929688,3348.0,4.293000221252441,16.639999389648438
2025-07-03,67.0,97.18000030517578,3331.60009765625,4.3480000495910645,16.3799991607666
2025-07-07,67.93000030517578,97.4800033569336,3332.199951171875,4.394999980926514,17.790000915527344
2025-07-08,68.33000183105469,97.51000213623047,3307.0,4.414999961853027,16.809999465942383
2025-07-09,68.37999725341797,97.47000122070312,3311.60009765625,4.3420000076293945,15.9399995803833
2025-07-10,66.56999969482422,97.6500015258789,3317.39990234375,4.3460001945495605,15.779999732971191
2025-07-11,68.44999694824219,97.8499984741211,3356.0,4.422999858856201,16.399999618530273
2025-07-14,66.9800033569336,98.08000183105469,3351.5,4.427000045776367,17.200000762939453
2025-07-15,66.5199966430664,98.62000274658203,3329.800048828125,4.488999843597412,17.3799991607666
2025-07-16,66.37999725341797,98.38999938964844,3352.5,4.454999923706055,17.15999984741211
2025-07-17,67.54000091552734,98.7300033569336,3340.10009765625,4.4629998207092285,16.520000457763672
2025-07-18,67.33999633789062,98.4800033569336,3353.0,4.432000160217285,16.40999984741211
2025-07-21,67.19999694824219,97.8499984741211,3401.89990234375,4.372000217437744,16.649999618530273
2025-07-22,66.20999908447266,97.38999938964844,3439.199951171875,4.335999965667725,16.5
2025-07-23,65.25,97.20999908447266,3394.10009765625,4.388000011444092,15.369999885559082
2025-07-24,66.02999877929688,97.37999725341797,3371.0,4.4079999923706055,15.390000343322754
2025-07-25,65.16000366210938,97.6500015258789,3334.0,4.386000156402588,14.930000305175781
2025-07-28,66.70999908447266,98.66000366210938,3309.10009765625,4.420000076293945,15.029999732971191
2025-07-29,69.20999908447266,98.91000366210938,3323.39990234375,4.329999923706055,15.979999542236328
2025-07-30,70.0,99.94000244140625,3295.800048828125,4.375999927520752,15.479999542236328
2025-07-31,69.26000213623047,100.02999877929688,3293.199951171875,4.360000133514404,16.719999313354492
2025-08-01,67.33000183105469,98.69000244140625,3347.699951171875,4.21999979019165,20.3799991607666
2025-08-04,66.29000091552734,98.77999877929688,3374.39990234375,4.199999809265137,17.520000457763672
2025-08-05,65.16000366210938,98.77999877929688,3381.89990234375,4.196000099182129,17.850000381469727
2025-08-06,64.3499984741211,98.18000030517578,3380.0,4.21999979019165,16.770000457763672
2025-08-07,63.880001068115234,98.4000015258789,3400.300048828125,4.24399995803833,16.56999969482422
2025-08-08,63.880001068115234,98.18000030517578,3439.10009765625,4.284999847412109,15.149999618530273
2025-08-11,63.959999084472656,98.5199966430664,3353.10009765625,4.2729997634887695,16.25
2025-08-12,63.16999816894531,98.0999984741211,3348.89990234375,4.293000221252441,14.729999542236328
2025-08-13,62.650001525878906,97.83999633789062,3358.699951171875,4.23799991607666,14.489999771118164
2025-08-14,63.959999084472656,98.25,3335.199951171875,4.293000221252441,14.829999923706055
2025-08-15,62.79999923706055,97.8499984741211,3336.0,4.328000068664551,15.09000015258789
2025-08-18,63.41999816894531,98.16999816894531,3331.699951171875,4.341000080108643,14.989999771118164
2025-08-19,62.349998474121094,98.2699966430664,3313.39990234375,4.302000045776367,15.569999694824219
2025-08-20,63.209999084472656,98.22000122070312,3343.39990234375,4.296000003814697,15.6899995803833
2025-08-21,63.52000045776367,98.62000274658203,3336.89990234375,4.329999923706055,16.600000381469727
2025-08-22,63.65999984741211,97.72000122070312,3374.39990234375,4.260000228881836,14.220000267028809
2025-08-25,64.80000305175781,98.43000030517578,3373.800048828125,4.275000095367432,14.789999961853027
2025-08-26,63.25,98.2300033569336,3388.60009765625,4.257999897003174,14.619999885559082
2025-08-27,64.1500015258789,98.2300033569336,3404.60009765625,4.23799991607666,14.850000381469727
2025-08-28,64.5999984741211,97.80999755859375,3431.800048828125,4.206999778747559,14.430000305175781
2025-08-29,64.01000213623047,97.7699966430664,3473.699951171875,4.2270002365112305,15.359999656677246
2025-09-02,65.58999633789062,98.4000015258789,3549.39990234375,4.2769999504089355,17.170000076293945
2025-09-03,63.970001220703125,98.13999938964844,3593.199951171875,4.210999965667725,16.350000381469727
2025-09-04,63.47999954223633,98.3499984741211,3565.800048828125,4.176000118255615,15.300000190734863
2025-09-05,61.869998931884766,97.7699966430664,3613.199951171875,4.085999965667725,15.180000305175781
2025-09-08,62.2599983215332,97.44999694824219,3638.10009765625,4.046000003814697,15.109999656677246
2025-09-09,62.630001068115234,97.79000091552734,3643.300048828125,4.073999881744385,15.039999961853027
2025-09-10,63.66999816894531,97.77999877929688,3643.60009765625,4.0320000648498535,15.350000381469727
2025-09-11,62.369998931884766,97.54000091552734,3636.89990234375,4.011000156402588,14.710000038146973
2025-09-12,62.689998626708984,97.55000305175781,3649.39990234375,4.060999870300293,14.760000228881836
2025-09-15,63.29999923706055,97.30000305175781,3682.199951171875,4.033999919891357,15.6899995803833
2025-09-16,64.5199966430664,96.62999725341797,3688.89990234375,4.026000022888184,16.360000610351562
2025-09-17,64.05000305175781,96.87000274658203,3681.800048828125,4.076000213623047,15.720000267028809
2025-09-18,63.56999969482422,97.3499984741211,3643.699951171875,4.104000091552734,15.699999809265137
2025-09-19,62.68000030517578,97.63999938964844,3671.5,4.138999938964844,15.449999809265137
2025-09-22,62.63999938964844,97.33000183105469,3740.699951171875,4.14300012588501,16.100000381469727
2025-09-23,63.40999984741211,97.26000213623047,3780.60009765625,4.119999885559082,16.639999389648438
2025-09-24,64.98999786376953,97.87000274658203,3732.10009765625,4.146999835968018,16.18000030517578
2025-09-25,64.9800033569336,98.55000305175781,3736.89990234375,4.171999931335449,16.739999771118164
2025-09-26,65.72000122070312,98.1500015258789,3775.300048828125,4.186999797821045,15.289999961853027
2025-09-29,63.45000076293945,97.91000366210938,3820.89990234375,4.140999794006348,16.1200008392334
2025-09-30,62.369998931884766,97.7699966430664,3840.800048828125,4.1479997634887695,16.280000686645508
2025-10-01,61.779998779296875,97.70999908447266,3867.5,4.105999946594238,16.290000915527344
2025-10-02,60.47999954223633,97.8499984741211,3839.699951171875,4.0879998207092285,16.6299991607666
2025-10-03,60.880001068115234,97.72000122070312,3880.800048828125,4.11899995803833,16.649999618530273
2025-10-06,61.689998626708984,98.11000061035156,3948.5,4.1620001792907715,16.3700008392334
2025-10-07,61.72999954223633,98.58000183105469,3976.60009765625,4.126999855041504,17.239999771118164
2025-10-08,62.54999923706055,98.8499984741211,4043.300048828125,4.129000186920166,16.299999237060547
2025-10-09,61.5099983215332,99.54000091552734,3946.300048828125,4.1479997634887695,16.43000030517578
2025-10-10,58.900001525878906,98.9800033569336,3975.89990234375,4.051000118255615,21.65999984741211
2025-10-13,59.4900016784668,99.2699966430664,4108.60009765625,4.051000118255615,19.030000686645508
2025-10-14,58.70000076293945,99.05000305175781,4138.7001953125,4.021999835968018,20.809999465942383
2025-10-15,58.27000045776367,98.79000091552734,4176.89990234375,4.046000003814697,20.639999389648438
2025-10-16,57.459999084472656,98.38999938964844,4280.2001953125,3.9760000705718994,25.309999465942383
2025-10-17,57.540000915527344,98.43000030517578,4189.89990234375,4.006999969482422,20.780000686645508
2025-10-20,57.52000045776367,98.58999633789062,4336.39990234375,3.9860000610351562,18.229999542236328
2025-10-21,57.81999969482422,98.93000030517578,4087.699951171875,3.9630000591278076,17.8700008392334
2025-10-22,58.5,98.9000015258789,4044.39990234375,3.953000068664551,18.600000381469727
2025-10-23,61.790000915527344,98.94000244140625,4125.5,3.990999937057495,17.299999237060547
2025-10-24,61.5,98.94999694824219,4118.39990234375,3.996999979019165,16.3700008392334
2025-10-27,61.310001373291016,98.77999877929688,4001.89990234375,3.996999979019165,15.789999961853027
2025-10-28,60.150001525878906,98.69000244140625,3966.199951171875,3.9830000400543213,16.420000076293945
2025-10-29,60.47999954223633,99.22000122070312,3983.699951171875,4.058000087738037,16.920000076293945
2025-10-30,60.56999969482422,99.52999877929688,4001.300048828125,4.0929999351501465,16.90999984741211
2025-10-31,60.97999954223633,99.80000305175781,3982.199951171875,4.10099983215332,17.440000534057617
2025-11-03,61.04999923706055,99.87000274658203,4000.300048828125,4.105999946594238,17.170000076293945
2025-11-04,60.560001373291016,100.22000122070312,3947.699951171875,4.089000225067139,19.0
2025-11-05,59.599998474121094,100.19999694824219,3980.300048828125,4.1570000648498535,18.010000228881836
2025-11-06,59.43000030517578,99.7300033569336,3979.89990234375,4.0929999351501465,19.5
2025-11-07,59.75,99.5999984741211,3999.39990234375,4.0929999351501465,19.079999923706055
2025-11-10,60.130001068115234,99.62000274658203,4111.7998046875,4.110000133514404,17.600000381469727
2025-11-11,61.040000915527344,99.45999908447266,4106.7998046875,4.119999885559082,17.280000686645508
2025-11-12,58.4900016784668,99.4800033569336,4204.39990234375,4.065000057220459,17.510000228881836
2025-11-13,58.689998626708984,99.18000030517578,4186.89990234375,4.111999988555908,20.0
2025-11-14,60.09000015258789,99.2699966430664,4087.60009765625,4.1479997634887695,19.829999923706055
2025-11-17,59.90999984741211,99.58999633789062,4068.300048828125,4.132999897003174,22.3799991607666
2025-11-18,60.7400016784668,99.55000305175781,4061.300048828125,4.123000144958496,24.690000534057617
2025-11-19,59.439998626708984,100.2300033569336,4077.699951171875,4.132999897003174,23.65999984741211
2025-11-20,59.13999938964844,100.16000366210938,4056.5,4.105999946594238,26.420000076293945
2025-11-21,58.060001373291016,100.18000030517578,4076.699951171875,4.063000202178955,23.43000030517578
2025-11-24,58.84000015258789,100.13999938964844,4091.89990234375,4.038000106811523,20.520000457763672
2025-11-25,57.95000076293945,99.66000366210938,4139.2001953125,4.001999855041504,18.559999465942383
2025-11-26,58.650001525878906,99.5999984741211,4165.2001953125,3.997999906539917,17.190000534057617
2025-11-28,58.54999923706055,99.45999908447266,4218.2998046875,4.017000198364258,16.350000381469727
2025-12-01,59.31999969482422,99.41000366210938,4239.2998046875,4.0960001945495605,17.239999771118164
2025-12-02,58.63999938964844,99.36000061035156,4186.60009765625,4.085999965667725,16.59000015258789
2025-12-03,58.95000076293945,98.8499984741211,4199.2998046875,4.057000160217285,16.079999923706055
2025-12-04,59.66999816894531,98.98999786376953,4211.7998046875,4.107999801635742,15.779999732971191
2025-12-05,60.08000183105469,98.98999786376953,4212.89990234375,4.138999938964844,15.40999984741211
2025-12-08,58.880001068115234,99.08999633789062,4187.2001953125,4.171999931335449,16.65999984741211
2025-12-09,58.25,99.22000122070312,4206.7001953125,4.185999870300293,16.93000030517578
2025-12-10,58.459999084472656,98.79000091552734,4196.39990234375,4.164000034332275,15.770000457763672
2025-12-11,57.599998474121094,98.3499984741211,4285.5,4.140999794006348,14.850000381469727
2025-12-12,57.439998626708984,98.4000015258789,4300.10009765625,4.193999767303467,15.739999771118164
2025-12-15,56.81999969482422,98.1500015258789,4306.7001953125,4.182000160217285,16.5
2025-12-16,55.27000045776367,98.1500015258789,4304.5,4.14900016784668,16.479999542236328
2025-12-17,55.939998626708984,98.37000274658203,4347.5,4.151000022888184,17.6200008392334
2025-12-18,56.150001525878906,98.43000030517578,4339.5,4.116000175476074,16.8700008392334
2025-12-19,56.65999984741211,98.5999984741211,4361.39990234375,4.151000022888184,14.90999984741211
2025-12-22,58.0099983215332,98.29000091552734,4444.60009765625,4.169000148773193,14.079999923706055
2025-12-23,58.380001068115234,97.94000244140625,4482.7998046875,4.169000148773193,14.0
2025-12-24,58.349998474121094,97.9800033569336,4480.60009765625,4.136000156402588,13.470000267028809
2025-12-26,56.7400016784668,98.0199966430664,4529.10009765625,4.136000156402588,13.600000381469727
2025-12-29,58.08000183105469,98.04000091552734,4325.10009765625,4.116000175476074,14.199999809265137
2025-12-30,57.95000076293945,98.23999786376953,4370.10009765625,4.130000114440918,14.329999923706055
2025-12-31,57.41999816894531,98.27999877929688,4325.60009765625,4.163000106811523,14.949999809265137
2026-01-02,57.31999969482422,98.41999816894531,4314.39990234375,4.186999797821045,14.510000228881836
2026-01-05,58.31999969482422,98.2699966430664,4436.89990234375,4.164999961853027,14.899999618530273
2026-01-06,57.130001068115234,98.58000183105469,4482.2001953125,4.178999900817871,14.75
2026-01-07,55.9900016784668,98.68000030517578,4449.2998046875,4.138000011444092,15.380000114440918
2026-01-08,57.7599983215332,98.93000030517578,4449.7001953125,4.183000087738037,15.449999809265137
2026-01-09,59.119998931884766,99.12999725341797,4490.2998046875,4.171000003814697,14.489999771118164
2026-01-12,59.5,98.86000061035156,4604.2998046875,4.186999797821045,15.119999885559082
2026-01-13,61.150001525878906,99.12999725341797,4589.2001953125,4.171000003814697,15.979999542236328
2026-01-14,62.02000045776367,99.12999725341797,4626.2998046875,4.139999866485596,16.75
2026-01-15,59.189998626708984,99.31999969482422,4616.2998046875,4.159999847412109,15.84000015258789
2026-01-16,59.439998626708984,99.38999938964844,4588.39990234375,4.230999946594238,15.859999656677246
2026-01-20,60.34000015258789,98.63999938964844,4759.60009765625,4.295000076293945,20.09000015258789
2026-01-21,60.619998931884766,98.76000213623047,4831.7998046875,4.252999782562256,16.899999618530273
2026-01-22,59.36000061035156,98.36000061035156,4908.7998046875,4.249000072479248,15.640000343322754
2026-01-23,61.06999969482422,97.5999984741211,4976.2001953125,4.238999843597412,16.09000015258789
2026-01-26,60.630001068115234,97.04000091552734,5079.7001953125,4.2129998207092285,16.149999618530273
2026-01-27,62.38999938964844,96.22000122070312,5079.89990234375,4.2230000495910645,16.350000381469727
2026-01-28,63.209999084472656,96.44999694824219,5301.60009765625,4.250999927520752,16.350000381469727
2026-01-29,65.41999816894531,96.27999877929688,5318.39990234375,4.2270002365112305,16.8799991607666
2026-01-30,65.20999908447266,96.98999786376953,4713.89990234375,4.241000175476074,17.440000534057617
2026-02-02,62.13999938964844,97.61000061035156,4622.5,4.275000095367432,16.34000015258789
2026-02-03,63.209999084472656,97.44000244140625,4903.7001953125,4.27400016784668,18.0
2026-02-04,65.13999938964844,97.62000274658203,4920.39990234375,4.275000095367432,18.639999389648438
2026-02-05,63.290000915527344,97.81999969482422,4861.39990234375,4.210000038146973,21.770000457763672
2026-02-06,63.54999923706055,97.62999725341797,4951.2001953125,4.205999851226807,20.3700008392334
2026-02-09,64.36000061035156,96.81999969482422,5050.89990234375,4.197999954223633,17.360000610351562
2026-02-10,63.959999084472656,96.80000305175781,5003.7998046875,4.146999835968018,17.790000915527344
2026-02-11,64.62999725341797,96.83000183105469,5071.60009765625,4.171999931335449,17.649999618530273
2026-02-12,62.84000015258789,96.93000030517578,4923.7001953125,4.104000091552734,20.81999969482422
2026-02-13,62.88999938964844,96.87999725341797,5022.0,4.056000232696533,20.600000381469727
2026-02-17,62.33000183105469,97.16000366210938,4882.89990234375,4.052000045776367,20.290000915527344
2026-02-18,65.19000244140625,97.69999694824219,4986.5,4.078999996185303,19.6200008392334
2026-02-19,66.43000030517578,97.93000030517578,4975.89990234375,4.074999809265137,20.229999542236328
2026-02-20,66.38999938964844,97.80000305175781,5059.2998046875,4.085999965667725,19.09000015258789
2026-02-23,66.30999755859375,97.69999694824219,5204.7001953125,4.0289998054504395,21.010000228881836
2026-02-24,65.62999725341797,97.87999725341797,5155.7998046875,4.0329999923706055,19.549999237060547
2026-02-25,65.41999816894531,97.69999694824219,5206.39990234375,4.047999858856201,17.93000030517578
2026-02-26,65.20999908447266,97.79000091552734,5176.5,4.017000198364258,18.6299991607666
2026-02-27,67.0199966430664,97.61000061035156,5230.5,3.9619998931884766,19.860000610351562
2026-03-02,71.2300033569336,98.37999725341797,5294.39990234375,4.047999858856201,21.440000534057617
2026-03-03,74.55999755859375,99.05000305175781,5107.39990234375,4.056000232696533,23.56999969482422
2026-03-04,74.66000366210938,98.7699966430664,5120.2001953125,4.079999923706055,21.149999618530273
2026-03-05,81.01000213623047,99.31999969482422,5065.2998046875,4.145999908447266,23.75
2026-03-06,90.9000015258789,98.98999786376953,5146.10009765625,4.132999897003174,29.489999771118164
2026-03-09,94.7699966430664,99.18000030517578,5091.5,4.136000156402588,25.5
2026-03-10,83.44999694824219,98.83000183105469,5229.7001953125,4.136000156402588,24.93000030517578
2026-03-11,87.25,99.2300033569336,5167.39990234375,4.208000183105469,24.229999542236328
2026-03-12,95.7300033569336,99.73999786376953,5115.7998046875,4.2729997634887695,27.290000915527344
2026-03-13,98.70999908447266,100.36000061035156,5052.5,4.284999847412109,27.190000534057617
2026-03-16,93.5,99.70999908447266,4994.0,4.21999979019165,23.510000228881836
2026-03-17,96.20999908447266,99.58000183105469,5001.0,4.202000141143799,22.3700008392334
2026-03-18,96.31999969482422,100.08999633789062,4889.89990234375,4.258999824523926,25.09000015258789
2026-03-19,96.13999938964844,99.2300033569336,4600.7001953125,4.281000137329102,24.059999465942383
2026-03-20,98.31999969482422,99.6500015258789,4570.39990234375,4.390999794006348,26.780000686645508
2026-03-23,88.12999725341797,98.94999694824219,4404.10009765625,4.334000110626221,26.149999618530273
2026-03-24,92.3499984741211,99.43000030517578,4399.2998046875,4.392000198364258,26.950000762939453
2026-03-25,90.31999969482422,99.5999984741211,4549.7998046875,4.328000068664551,25.329999923706055
2026-03-26,94.4800033569336,99.9000015258789,4375.5,4.415999889373779,27.440000534057617
2026-03-27,99.63999938964844,100.1500015258789,4492.0,4.440000057220459,31.049999237060547
2026-03-30,102.87999725341797,100.51000213623047,4526.0,4.3420000076293945,30.610000610351562
2026-03-31,101.37999725341797,99.95999908447266,4647.60009765625,4.310999870300293,25.25
2026-04-01,100.12000274658203,99.6500015258789,4783.2001953125,4.318999767303467,24.540000915527344
2026-04-02,111.54000091552734,100.02999877929688,4651.5,4.313000202178955,23.8700008392334
2026-04-06,112.41000366210938,99.9800033569336,4656.7998046875,4.335000038146973,24.170000076293945
2026-04-07,112.94999694824219,99.63999938964844,4657.10009765625,4.3429999351501465,25.780000686645508
2026-04-08,94.41000366210938,99.12999725341797,4749.5,4.290999889373779,21.040000915527344
2026-04-09,97.87000274658203,98.81999969482422,4792.2001953125,4.293000221252441,19.489999771118164
2026-04-10,96.56999969482422,98.6500015258789,4761.89990234375,4.316999912261963,19.229999542236328
2026-04-13,99.08000183105469,98.37000274658203,4742.39990234375,4.296999931335449,19.1200008392334
2026-04-14,91.27999877929688,98.12000274658203,4825.0,4.25600004196167,18.360000610351562
2026-04-15,91.29000091552734,98.05999755859375,4800.0,4.2820000648498535,18.170000076293945
2026-04-16,94.69000244140625,98.22000122070312,4785.39990234375,4.309000015258789,17.940000534057617
2026-04-17,83.8499984741211,98.0999984741211,4857.60009765625,4.245999813079834,17.479999542236328
2026-04-20,89.61000061035156,98.05000305175781,4806.60009765625,4.25,18.8700008392334
2026-04-21,92.12999725341797,98.41000366210938,4698.39990234375,4.291999816894531,19.5
2026-04-22,92.95999908447266,98.58999633789062,4732.5,4.294000148773193,18.920000076293945
2026-04-23,95.8499984741211,98.80000305175781,4705.10009765625,4.322999954223633,19.309999465942383
2026-04-24,94.4000015258789,98.51000213623047,4722.2998046875,4.309999942779541,18.709999084472656
2026-04-27,96.37000274658203,98.4800033569336,4675.39990234375,4.335999965667725,18.020000457763672
2026-04-28,99.93000030517578,98.62000274658203,4591.5,4.354000091552734,17.829999923706055
2026-04-29,106.87999725341797,98.91999816894531,4545.2001953125,4.418000221252441,18.809999465942383
2026-04-30,105.06999969482422,98.08000183105469,4614.7001953125,4.389999866485596,16.889999389648438
2026-05-01,101.94000244140625,98.20999908447266,4629.89990234375,4.377999782562256,16.989999771118164
2026-05-04,106.41999816894531,98.47000122070312,4519.5,4.446000099182129,18.290000915527344
2026-05-05,102.2699966430664,98.4800033569336,4555.7998046875,4.415999889373779,17.3799991607666
2026-05-06,95.08000183105469,98.0199966430664,4681.89990234375,4.355999946594238,17.389999389648438
2026-05-07,94.80999755859375,98.25,4699.7998046875,4.392000198364258,17.079999923706055
2026-05-08,95.41999816894531,97.83999633789062,4720.39990234375,4.363999843597412,17.190000534057617
2026-05-11,98.06999969482422,97.94000244140625,4718.7001953125,4.409999847412109,18.3799991607666
2026-05-12,102.18000030517578,98.29000091552734,4677.60009765625,4.4629998207092285,17.989999771118164
2026-05-13,101.0199966430664,98.4800033569336,4697.7001953125,4.480999946594238,17.8700008392334
2026-05-14,101.16999816894531,98.87999725341797,4678.10009765625,4.460999965667725,17.260000228881836
2026-05-15,105.41999816894531,99.2699966430664,4555.7998046875,4.59499979019165,18.43000030517578
2026-05-18,108.66000366210938,98.97000122070312,4552.5,4.623000144958496,17.81999969482422
2026-05-19,107.7699966430664,99.30000305175781,4506.2998046875,4.666999816894531,18.059999465942383
2026-05-20,98.26000213623047,99.11000061035156,4531.2998046875,4.572000026702881,17.440000534057617
2026-05-21,96.3499984741211,99.19000244140625,4539.7998046875,4.585999965667725,16.760000228881836
2026-05-22,96.5999984741211,99.31999969482422,4521.0,4.558000087738037,16.700000762939453
2026-05-26,93.88999938964844,99.16999816894531,4500.39990234375,4.493000030517578,17.010000228881836
2026-05-27,88.68000030517578,99.20999908447266,4447.5,4.480999946594238,16.290000915527344
2026-05-28,88.9000015258789,99.0199966430664,4499.2998046875,4.454999923706055,15.739999771118164
2026-05-29,87.36000061035156,98.91000366210938,4560.5,4.453000068664551,15.319999694824219
2026-06-01,92.16000366210938,99.19999694824219,4475.2001953125,4.474999904632568,16.049999237060547
2026-06-02,93.76000213623047,99.22000122070312,4489.10009765625,4.454999923706055,15.770000457763672
2026-06-03,96.0199966430664,99.52999877929688,4436.7001953125,4.491000175476074,16.059999465942383
2026-06-04,93.04000091552734,99.41000366210938,4475.7998046875,4.4770002365112305,15.399999618530273
2026-06-05,90.54000091552734,100.06999969482422,4337.10009765625,4.535999774932861,21.510000228881836
2026-06-08,91.30000305175781,100.05000305175781,4335.89990234375,4.552000045776367,18.920000076293945
2026-06-09,88.19999694824219,99.91000366210938,4260.0,4.5279998779296875,19.8700008392334
2026-06-10,90.02999877929688,99.94999694824219,4108.2001953125,4.541999816894531,22.219999313354492
2026-06-11,87.70999908447266,99.86000061035156,4090.300048828125,4.4629998207092285,19.440000534057617
2026-06-12,84.87999725341797,99.75,4215.0,4.486999988555908,17.68000030517578
2026-06-15,80.75,99.62999725341797,4328.0,4.468999862670898,16.200000762939453
2026-06-16,76.05000305175781,99.54000091552734,4330.89990234375,4.427999973297119,16.40999984741211
2026-06-17,76.79000091552734,100.08999633789062,4358.89990234375,4.4629998207092285,18.440000534057617
2026-06-18,76.5999984741211,100.8499984741211,4224.10009765625,4.451000213623047,16.399999618530273
2026-06-22,74.81999969482422,101.0199966430664,4181.89990234375,4.508999824523926,17.280000686645508
2026-06-23,73.20999908447266,101.41000366210938,4129.89990234375,4.493000030517578,19.489999771118164
2026-06-24,70.33999633789062,101.61000061035156,3990.300048828125,4.4019999504089355,18.6299991607666
2026-06-25,71.91999816894531,101.43000030517578,4030.5,4.392000198364258,18.889999389648438
2026-06-26,69.2300033569336,101.36000061035156,4078.699951171875,4.372000217437744,18.40999984741211
2026-06-29,70.75,101.11000061035156,4022.300048828125,4.374000072479248,17.649999618530273
2026-06-30,69.5,101.19000244140625,4022.89990234375,4.418000221252441,16.450000762939453
2026-07-01,68.58000183105469,101.38999938964844,4068.300048828125,4.474999904632568,16.59000015258789
2026-07-02,68.69000244140625,100.86000061035156,4112.7001953125,4.485000133514404,16.149999618530273
2026-07-06,68.55000305175781,100.8499984741211,4155.10009765625,4.479000091552734,15.569999694824219
2026-07-07,70.44000244140625,101.13999938964844,4145.2998046875,4.5289998054504395,16.1299991607666
2026-07-08,73.5199966430664,101.05000305175781,4070.89990234375,4.568999767303467,16.899999618530273
2026-07-09,72.08000183105469,100.94000244140625,4130.60009765625,4.539000034332275,15.84000015258789
2026-07-10,71.41000366210938,100.97000122070312,4104.10009765625,4.568999767303467,15.029999732971191
2026-07-13,78.13999938964844,101.27999877929688,3997.0,4.609000205993652,17.15999984741211
2026-07-14,79.33999633789062,100.94000244140625,4061.10009765625,4.585000038146973,16.5
2026-07-15,79.5999984741211,100.5,4044.0,4.545000076293945,15.670000076293945
2026-07-16,78.94999694824219,100.7300033569336,3985.60009765625,4.568999767303467,16.729999542236328
2026-07-17,82.48999786376953,100.75,4012.699951171875,4.540999889373779,18.770000457763672
2026-07-20,83.2300033569336,100.98999786376953,4010.300048828125,4.5980000495910645,18.649999618530273
2026-07-21,84.91000366210938,101.18000030517578,4071.10009765625,4.627999782562256,17.049999237060547
2026-07-22,86.83000183105469,101.13999938964844,4146.89990234375,4.6570000648498535,16.639999389648438
2026-07-23,92.19000244140625,101.43000030517578,4046.60009765625,4.703000068664551,18.700000762939453
2026-07-24,89.30999755859375,101.47000122070312,4067.60009765625,4.678999900817871,18.579999923706055
2026-07-27,82.61000061035156,101.51000213623047,4074.5,4.640999794006348,18.670000076293945
2026-07-28,79.26000213623047,101.37999725341797,4036.300048828125,4.604000091552734,18.209999084472656
2026-07-29,84.45999908447266,100.80000305175781,4034.699951171875,4.622000217437744,20.65999984741211
2026-07-30,83.58999633789062,100.01000213623047,4100.10009765625,4.663000106811523,17.09000015258789
2026-07-31,84.66999816894531,99.80000305175781,4049.10009765625,4.744999885559082,15.989999771118164
2026-08-03,80.33999633789062,99.95999908447266,4033.699951171875,4.685999870300293,15.859999656677246
2026-08-04,75.7699966430664,99.88999938964844,4095.39990234375,4.626999855041504,16.5
2026-08-05,75.22000122070312,99.69000244140625,4245.7998046875,4.617000102996826,15.8100004196167
2026-08-06,77.29000091552734,99.97000122070312,4242.0,4.670000076293945,15.149999618530273
2026-08-07,78.18000030517578,99.5999984741211,4340.7001953125,4.659999847412109,14.899999618530273
2026-08-10,82.12999725341797,99.80999755859375,4361.7998046875,4.698999881744385,15.460000038146973
2026-08-11,83.19999694824219,99.81999969482422,4383.0,4.684000015258789,15.279999732971191
2026-08-12,83.2699966430664,100.01000213623047,4408.89990234375,4.682000160217285,14.550000190734863
2026-08-13,81.25,99.95999908447266,4363.60009765625,4.640999794006348,14.630000114440918
2026-08-14,82.4000015258789,99.66999816894531,4380.39990234375,4.696000099182129,14.25
2026-08-17,84.5,99.63999938964844,4417.7998046875,4.723999977111816,15.1899995803833
2026-08-18,84.94000244140625,99.6500015258789,4366.0,4.705999851226807,15.84000015258789
2026-08-19,85.83000183105469,98.83000183105469,4489.39990234375,4.6529998779296875,14.890000343322754
2026-08-20,87.83000183105469,98.9000015258789,4516.2998046875,4.696000099182129,16.010000228881836
2026-08-21,87.05999755859375,98.80000305175781,4624.10009765625,4.73799991607666,15.130000114440918
2026-08-24,85.01000213623047,99.0,4640.7998046875,4.703999996185303,15.850000381469727
2026-08-25,82.36000061035156,98.91999816894531,4638.10009765625,4.638999938964844,15.449999809265137
2026-08-26,82.2300033569336,99.16999816894531,4598.2001953125,4.664000034332275,15.210000038146973
2026-08-27,83.52999877929688,99.16000366210938,4609.7001953125,4.671999931335449,14.510000228881836
2026-08-28,83.4000015258789,99.69999694824219,4478.10009765625,4.71999979019165,14.430000305175781
2026-08-31,85.76000213623047,99.43000030517578,4431.10009765625,4.757999897003174,14.920000076293945
2026-09-01,90.83999633789062,99.65399932861328,4372.7998046875,4.796000003814697,16.34000015258789
