Date,XLB,XLC,XLE,XLF,XLI,XLK,XLP,XLRE,XLU,XLV,XLY
2018-06-19,24.88498306274414,46.204105377197266,26.3740234375,23.501096725463867,64.09521484375,33.14059066772461,41.185298919677734,24.02458953857422,19.56110954284668,74.01789093017578,51.81313705444336
2018-06-20,24.80414581298828,46.777496337890625,26.490482330322266,23.440950393676758,64.13898468017578,33.210182189941406,41.225624084472656,24.283897399902344,19.576696395874023,74.17488098144531,52.05881118774414
2018-06-21,24.540361404418945,46.490806579589844,25.99997329711914,23.37220573425293,63.33374786376953,32.955013275146484,41.306278228759766,24.428808212280273,19.642955780029297,73.74748992919922,51.68798065185547
2018-06-22,24.897748947143555,46.69425582885742,26.518712997436523,23.260499954223633,63.55253219604492,32.848297119140625,41.645057678222656,24.642364501953125,19.779367446899414,74.07894134521484,51.59990310668945
2018-06-25,24.510581970214844,45.732452392578125,25.985858917236328,23.011306762695312,62.74734878540039,32.166263580322266,41.85477828979492,24.581350326538086,20.106748580932617,73.3985824584961,50.47818374633789
2018-06-26,24.60418128967285,45.80828094482422,26.31403923034668,22.93397331237793,62.9836311340332,32.29619216918945,41.67732620239258,24.711008071899414,20.130130767822266,73.17180633544922,50.83974075317383
2018-06-27,24.52760124206543,45.408756256103516,26.666913986206055,22.65041160583496,62.47600173950195,31.855426788330078,41.588600158691406,24.642364501953125,20.227571487426758,72.55252075195312,50.181522369384766
2018-06-28,24.621198654174805,45.861942291259766,26.631633758544922,22.84804916381836,62.56353759765625,32.24515151977539,41.588600158691406,24.886415481567383,20.219770431518555,72.6484603881836,50.575523376464844
2018-06-29,24.706289291381836,45.806434631347656,26.797475814819336,22.84804916381836,62.694801330566406,32.23124694824219,41.56439971923828,24.94744110107422,20.250951766967773,72.79674530029297,50.66359329223633
2018-07-02,24.57439613342285,46.09312438964844,26.402257919311523,22.95975685119629,62.834861755371094,32.51889419555664,41.322425842285156,24.80252456665039,20.395164489746094,73.0235366821289,50.733123779296875
2018-07-03,24.53184700012207,45.528995513916016,26.56810760498047,22.753530502319336,62.6335563659668,32.1338005065918,41.419212341308594,24.94744110107422,20.453617095947266,73.19795989990234,50.47818374633789
2018-07-05,24.744585037231445,46.222618103027344,26.53987693786621,22.805086135864258,62.93988037109375,32.58848190307617,41.99190139770508,25.275394439697266,20.562746047973633,73.95683288574219,50.728485107421875
2018-07-06,24.867965698242188,46.953216552734375,26.702198028564453,22.916786193847656,63.15869140625,32.96892166137695,42.12096405029297,25.382165908813477,20.7225341796875,75.02094268798828,51.12711715698242
2018-07-09,25.089197158813477,47.22142028808594,27.100950241088867,23.440950393676758,64.33153533935547,33.21946716308594,41.95964050292969,25.145734786987305,20.083364486694336,75.57046508789062,51.738975524902344
2018-07-10,25.30193328857422,47.20198440551758,27.302087783813477,23.355018615722656,64.5328369140625,33.29833221435547,42.4597282409668,25.26776695251465,20.274335861206055,75.8582992553711,51.8502197265625
2018-07-11,24.876474380493164,47.13819122314453,26.723377227783203,23.243309020996094,63.47377014160156,33.16843795776367,42.32261276245117,25.19149398803711,20.457515716552734,75.2564468383789,51.72969436645508
2018-07-12,24.936037063598633,47.87803649902344,26.769254684448242,23.286277770996094,64.21774291992188,33.69270706176758,42.266143798828125,25.25251007080078,20.473100662231445,76.09382629394531,52.07271194458008
2018-07-13,24.923269271850586,47.804054260253906,26.9104061126709,23.18317222595215,64.55036163330078,33.655582427978516,42.54039764404297,25.168617248535156,20.477001190185547,76.23336791992188,52.188594818115234
2018-07-16,24.723312377929688,47.66532516479492,26.599870681762695,23.59562110900879,64.28776550292969,33.57671356201172,42.33873748779297,25.031330108642578,20.457515716552734,75.77108764648438,52.31838607788086
2018-07-17,25.046653747558594,47.67457580566406,26.49400520324707,23.62139129638672,64.5416030883789,33.82725524902344,42.70171356201172,24.863536834716797,20.44192123413086,76.18973541259766,52.369380950927734
2018-07-18,24.81265640258789,47.53585433959961,26.511646270751953,23.999473571777344,65.25053405761719,33.771583557128906,42.3548698425293,24.772018432617188,20.336700439453125,76.25079345703125,52.3369255065918
2018-07-19,24.90200424194336,47.202911376953125,26.518712997436523,23.638582229614258,65.22431182861328,33.65093994140625,42.37908172607422,25.008455276489258,20.523773193359375,75.82339477539062,52.216407775878906
2018-07-20,24.79989242553711,47.045684814453125,26.42696189880371,23.681541442871094,65.15428924560547,33.66021728515625,42.63718032836914,24.78727149963379,20.37957191467285,75.67511749267578,51.98465347290039
2018-07-23,24.663747787475586,47.23991394042969,26.310504913330078,24.00806999206543,64.75166320800781,33.83188247680664,42.371002197265625,24.718629837036133,20.235355377197266,75.83213806152344,51.929012298583984
2018-07-24,24.98283576965332,47.57283401489258,26.6422061920166,24.076805114746094,65.02299499511719,34.017478942871094,42.451663970947266,24.649988174438477,20.30552101135254,76.52122497558594,51.77606201171875
2018-07-25,25.17854881286621,47.915035247802734,26.864530563354492,24.128366470336914,66.01202392578125,34.444313049316406,42.77431106567383,24.894044876098633,20.363975524902344,77.49810791015625,52.15615463256836
2018-07-26,25.32320213317871,46.1079216003418,27.15742301940918,24.11977195739746,66.51968383789062,33.91539764404297,43.00016784667969,24.977943420410156,20.582237243652344,77.28003692626953,51.882659912109375
2018-07-27,25.229604721069336,45.23305892944336,27.04096031188965,24.171323776245117,66.52845764160156,33.33545684814453,43.0566291809082,24.749135971069336,20.51597785949707,76.72181701660156,51.748252868652344
2018-07-30,25.182804107666016,44.52093505859375,27.263282775878906,24.188518524169922,65.87200927734375,32.815818786621094,43.00822448730469,24.72625160217285,20.39125633239746,76.76542663574219,51.335693359375
2018-07-31,25.412548065185547,44.81687545776367,27.213876724243164,24.016658782958984,67.3249282836914,32.90396499633789,43.209877014160156,25.206756591796875,20.57443618774414,77.56786346435547,51.576751708984375
2018-08-01,25.15302085876465,44.63191604614258,26.8363037109375,24.016658782958984,66.41468811035156,33.200904846191406,42.846900939941406,25.37454605102539,20.44192123413086,77.5853271484375,51.321800231933594
2018-08-02,24.98709487915039,44.927860260009766,26.688087463378906,24.02525520324707,66.32714080810547,33.61846923828125,43.282474517822266,25.25251007080078,20.543258666992188,77.87315368652344,51.67408752441406
2018-08-03,25.225345611572266,45.23305892944336,26.55047035217285,24.162731170654297,66.38838958740234,33.73909378051758,43.79063415527344,25.580459594726562,20.773204803466797,78.3354263305664,51.8502197265625
2018-08-06,25.216846466064453,45.686214447021484,26.64926528930664,24.291627883911133,66.48468780517578,33.920047760009766,43.83095169067383,25.52707862854004,20.788795471191406,78.47500610351562,52.19786071777344
2018-08-07,25.30193328857422,45.74169158935547,26.846879959106445,24.40332794189453,66.95733642578125,34.049957275390625,43.56477355957031,25.47369384765625,20.757614135742188,78.48373413085938,52.438899993896484
2018-08-08,25.19556999206543,45.70469665527344,26.652795791625977,24.463478088378906,66.65974426269531,34.14274597167969,43.23408126831055,25.313528060913086,20.64849090576172,78.6058349609375,52.49453353881836
2018-08-09,25.33171272277832,45.954402923583984,26.40578269958496,24.317398071289062,66.29212951660156,34.15667724609375,43.10501480102539,25.359285354614258,20.742023468017578,78.51859283447266,52.689212799072266
2018-08-10,24.96581268310547,45.56598663330078,26.56810760498047,24.033849716186523,65.70567321777344,33.8829231262207,42.943695068359375,25.115217208862305,20.652385711669922,78.17842102050781,52.248863220214844
2018-08-13,24.714801788330078,45.501258850097656,26.229345321655273,23.801843643188477,65.39060974121094,33.83652877807617,42.943695068359375,25.10759925842285,20.679668426513672,78.20462799072266,51.98465347290039
2018-08-14,24.923269271850586,45.824928283691406,26.292863845825195,24.02525520324707,65.8457260131836,34.045318603515625,43.24213790893555,25.206756591796875,20.7225341796875,78.57095336914062,52.48989486694336
2018-08-15,24.52760124206543,45.18680191040039,25.375389099121094,23.83620834350586,65.5306396484375,33.73909378051758,43.41960525512695,25.427934646606445,20.91350746154785,78.44013214111328,51.8502197265625
2018-08-16,24.676509857177734,45.16830825805664,25.55887794494629,24.154144287109375,66.36212921142578,33.88755798339844,44.040672302246094,25.6262264251709,21.13956069946289,79.20768737792969,52.105159759521484
2018-08-17,24.859458923339844,44.95560073852539,25.62240219116211,24.205699920654297,66.76476287841797,33.9385986328125,44.37944412231445,25.870288848876953,21.24869155883789,79.451904296875,52.15151596069336
2018-08-20,25.033889770507812,45.02958679199219,25.795307159423828,24.283031463623047,67.21113586425781,33.88755798339844,44.355255126953125,25.900794982910156,21.174638748168945,79.71359252929688,52.52232360839844
2018-08-21,25.131744384765625,45.307029724121094,25.925870895385742,24.37755584716797,67.71002960205078,33.9432373046875,44.040672302246094,25.66436195373535,21.022642135620117,79.71359252929688,52.93950653076172
2018-08-22,25.004112243652344,45.251548767089844,26.236398696899414,24.291627883911133,67.05358123779297,34.045318603515625,43.76642990112305,25.504192352294922,20.866743087768555,79.79208374023438,52.9951286315918
2018-08-23,24.833932876586914,45.06657409667969,26.112895965576172,24.179922103881836,66.86106872558594,34.119544982910156,43.66157531738281,25.443185806274414,20.851152420043945,79.76590728759766,52.94414520263672
2018-08-24,25.15727424621582,45.72319793701172,26.303451538085938,24.265840530395508,67.1498794555664,34.462867736816406,43.60511779785156,25.618600845336914,20.9407901763916,80.14969635009766,53.25471496582031
2018-08-27,25.501895904541016,46.167110443115234,26.49752426147461,24.592370986938477,67.99884033203125,34.77838134765625,43.62932586669922,25.580459594726562,20.81218147277832,80.4375228881836,53.59770965576172
2018-08-28,25.40403938293457,45.963661193847656,26.38460922241211,24.566593170166016,67.85884094238281,34.83868408203125,43.484127044677734,25.893165588378906,20.769311904907227,80.48114013671875,53.70433044433594
2018-08-29,25.595497131347656,46.222618103027344,26.54693603515625,24.558002471923828,67.91134643554688,35.154170989990234,43.53252029418945,25.85503578186035,20.921308517456055,81.0044937133789,54.306922912597656
2018-08-30,25.29342269897461,45.9359130859375,26.472824096679688,24.36896514892578,67.43870544433594,35.04745864868164,43.395389556884766,25.71775245666504,20.929100036621094,80.94343566894531,53.99634552001953
2018-08-31,25.216846466064453,45.48274612426758,26.26816749572754,24.343185424804688,67.48247528076172,35.07530212402344,43.379268646240234,25.816892623901367,20.839462280273438,80.92599487304688,54.20956802368164
2018-09-04,25.042402267456055,44.91860580444336,26.21170425415039,24.463478088378906,67.42996978759766,34.94075393676758,43.32279586791992,25.58808708190918,20.932992935180664,80.28053283691406,54.311553955078125
2018-09-05,25.208328247070312,44.335975646972656,26.176414489746094,24.480667114257812,67.91134643554688,34.50464630126953,43.82289123535156,25.748254776000977,21.22530746459961,80.60326385498047,53.727508544921875
2018-09-06,25.25938606262207,44.00303649902344,25.692970275878906,24.36896514892578,68.12141418457031,34.25408935546875,43.94389724731445,25.832151412963867,21.346128463745117,80.60326385498047,53.57917785644531
2018-09-07,25.093454360961914,44.09550476074219,25.689451217651367,24.343185424804688,67.91134643554688,34.13810348510742,43.85514831542969,25.504192352294922,21.084991455078125,80.72535705566406,53.574546813964844
2018-09-10,25.12323760986328,44.18798828125,25.67885398864746,24.317398071289062,68.2614517211914,34.24480438232422,44.0084114074707,25.641483306884766,21.19022560119629,80.51603698730469,53.773860931396484
2018-09-11,25.174291610717773,44.63191604614258,25.922340393066406,24.343185424804688,68.24394226074219,34.53710174560547,43.84710693359375,25.649105072021484,21.135663986206055,80.4462661743164,54.20494079589844
2018-09-12,25.187053680419922,44.502437591552734,26.056434631347656,24.11977195739746,68.45402526855469,34.39328384399414,44.355255126953125,25.67198371887207,21.116180419921875,80.84748840332031,54.306922912597656
2018-09-13,25.284910202026367,44.81687545776367,26.067031860351562,24.08540153503418,68.8653793334961,34.79692077636719,44.29073715209961,25.832151412963867,21.275970458984375,81.85054779052734,54.39963912963867
2018-09-14,25.276405334472656,44.733642578125,26.204647064208984,24.257261276245117,69.20673370361328,34.76909255981445,44.16972732543945,25.610973358154297,21.162940979003906,81.5801773071289,54.1956672668457
2018-09-17,25.365741729736328,44.29898452758789,26.246992111206055,24.154144287109375,69.23299407958984,34.33296203613281,44.3310546875,25.755878448486328,21.23309898376465,81.28360748291016,53.52355194091797
2018-09-18,25.391279220581055,44.61341094970703,26.419902801513672,24.274442672729492,69.86316680908203,34.55103302001953,44.14553451538086,25.603347778320312,21.194120407104492,81.7546157836914,54.20494079589844
2018-09-19,25.667823791503906,44.733642578125,26.50105857849121,24.6868896484375,69.80191040039062,34.462867736816406,44.06486892700195,25.359285354614258,20.73422622680664,81.64122009277344,54.228126525878906
2018-09-20,25.944368362426758,45.223812103271484,26.508121490478516,24.901710510253906,69.90692901611328,34.87114715576172,44.621437072753906,25.549959182739258,20.777103424072266,82.4349594116211,54.59894561767578
2018-09-21,25.88837242126465,45.021636962890625,26.68328094482422,24.80504608154297,70.3589859008789,34.73335647583008,44.69292068481445,25.549957275390625,20.865585327148438,82.54613494873047,54.357635498046875
2018-09-24,25.525009155273438,45.021636962890625,27.074113845825195,24.528854370117188,69.15411376953125,34.90560531616211,44.01057815551758,25.04897689819336,20.68075942993164,82.7125244140625,54.00431823730469
2018-09-25,25.392492294311523,45.04018783569336,27.248220443725586,24.433921813964844,68.94303131103516,34.86370849609375,43.750648498535156,25.025863647460938,20.39761734008789,82.4585952758789,54.23211669921875
2018-09-26,25.140275955200195,45.21638488769531,26.98529052734375,24.140470504760742,68.8990478515625,34.73335647583008,43.79938507080078,24.748395919799805,20.197071075439453,82.6424789428711,54.357635498046875
2018-09-27,24.92225456237793,45.605857849121094,26.98529052734375,24.05415916442871,68.99578094482422,34.938201904296875,43.74252700805664,24.82546615600586,20.405485153198242,83.06275939941406,54.543609619140625
2018-09-28,24.76409149169922,45.438934326171875,26.910680770874023,23.803865432739258,68.95181274414062,35.06853103637695,43.807518005371094,25.133760452270508,20.704345703125,83.31670379638672,54.497127532958984
2018-10-01,25.012033462524414,45.25347137451172,27.283740997314453,23.898805618286133,69.55867004394531,35.23614501953125,43.775020599365234,24.941076278686523,20.633569717407227,83.72826385498047,54.32974624633789
2018-10-02,25.118906021118164,45.21638488769531,27.312170028686523,23.898805618286133,69.71696472167969,35.24078369140625,44.026832580566406,24.863998413085938,20.912771224975586,83.63192749023438,53.59519577026367
2018-10-03,24.93935775756836,45.42039489746094,27.532455444335938,24.123210906982422,70.0072021484375,35.347869873046875,43.55569076538086,24.578826904296875,20.66109275817871,83.47433471679688,53.41387939453125
2018-10-04,24.823942184448242,44.77125549316406,27.41874885559082,24.287193298339844,69.7785415649414,34.710086822509766,43.45009231567383,24.463214874267578,20.771198272705078,82.65997314453125,52.577030181884766
2018-10-05,24.64012336730957,44.344703674316406,27.41520881652832,24.166364669799805,69.4179458618164,34.27249526977539,43.40949249267578,24.470922470092773,21.08973503112793,82.56365203857422,52.181861877441406
2018-10-08,24.627296447753906,44.19630813598633,27.39389419555664,24.330345153808594,69.5938491821289,33.8860969543457,44.01057815551758,24.78692626953125,21.266685485839844,82.52864074707031,52.316680908203125
2018-10-09,23.810806274414062,44.16849899291992,27.639049530029297,24.235410690307617,68.52088928222656,34.007137298583984,43.91310501098633,24.8717098236084,21.353206634521484,82.66875457763672,52.163265228271484
2018-10-10,23.186681747436523,42.42513656616211,26.772109985351562,23.48452377319336,66.3133773803711,32.359153747558594,43.385108947753906,24.478633880615234,21.2352294921875,80.71607971191406,50.4058837890625
2018-10-11,22.917367935180664,42.063472747802734,25.8660888671875,22.785430908203125,64.56316375732422,31.949481964111328,42.31287384033203,23.7618465423584,20.845918655395508,78.5357437133789,49.51790237426758
2018-10-12,22.98148536682129,43.00006866455078,25.937150955200195,22.811325073242188,64.99413299560547,32.97365188598633,42.548439025878906,23.746429443359375,20.822324752807617,79.74411010742188,50.433780670166016
2018-10-15,22.9045352935791,42.833160400390625,25.720407485961914,22.70775032043457,65.11726379394531,32.43363571166992,42.808380126953125,23.892873764038086,20.920635223388672,79.19246673583984,50.31755447387695
2018-10-16,23.272174835205078,43.96448516845703,25.933597564697266,23.087505340576172,66.21661376953125,33.41124725341797,43.287628173828125,24.33989715576172,21.136924743652344,81.36405181884766,51.32640838623047
2018-10-17,23.122556686401367,44.14067459106445,25.77015495300293,23.320539474487305,65.73291015625,33.257625579833984,43.49071502685547,24.270532608032227,21.097597122192383,81.7931137084961,50.90334701538086
2018-10-18,22.861791610717773,43.33390426635742,25.642250061035156,22.93214988708496,64.59835052490234,32.60587692260742,43.4338493347168,24.27823829650879,21.129051208496094,80.86493682861328,49.927024841308594
2018-10-19,22.69934844970703,43.324642181396484,25.414844512939453,23.018457412719727,64.36087799072266,32.59191131591797,44.42486572265625,24.52487564086914,21.45938491821289,80.12940216064453,49.43885803222656
2018-10-22,22.519805908203125,43.296810150146484,25.134157180786133,22.526500701904297,64.14102935791016,32.8619270324707,44.091827392578125,24.17804718017578,21.321746826171875,79.47266387939453,49.6387939453125
2018-10-23,22.297513961791992,43.204078674316406,24.476848602294922,22.34525489807129,63.08564758300781,32.73622512817383,44.286766052246094,24.332191467285156,21.203773498535156,79.04360961914062,49.64808654785156
2018-10-24,21.5921688079834,41.145423889160156,23.51042366027832,21.784250259399414,60.948490142822266,31.26980209350586,44.47359085083008,24.617366790771484,21.718921661376953,76.4342269897461,48.16498947143555
2018-10-25,21.87003517150879,42.50859451293945,23.7982177734375,22.120851516723633,61.379432678222656,32.34517288208008,44.579193115234375,24.910245895385742,21.38072967529297,77.4237060546875,49.62019348144531
2018-10-26,21.741783142089844,41.358707427978516,23.620573043823242,21.801509857177734,60.77256774902344,31.69808578491211,43.72628402709961,24.26282501220703,20.987485885620117,76.54804229736328,48.07666778564453
2018-10-29,21.69048500061035,40.71885299682617,23.179990768432617,21.991384506225586,59.761173248291016,31.162734985351562,44.22990798950195,24.66360855102539,21.282421112060547,76.7406997680664,47.653602600097656
2018-10-30,22.18636703491211,41.831642150878906,23.71649932861328,22.371143341064453,60.992454528808594,31.511877059936523,45.1071891784668,25.07209587097168,21.365007400512695,77.56378936767578,48.369571685791016
2018-10-31,22.48987579345703,42.694053649902344,23.862178802490234,22.68185806274414,61.458580017089844,32.26138687133789,44.68478775024414,24.73297882080078,21.113327026367188,77.66885375976562,48.992557525634766
2018-11-01,23.122556686401367,42.944435119628906,24.064697265625,22.785430908203125,62.540348052978516,32.63847351074219,45.0015983581543,24.82546615600586,21.01894760131836,78.64956665039062,49.99211502075195
2018-11-02,23.066986083984375,42.50859451293945,24.00429344177246,22.768163681030273,62.434818267822266,32.00069046020508,44.766029357910156,24.617366790771484,20.900972366333008,78.15921783447266,50.19667434692383
2018-11-05,23.135379791259766,42.332401275634766,24.405792236328125,23.130659103393555,62.76021194458008,31.968101501464844,45.32651901245117,25.025863647460938,21.195905685424805,78.85098266601562,50.266422271728516
2018-11-06,23.515838623046875,42.5827751159668,24.51948356628418,23.251487731933594,63.419837951660156,32.16826629638672,45.60269546508789,25.16458511352539,21.337474822998047,79.25377655029297,50.48957443237305
2018-11-07,23.939048767089844,43.361732482910156,24.920988082885742,23.553573608398438,64.44883728027344,33.11330795288086,45.86264419555664,25.44205665588379,21.5812931060791,81.58294677734375,51.85642623901367
2018-11-08,23.836448669433594,42.953712463378906,24.38092041015625,23.62261962890625,64.34333038330078,33.08537673950195,45.887001037597656,25.49600601196289,21.545902252197266,81.62674713134766,51.87036895751953
2018-11-09,23.503009796142578,42.07274627685547,24.33828353881836,23.406850814819336,63.69248962402344,32.51277160644531,46.15506362915039,25.526830673217773,21.577354431152344,81.39031982421875,51.14974594116211
2018-11-12,23.15675163269043,41.442169189453125,23.833751678466797,22.940784454345703,62.434818267822266,31.36756134033203,45.911373138427734,25.58078956604004,21.56555938720703,80.28703308105469,50.12229537963867
2018-11-13,23.08835792541504,41.31233215332031,23.28658676147461,23.07024574279785,62.716243743896484,31.40480613708496,45.8057746887207,25.634735107421875,21.656005859375,79.72662353515625,50.09904479980469
2018-11-14,23.062711715698242,41.516353607177734,23.247499465942383,22.75953483581543,62.50516891479492,31.027721405029297,45.49710464477539,25.627029418945312,21.431856155395508,79.08740234375,49.72246551513672
2018-11-15,23.379047393798828,41.822364807128906,23.588592529296875,23.096139907836914,63.331886291503906,31.805160522460938,45.42399215698242,25.4266414642334,21.25489616394043,79.78792572021484,49.64808654785156
2018-11-16,23.614160537719727,41.61836242675781,23.869285583496094,23.12203025817871,63.31431198120117,31.753952026367188,45.537715911865234,25.788881301879883,21.5812931060791,80.59351348876953,49.452823638916016
2018-11-19,23.276447296142578,40.3571891784668,23.862178802490234,23.1133975982666,62.31171417236328,30.543567657470703,45.46461486816406,25.858247756958008,21.67566680908203,79.56897735595703,48.24404525756836
2018-11-20,22.853246688842773,39.82862854003906,23.080509185791016,22.604177474975586,61.01884841918945,29.887168884277344,44.709171295166016,25.519128799438477,21.585222244262695,78.82470703125,47.15149688720703
2018-11-21,23.03705596923828,40.301544189453125,23.442922592163086,22.62143898010254,61.44979476928711,30.105968475341797,44.35174560546875,25.50370979309082,21.266685485839844,78.37814331054688,47.64430236816406
2018-11-23,22.78911781311035,39.772979736328125,22.707433700561523,22.440196990966797,61.326663970947266,29.831302642822266,44.5060920715332,25.411226272583008,21.278491973876953,78.4919662475586,47.43043518066406
2018-11-26,23.04988670349121,40.68174743652344,23.048526763916016,22.897632598876953,61.77519226074219,30.506328582763672,44.56294250488281,25.46517562866211,21.404327392578125,79.25377655029297,48.49509048461914
2018-11-27,22.767742156982422,40.81157684326172,22.984577178955078,22.91489601135254,61.669681549072266,30.56684684753418,44.96098327636719,25.60391616821289,21.56555938720703,80.07685852050781,48.63922119140625
2018-11-28,23.11827850341797,41.66472244262695,23.378963470458984,23.35506248474121,63.14720916748047,31.6375732421875,45.33464050292969,25.81201171875,21.549829483032227,82.00328826904297,50.0758056640625
2018-11-29,23.284997940063477,41.8038330078125,23.5317440032959,23.156551361083984,63.18238067626953,31.330322265625,45.407745361328125,25.842838287353516,21.541959762573242,82.27468872070312,49.843345642089844
2018-11-30,23.344850540161133,41.738895416259766,23.489107131958008,23.277385711669922,63.79802322387695,31.62826156616211,45.70017623901367,26.089468002319336,21.86049461364746,83.94718933105469,50.205989837646484
2018-12-03,23.755224227905273,41.8038330078125,24.01140594482422,23.42410659790039,64.53678131103516,32.32655334472656,45.740787506103516,26.212793350219727,22.080707550048828,83.54438018798828,51.14510726928711
2018-12-04,23.04988670349121,40.57048034667969,23.322114944458008,22.405664443969727,61.79278564453125,31.102203369140625,44.9691047668457,25.86595916748047,22.096439361572266,81.67929077148438,49.30405044555664
2018-12-06,22.73781967163086,41.024864196777344,22.89219856262207,22.094961166381836,61.44979476928711,31.172046661376953,45.0178337097168,26.575040817260742,22.12003517150879,81.3728256225586,49.541133880615234
2018-12-07,22.190637588500977,40.245906829833984,22.764284133911133,21.67204475402832,59.83152389526367,30.073383331298828,44.4492301940918,26.17425537109375,22.20261573791504,79.29754638671875,48.058074951171875
2018-12-10,22.25048828125,40.55192947387695,22.408985137939453,21.369970321655273,59.98104476928711,30.487709045410156,44.4492301940918,26.074058532714844,22.245878219604492,79.60404205322266,48.09526062011719
2018-12-11,22.17781639099121,40.58903884887695,22.416091918945312,21.162832260131836,59.629249572753906,30.524946212768555,44.814762115478516,26.12030792236328,22.336318969726562,79.84921264648438,48.11386489868164
2018-12-12,22.37018394470215,41.024864196777344,22.50491714477539,21.283658981323242,59.96345901489258,30.762365341186523,44.757904052734375,25.627029418945312,22.194751739501953,80.53221893310547,48.62062454223633
2018-12-13,22.10942268371582,40.83940887451172,22.57597541809082,21.128305435180664,59.796363830566406,30.813579559326172,45.03408432006836,25.80430030822754,22.3874454498291,80.61100006103516,48.37886047363281
2018-12-14,21.938426971435547,40.44065856933594,22.0607852935791,20.92116355895996,58.9696159362793,30.059410095214844,44.27052688598633,25.758056640625,22.34418487548828,77.89652252197266,47.57456970214844
2018-12-17,21.562246322631836,39.65242004394531,21.659290313720703,20.714019775390625,58.002201080322266,29.421634674072266,43.24702072143555,24.794635772705078,21.62455177307129,76.3466567993164,46.36579895019531
2018-12-18,21.681936264038086,39.82862854003906,21.147659301757812,20.63634490966797,58.29243087768555,29.654407501220703,42.735267639160156,25.041275024414062,21.47904396057129,75.68118286132812,46.72842788696289
2018-12-19,21.38697624206543,38.975494384765625,20.898942947387695,20.377424240112305,57.19306945800781,29.067832946777344,42.32099151611328,24.81004524230957,21.443653106689453,74.69172668457031,45.803245544433594
2018-12-20,21.100561141967773,38.289249420166016,20.31979751586914,20.1961727142334,56.146480560302734,28.546443939208984,41.5655517578125,24.509464263916016,21.431856155395508,73.64093780517578,44.77578353881836
2018-12-21,20.91080665588379,37.03701400756836,20.122556686401367,19.792335510253906,55.08635330200195,27.679126739501953,41.134368896484375,24.134389877319336,21.340240478515625,72.72618103027344,43.76110076904297
2018-12-24,20.368682861328125,36.25552749633789,19.308469772338867,19.375476837158203,53.396141052246094,26.940387725830078,39.94575881958008,23.24542999267578,20.44792938232422,70.98450469970703,42.930328369140625
2018-12-26,21.28083610534668,38.2929801940918,20.509870529174805,20.25262451171875,55.882774353027344,28.567472457885742,41.06060028076172,23.986228942871094,20.725534439086914,74.08075714111328,45.474021911621094
2018-12-27,21.67237663269043,38.46974182128906,20.617460250854492,20.49578857421875,56.58185958862305,28.773204803466797,41.45407485961914,24.04081153869629,20.900033950805664,74.89877319335938,45.71672439575195
2018-12-28,21.55620765686035,38.34880065917969,20.459667205810547,20.48711395263672,56.431427001953125,28.70774269104004,41.45407485961914,24.1265869140625,20.951587677001953,74.98674774169922,45.721397399902344
2018-12-31,21.736923217773438,38.40461349487305,20.567251205444336,20.686859130859375,56.997779846191406,28.978919982910156,41.6262092590332,24.173376083374023,20.987281799316406,76.09505462646484,46.21146774291992
2019-01-02,21.848787307739258,38.91631317138672,20.972501754760742,20.86054801940918,57.289791107177734,28.997631072998047,41.38029861450195,23.61972427368164,20.626392364501953,74.94276428222656,46.56151580810547
2019-01-03,21.229204177856445,38.265071868896484,20.764495849609375,20.39158058166504,55.5464973449707,27.534183502197266,41.142574310302734,23.728897094726562,20.62242317199707,73.42105865478516,45.55337905883789
2019-01-04,22.063920974731445,39.911773681640625,21.470989227294922,21.068981170654297,57.652618408203125,28.754499435424805,42.01968002319336,23.970624923706055,20.927799224853516,75.61126708984375,47.06092834472656
2019-01-07,22.14136505126953,40.367645263671875,21.790170669555664,21.095029830932617,58.121612548828125,29.01165008544922,41.962310791015625,24.173376083374023,20.785018920898438,75.90155792236328,48.125064849853516
2019-01-08,22.37371063232422,41.04678726196289,21.95872688293457,21.112407684326172,58.91805648803711,29.25478172302246,42.34757995605469,24.594459533691406,21.042802810668945,76.49088287353516,48.657169342041016
2019-01-09,22.38231658935547,41.10261917114258,22.306594848632812,21.216623306274414,59.3162727355957,29.633499145507812,41.95410919189453,24.493085861206055,20.9158992767334,76.83392333984375,48.904537200927734
2019-01-10,22.58024024963379,41.186344146728516,22.371145248413086,21.22530746459961,60.12154769897461,29.76441192626953,42.20003890991211,24.882976531982422,21.189542770385742,76.98346710205078,48.7645149230957
2019-01-11,22.48987579345703,40.98167419433594,22.238449096679688,21.27741050720215,60.05961608886719,29.70830726623535,42.32298278808594,24.929767608642578,21.1102237701416,77.2385482788086,48.81117630004883
2019-01-14,22.317773818969727,40.832820892333984,22.184659957885742,21.4250545501709,60.050758361816406,29.432449340820312,42.11805725097656,24.85178565979004,20.634326934814453,76.38533782958984,48.512474060058594
2019-01-15,22.171483993530273,41.5119743347168,22.26355743408203,21.616111755371094,59.864925384521484,29.876625061035156,42.536128997802734,25.132511138916016,20.88813591003418,77.75753021240234,48.951210021972656
2019-01-16,22.257537841796875,41.335205078125,22.234865188598633,22.076400756835938,59.9268684387207,29.904674530029297,42.30660629272461,25.249481201171875,20.963483810424805,77.61679077148438,48.83917999267578
2019-01-17,22.64907455444336,41.50267028808594,22.439289093017578,22.197982788085938,60.953372955322266,30.09638023376465,42.486942291259766,25.374248504638672,21.050739288330078,78.30287170410156,49.17055130004883
2019-01-18,23.023408889770508,41.83759689331055,22.894742965698242,22.580108642578125,62.11260986328125,30.55457878112793,42.995182037353516,25.467819213867188,21.07453155517578,79.23526000976562,49.85199737548828
2019-01-22,22.705015182495117,40.972381591796875,22.396257400512695,22.319570541381836,60.829490661621094,30.04026222229004,42.60169219970703,25.421030044555664,21.114192962646484,78.68990325927734,49.10521697998047
2019-01-23,22.55011749267578,40.78630447387695,22.166725158691406,22.345630645751953,60.917972564697266,30.14313507080078,43.10993957519531,25.436626434326172,21.328344345092773,78.77787017822266,49.20323181152344
2019-01-24,22.429649353027344,40.972381591796875,22.285072326660156,22.397743225097656,61.227699279785156,30.395605087280273,42.57710647583008,25.53800392150879,21.439388275146484,78.11815643310547,49.40860366821289
2019-01-25,22.855607986450195,41.49337387084961,22.56839370727539,22.580108642578125,62.006439208984375,30.825756072998047,42.404964447021484,25.834320068359375,21.145915985107422,78.21493530273438,49.954689025878906
2019-01-28,22.821189880371094,41.130523681640625,22.342456817626953,22.51063346862793,61.413536071777344,30.414318084716797,42.58530044555664,26.091644287109375,21.046775817871094,77.32650756835938,49.66530227661133
2019-01-29,23.057828903198242,40.64676284790039,22.41059684753418,22.432472229003906,62.263065338134766,30.08702278137207,42.68366622924805,26.294395446777344,21.10625648498535,77.70474243164062,49.343265533447266
2019-01-30,23.303077697753906,41.23286819458008,22.726181030273438,22.562747955322266,63.2364616394043,31.022125244140625,42.9705810546875,26.512731552124023,21.268863677978516,78.76905822753906,50.31407165527344
2019-01-31,22.954565048217773,42.916805267333984,22.87322425842285,22.52800750732422,63.51078796386719,30.989404678344727,43.765724182128906,26.770071029663086,21.716999053955078,79.75424194335938,50.77146530151367
2019-02-01,23.023408889770508,42.7679328918457,23.271299362182617,22.62353515625,63.60813903808594,31.171749114990234,43.626373291015625,26.60629653930664,21.63371467590332,79.82462310791016,50.02935791015625
2019-02-04,22.98468589782715,43.16798400878906,23.325092315673828,22.71906852722168,64.43112182617188,31.672033309936523,43.90507888793945,26.762266159057617,21.66940689086914,79.59593200683594,50.3560791015625
2019-02-05,23.152490615844727,43.642459869384766,23.3609561920166,22.65827751159668,64.9886245727539,31.93852424621582,43.91328048706055,26.941614151000977,21.713027954101562,79.48155975341797,50.827484130859375
2019-02-06,23.014799118041992,42.66560745239258,23.18881607055664,22.63221549987793,65.00630950927734,32.04607009887695,43.921478271484375,26.7310733795166,21.701133728027344,79.84219360351562,50.617454528808594
2019-02-07,22.696409225463867,42.25624465942383,22.675975799560547,22.406410217285156,64.5638656616211,31.606565475463867,43.888694763183594,26.957216262817383,21.986675262451172,78.96259307861328,50.2020378112793
2019-02-08,22.674890518188477,42.544654846191406,22.571975708007812,22.293519973754883,64.66117095947266,31.788909912109375,44.093624114990234,26.957216262817383,22.081859588623047,79.11211395263672,50.00135040283203
2019-02-11,22.70931625366211,42.107383728027344,22.679561614990234,22.36298942565918,65.00630950927734,31.774892807006836,44.20839309692383,27.03519058227539,22.073928833007812,79.01535034179688,50.09003829956055
2019-02-12,23.217025756835938,42.59117889404297,22.966474533081055,22.69301414489746,66.0151138305664,32.1956901550293,44.552669525146484,26.84804344177246,22.125484466552734,80.0972900390625,50.860145568847656
2019-02-13,23.247142791748047,42.61908721923828,23.253368377685547,22.75380516052246,66.40449523925781,32.237770080566406,44.63465118408203,27.027395248413086,22.062021255493164,80.27322387695312,51.205528259277344
2019-02-14,23.126672744750977,42.77723693847656,23.335847854614258,22.475894927978516,66.0947494506836,32.29386901855469,44.134613037109375,27.12876319885254,22.02633285522461,80.45791625976562,51.01884078979492
2019-02-15,23.440763473510742,42.96330261230469,23.712406158447266,22.953556060791016,66.97969818115234,32.551029205322266,44.552669525146484,27.29252052307129,22.0937557220459,81.67178344726562,51.36890411376953
2019-02-19,23.58705711364746,43.009822845458984,23.78413200378418,22.9882869720459,66.95314025878906,32.56037521362305,44.782203674316406,27.323707580566406,22.22463035583496,81.47825622558594,51.57892990112305
2019-02-20,23.99150276184082,42.86097717285156,23.884553909301758,23.13593292236328,67.2717056274414,32.5977897644043,44.70022201538086,27.15216064453125,22.323780059814453,81.38151550292969,51.68160629272461
2019-02-21,23.896846771240234,42.460914611816406,23.51516342163086,23.014347076416016,66.99739837646484,32.6118049621582,44.83137893676758,27.198951721191406,22.486373901367188,80.66902923583984,51.57892990112305
2019-02-22,24.000104904174805,42.86097717285156,23.583303451538086,22.979602813720703,67.43984985351562,33.027931213378906,44.61825180053711,27.354904174804688,22.625181198120117,81.40788269042969,51.85895538330078
2019-02-25,24.155004501342773,42.90748596191406,23.62274932861328,23.075132369995117,67.70530700683594,33.18690490722656,44.3723258972168,27.12876319885254,22.47844123840332,81.52224731445312,51.6862678527832
2019-02-26,24.017316818237305,42.90748596191406,23.54743766784668,23.005661010742188,67.51947021484375,33.25702667236328,44.39691162109375,27.074180603027344,22.45068359375,81.23197937011719,51.75627517700195
2019-02-27,23.978595733642578,42.69352340698242,23.637100219726562,23.092510223388672,67.78496551513672,33.224300384521484,44.331336975097656,26.988407135009766,22.47844123840332,80.85374450683594,51.71894073486328
2019-02-28,23.686016082763672,42.72141647338867,23.400409698486328,23.031709671020508,67.55487823486328,33.130794525146484,44.54447937011719,27.06638526916504,22.609317779541016,80.61627197265625,51.43890380859375
2019-03-01,23.655895233154297,43.05634307861328,23.830753326416016,23.179357528686523,67.61685180664062,33.3552131652832,44.4625129699707,27.03519058227539,22.656904220581055,81.7597427368164,51.85429763793945
2019-03-04,23.763460159301758,43.11216735839844,23.873794555664062,23.031709671020508,67.31594848632812,33.228981018066406,44.388729095458984,27.144363403320312,22.69655990600586,80.65145874023438,51.69093322753906
2019-03-05,23.651594161987305,43.38196563720703,23.794893264770508,22.944869995117188,66.88236236572266,33.130794525146484,44.35593795776367,27.222339630126953,22.66880226135254,80.60745239257812,51.821624755859375
2019-03-06,23.703224182128906,43.36334991455078,23.493648529052734,22.797229766845703,66.25404357910156,32.957794189453125,44.29035568237305,27.15216064453125,22.66880226135254,79.42878723144531,51.57892990112305
2019-03-07,23.509605407714844,42.98192596435547,23.353782653808594,22.562747955322266,65.85584259033203,32.644535064697266,44.003448486328125,27.12876319885254,22.74415397644043,78.80423736572266,50.953495025634766
2019-03-08,23.548330307006836,42.95399856567383,22.916255950927734,22.554059982299805,65.72311401367188,32.639854431152344,44.028038024902344,27.15216064453125,22.823471069335938,78.63713836669922,50.59878158569336
2019-03-11,23.883934020996094,43.72618865966797,23.274883270263672,22.788541793823242,66.28058624267578,33.3411865234375,44.60186004638672,27.5732421875,22.986072540283203,79.53431701660156,51.294219970703125
2019-03-12,23.97429084777832,43.92156982421875,23.425508499145508,22.840646743774414,65.73194885253906,33.537559509277344,44.61825180053711,27.721397399902344,23.144704818725586,80.11487579345703,51.43890380859375
2019-03-13,24.09046745300293,44.05180358886719,23.662206649780273,22.996976852416992,66.30714416503906,33.75730514526367,44.87237548828125,27.853965759277344,23.168500900268555,80.97689819335938,51.62092590332031
2019-03-14,23.90974998474121,43.85643768310547,23.68730926513672,23.08382225036621,66.08592224121094,33.82744598388672,44.83137893676758,27.92414665222168,23.16453742980957,80.84496307373047,51.466915130615234
2019-03-15,23.9395694732666,43.821956634521484,23.67790985107422,23.24530792236328,65.85271453857422,34.236934661865234,45.08524703979492,27.809640884399414,23.24843406677246,81.21662902832031,51.79707717895508
2019-03-18,23.995742797851562,43.44916534423828,24.006816864013672,23.480995178222656,66.49353790283203,34.38235092163086,45.15117645263672,27.668476104736328,23.160541534423828,81.09303283691406,52.29819107055664
2019-03-19,23.96549415588379,43.523712158203125,23.94176483154297,23.29768180847168,66.25325012207031,34.45270538330078,45.11821746826172,27.590049743652344,22.896854400634766,81.737548828125,52.560455322265625
2019-03-20,23.943889617919922,43.91515350341797,24.151399612426758,22.817581176757812,65.79932403564453,34.35889434814453,44.92864227294922,27.715534210205078,22.95677947998047,81.17250061035156,52.63538360595703
2019-03-21,24.198843002319336,44.49298858642578,24.321264266967773,22.747756958007812,66.43124389648438,35.221961975097656,45.45614242553711,28.209617614746094,23.200498580932617,81.49034118652344,53.356605529785156
2019-03-22,23.477201461791992,43.77535629272461,23.663455963134766,22.11927032470703,64.92709350585938,34.3917350769043,45.39845275878906,28.076292037963867,23.368289947509766,80.00711059570312,52.29819107055664
2019-03-25,23.43398666381836,43.7008056640625,23.674297332763672,22.023242950439453,65.07840728759766,34.24162673950195,45.489112854003906,28.09981918334961,23.388273239135742,79.96293640136719,52.6072883605957
2019-03-26,23.57658576965332,43.91515350341797,24.014049530029297,22.28511619567871,65.51453399658203,34.429264068603516,45.87649917602539,28.272350311279297,23.55607032775879,80.51034545898438,52.83208465576172
2019-03-27,23.546337127685547,43.59828186035156,23.844165802001953,22.189102172851562,65.58573150634766,34.23224639892578,45.71989059448242,28.178245544433594,23.39226531982422,79.8393325805664,52.724369049072266
2019-03-28,23.775360107421875,43.495765686035156,23.93453025817871,22.38113784790039,66.06632232666016,34.37295913696289,45.942447662353516,28.41352653503418,23.116596221923828,80.04240417480469,53.0428352355957
2019-03-29,23.982778549194336,43.588958740234375,23.89838218688965,22.442241668701172,66.77835083007812,34.710689544677734,46.247406005859375,28.405677795410156,23.240447998046875,81.00474548339844,53.31914520263672
2019-04-01,24.341442108154297,44.250667572021484,24.21283721923828,22.992168426513672,68.15789031982422,35.1844482421875,46.09080123901367,28.31940269470215,23.08063507080078,81.12836456298828,53.904544830322266
2019-04-02,24.42354393005371,44.48368453979492,24.04657554626465,22.974714279174805,68.13117980957031,35.30640411376953,45.71165466308594,28.562524795532227,23.11259651184082,80.94294738769531,53.89519119262695
2019-04-03,24.743316650390625,44.65142822265625,23.815258026123047,23.044540405273438,67.92646789550781,35.59252166748047,45.489112854003906,28.531158447265625,23.076641082763672,80.83699035644531,54.27454376220703
2019-04-04,24.99394416809082,44.9030647277832,24.014049530029297,23.184207916259766,68.34479522705078,35.44243240356445,45.662208557128906,28.44489097595215,22.996732711791992,80.66925811767578,54.71477127075195
2019-04-05,24.985301971435547,45.033538818359375,24.436925888061523,23.219125747680664,68.54058837890625,35.61129379272461,45.818809509277344,28.66448402404785,23.212480545043945,81.2254638671875,55.03790283203125
2019-04-08,24.99394416809082,44.949649810791016,24.545364379882812,23.24530792236328,68.24687957763672,35.747314453125,46.00836944580078,28.523313522338867,23.048669815063477,81.20783233642578,55.2346076965332
2019-04-09,24.812450408935547,45.07081985473633,24.245370864868164,23.05327033996582,67.32125091552734,35.578460693359375,45.95067596435547,28.43704605102539,23.1046085357666,80.99591064453125,54.73816680908203
2019-04-10,24.79949378967285,45.266536712646484,24.33573341369629,23.12310028076172,67.30347442626953,35.827056884765625,46.082557678222656,28.66448402404785,23.032691955566406,81.02239990234375,55.00044250488281
2019-04-11,24.786527633666992,45.294498443603516,24.353801727294922,23.262765884399414,67.8819580078125,35.78015899658203,46.173240661621094,28.625268936157227,23.148550033569336,80.02473449707031,55.070682525634766
2019-04-12,25.114938735961914,45.68593215942383,24.418861389160156,23.69048309326172,68.78089904785156,36.02875900268555,46.32158279418945,28.782121658325195,23.256425857543945,79.29193115234375,55.41257095336914
2019-04-15,24.998266220092773,45.648651123046875,24.274288177490234,23.54209327697754,68.398193359375,36.01469421386719,46.59358215332031,28.60957908630371,23.252429962158203,79.60978698730469,55.52496337890625
2019-04-16,25.110620498657227,45.69524383544922,24.433319091796875,23.873794555664062,68.81649780273438,36.19761657714844,46.60183334350586,27.935131072998047,22.964773178100586,77.97645568847656,55.76850128173828
2019-04-17,24.955053329467773,45.77912521362305,24.400787353515625,23.934894561767578,68.9054946899414,36.39931869506836,46.83259582519531,27.644956588745117,22.87687873840332,75.73391723632812,55.87621307373047
2019-04-18,24.985301971435547,45.80708312988281,24.285131454467773,23.865068435668945,69.6976318359375,36.50251770019531,46.873817443847656,27.864538192749023,22.888858795166016,75.85752868652344,55.85749053955078
2019-04-22,24.816776275634766,46.012123107910156,24.798368453979492,23.795236587524414,69.48400115966797,36.586944580078125,46.89030075073242,27.55868148803711,22.86888885498047,75.90168762207031,55.646728515625
2019-04-23,24.92913055419922,46.627227783203125,24.75861358642578,23.943628311157227,70.08922576904297,36.985652923583984,46.741939544677734,27.872385025024414,22.932811737060547,77.10240173339844,56.31175994873047
2019-04-24,24.77356719970703,46.41286849975586,24.324888229370117,23.917444229125977,69.8845443725586,36.99971389770508,46.84084701538086,28.068452835083008,23.08063507080078,77.01410675048828,56.36328125
2019-04-25,24.458110809326172,46.934783935546875,24.24898338317871,23.961082458496094,68.4782943725586,36.9903450012207,46.54412841796875,28.037078857421875,23.1765193939209,77.8087158203125,56.0682373046875
2019-04-26,24.661211013793945,47.307586669921875,23.93453025817871,24.179309844970703,68.9945068359375,36.8496208190918,46.9644775390625,28.22530174255371,23.212480545043945,78.58563995361328,56.51313781738281
2019-04-29,24.613677978515625,47.73630142211914,23.9128475189209,24.423721313476562,69.15470886230469,36.859004974365234,47.02218246459961,27.935131072998047,23.076641082763672,78.44438934326172,56.316436767578125
2019-04-30,24.825416564941406,46.664520263671875,23.894771575927734,24.458637237548828,69.43061828613281,36.919979095458984,47.566165924072266,28.256669998168945,23.456186294555664,78.80636596679688,56.23213577270508
2019-05-01,24.376012802124023,46.422203063964844,23.417667388916016,24.257875442504883,68.97669219970703,36.826175689697266,46.9809684753418,28.256669998168945,23.216480255126953,78.66510009765625,55.54838562011719
2019-05-02,24.25069808959961,46.235809326171875,23.00924301147461,24.28406524658203,68.94109344482422,36.63386535644531,46.9644775390625,28.31156349182129,23.16453742980957,79.00062561035156,55.59052658081055
2019-05-03,24.48836326599121,46.68315887451172,23.22249412536621,24.50228500366211,69.77771759033203,36.98096466064453,47.31890106201172,28.507625579833984,23.29238510131836,79.6009521484375,56.24620056152344
2019-05-06,24.138341903686523,46.608604431152344,23.24418067932129,24.33643341064453,69.1102066040039,36.69482421875,47.24471664428711,28.389999389648438,23.16453742980957,80.00711059570312,55.90431213378906
2019-05-07,23.71487045288086,45.85369110107422,23.041770935058594,23.934894561767578,67.7128677368164,35.90679931640625,46.77490997314453,27.903751373291016,23.092618942260742,78.47086334228516,55.05663299560547
2019-05-08,23.693254470825195,45.77912521362305,23.041770935058594,23.882526397705078,67.7128677368164,35.86458206176758,46.766666412353516,27.903751373291016,22.77699089050293,78.63861083984375,55.07536697387695
2019-05-09,23.5074462890625,45.639320373535156,23.041770935058594,23.830158233642578,67.6149673461914,35.62067794799805,46.66776657104492,27.99786949157715,22.749032974243164,78.47086334228516,54.850582122802734
2019-05-10,23.827219009399414,45.769813537597656,23.150205612182617,23.987272262573242,67.8819580078125,35.73325729370117,47.23647689819336,28.31940269470215,23.156545639038086,78.49739074707031,54.93019104003906
2019-05-13,23.2913875579834,44.35319519042969,22.752626419067383,23.288955688476562,65.95063781738281,34.38705062866211,46.79139709472656,28.31940269470215,23.404251098632812,77.0229263305664,53.295738220214844
2019-05-14,23.490158081054688,44.604820251464844,23.03093147277832,23.472267150878906,66.63595581054688,34.940521240234375,47.01393127441406,28.421363830566406,23.24843406677246,77.41140747070312,53.834293365478516
2019-05-15,23.429668426513672,45.60205841064453,23.150205612182617,23.384971618652344,66.72496032714844,35.320465087890625,47.38482666015625,28.60957908630371,23.208480834960938,77.64096069335938,54.19960021972656
2019-05-16,23.758071899414062,46.0027961730957,23.276710510253906,23.62065315246582,67.33905029296875,35.644126892089844,47.755741119384766,28.774274826049805,23.36429786682129,78.2501220703125,54.700714111328125
2019-05-17,23.615480422973633,45.667293548583984,23.041770935058594,23.463533401489258,66.5914535522461,35.35800552368164,47.59914779663086,28.73505973815918,23.484153747558594,78.08241271972656,54.283897399902344
2019-05-20,23.27842140197754,44.912384033203125,23.0526180267334,23.48971939086914,66.42234802246094,34.7435302734375,47.48373794555664,28.272350311279297,23.5161190032959,78.04708862304688,53.899879455566406
2019-05-21,23.6370849609375,45.40633010864258,23.320079803466797,23.734132766723633,67.20558166503906,35.170372009277344,47.38482666015625,28.507625579833984,23.5600643157959,78.77989196777344,54.27454376220703
2019-05-22,23.47287940979004,45.35972595214844,22.958646774291992,23.59446907043457,66.65374755859375,34.987430572509766,47.59914779663086,28.640960693359375,23.735857009887695,79.23014831542969,53.717220306396484
2019-05-23,23.114213943481445,44.725990295410156,22.188777923583984,23.262765884399414,65.6391372680664,34.37295913696289,47.5826530456543,28.782121658325195,23.939613342285156,78.95645141601562,53.05220413208008
2019-05-24,23.24384880065918,44.71666717529297,22.271907806396484,23.446075439453125,65.66583251953125,34.38235092163086,47.40955352783203,28.821334838867188,23.903661727905273,79.07122802734375,53.12246322631836
2019-05-28,23.0105037689209,44.912384033203125,22.04058837890625,23.175477981567383,65.06060028076172,34.28384017944336,46.63478469848633,28.523313522338867,23.512123107910156,77.94114685058594,52.77119064331055
2019-05-29,23.01482391357422,44.47434997558594,21.899625778198242,23.131834030151367,64.76687622070312,34.08214569091797,46.29685592651367,28.193937301635742,23.200498580932617,77.1906967163086,52.3028678894043
2019-05-30,23.0537166595459,44.576873779296875,21.62131690979004,23.05327033996582,65.01610565185547,34.29322052001953,46.49467086791992,28.366464614868164,23.16453742980957,77.6144790649414,52.64476013183594
2019-05-31,22.794443130493164,43.88719177246094,21.241806030273438,22.704111099243164,64.12610626220703,33.720977783203125,45.835296630859375,28.601741790771484,23.272409439086914,77.05825805664062,51.95631790161133
2019-06-03,23.511762619018555,42.50786209106445,21.512889862060547,22.852500915527344,64.56219482421875,33.12995147705078,46.41225051879883,28.711536407470703,23.50413703918457,77.24364471435547,51.52075958251953
2019-06-04,24.172914505004883,43.42120361328125,21.885169982910156,23.472267150878906,66.10191345214844,34.236934661865234,46.83259582519531,28.5546875,23.524112701416016,78.52385711669922,52.916385650634766
2019-06-05,24.35008430480957,43.439842224121094,21.643003463745117,23.62065315246582,66.74274444580078,34.68255615234375,47.36835861206055,29.205612182617188,24.02751922607422,79.1153793334961,53.178646087646484
2019-06-06,24.639606475830078,43.62623977661133,22.044206619262695,23.707950592041016,66.85845184326172,35.0859375,47.862892150878906,29.260517120361328,24.17534065246582,79.52149200439453,53.45027542114258
2019-06-07,24.859987258911133,44.33455276489258,22.145404815673828,23.67302894592285,67.39244842529297,35.73793411254883,48.324459075927734,29.354618072509766,23.99555206298828,80.3514175415039,54.22301483154297
2019-06-10,24.903202056884766,44.297264099121094,22.210464477539062,23.873794555664062,67.4814682006836,36.10380554199219,48.340946197509766,29.25266456604004,23.831743240356445,80.58979034423828,54.68199157714844
2019-06-11,24.88591766357422,44.48368453979492,22.25383186340332,23.882526397705078,66.90296936035156,36.10380554199219,48.4975471496582,29.307567596435547,23.687911987304688,80.4573745727539,54.892723083496094
2019-06-12,24.968019485473633,44.26930236816406,21.93938446044922,23.646848678588867,67.04535675048828,35.90211486816406,48.57172775268555,29.417369842529297,23.99555206298828,80.8458251953125,54.878665924072266
2019-06-13,25.114938735961914,44.76325988769531,22.19600486755371,23.725400924682617,67.38356018066406,36.0099983215332,48.67887878417969,29.456579208374023,24.043493270874023,80.74869537353516,55.370426177978516
2019-06-14,25.006906509399414,44.84714126586914,22.051429748535156,23.77777671813965,67.1165542602539,35.69572448730469,48.70359802246094,29.582054138183594,24.295196533203125,80.56330871582031,55.49217987060547
2019-06-17,24.77788734436035,45.35972595214844,22.235769271850586,23.559547424316406,66.88516235351562,35.723873138427734,48.5634880065918,29.903608322143555,24.22728157043457,80.92527770996094,55.51560592651367
2019-06-18,24.972341537475586,45.61136245727539,22.54298973083496,23.873794555664062,68.1845703125,36.37117385864258,48.29973220825195,29.817340850830078,24.127397537231445,81.61395263671875,55.93709945678711
2019-06-19,24.834060668945312,45.667293548583984,22.51768684387207,23.830158233642578,68.13117980957031,36.50251770019531,48.4975471496582,30.013399124145508,24.311176300048828,82.34674072265625,56.040122985839844
2019-06-20,25.14950942993164,45.956199645996094,23.01647186279297,23.934894561767578,69.27043151855469,37.0372428894043,48.926143646240234,30.19377899169922,24.466991424560547,82.70872497558594,56.42884063720703
2019-06-21,25.06952667236328,46.1505241394043,23.182796478271484,23.881383895874023,68.9012451171875,36.86214065551758,48.76751708984375,29.85624122619629,24.561628341674805,83.10595703125,56.16755294799805
2019-06-24,25.165157318115234,46.26262664794922,22.974895477294922,23.78487777709961,68.76715087890625,36.93275451660156,48.89208984375,29.7060604095459,24.56968116760254,82.67149353027344,55.866790771484375
2019-06-25,25.178199768066406,45.40314483642578,22.79252815246582,23.705909729003906,68.24869537353516,36.25490188598633,48.867183685302734,29.30290985107422,24.42068099975586,82.33454895019531,55.331050872802734
2019-06-26,25.13473129272461,45.22564697265625,23.14267921447754,23.662044525146484,68.41853332519531,36.64561462402344,48.169551849365234,28.7337646484375,23.889097213745117,81.29718780517578,55.509639739990234
2019-06-27,25.21731948852539,45.54327392578125,22.97124671936035,23.872604370117188,68.48111724853516,36.73975372314453,48.26090621948242,28.97091293334961,23.921310424804688,81.86459350585938,55.85738754272461
2019-06-28,25.430330276489258,45.98236083984375,23.237504959106445,24.21476936340332,69.20516204833984,36.73504638671875,48.227684020996094,29.06576919555664,24.013933181762695,82.13948822021484,56.01716613769531
2019-07-01,25.625951766967773,46.356048583984375,23.2593936920166,24.504302978515625,69.26773071289062,37.31874084472656,48.518367767333984,29.01043701171875,23.953529357910156,82.5473403930664,56.51060485839844
2019-07-02,25.599864959716797,46.78580093383789,22.88735580444336,24.442882537841797,69.17832946777344,37.41758346557617,48.941917419433594,29.547971725463867,24.27972984313965,82.99067687988281,56.63279724121094
2019-07-03,25.730274200439453,47.0286979675293,22.978546142578125,24.635902404785156,69.56269836425781,37.70472717285156,49.548194885253906,29.97480583190918,24.448869705200195,83.69996643066406,57.126243591308594
2019-07-05,25.612905502319336,47.09408187866211,23.011369705200195,24.70608901977539,69.2856216430664,37.634117126464844,49.3322639465332,29.808820724487305,24.436784744262695,83.12369537353516,57.1920280456543
2019-07-08,25.317310333251953,46.67368698120117,23.0441951751709,24.583261489868164,68.71350860595703,37.346988677978516,49.39870834350586,29.919483184814453,24.47303009033203,82.50300598144531,57.26252365112305
2019-07-09,25.06952667236328,46.963287353515625,23.06243133544922,24.627126693725586,68.5615463256836,37.47877883911133,49.108028411865234,30.07757568359375,24.5052490234375,82.58280944824219,57.3236083984375
2019-07-10,25.017356872558594,47.49580764770508,23.357873916625977,24.539392471313477,68.40065002441406,37.77534103393555,49.42361831665039,30.243574142456055,24.561628341674805,82.86653900146484,57.53038787841797
2019-07-11,25.126033782958984,47.52383041381836,23.405282974243164,24.679765701293945,68.86547088623047,37.91654968261719,49.548194885253906,29.85624122619629,24.56968116760254,82.88428497314453,57.64787292480469
2019-07-12,25.373815536499023,47.869476318359375,23.503768920898438,24.846464157104492,70.0722427368164,38.19426727294922,49.68938446044922,29.737672805786133,24.408601760864258,81.96217346191406,58.31050491333008
2019-07-15,25.39120864868164,47.87882995605469,23.292219161987305,24.70608901977539,69.78618621826172,38.321380615234375,49.80565643310547,29.77719497680664,24.5052490234375,82.13948822021484,58.498470306396484
2019-07-16,25.45206642150879,47.766719818115234,23.0441951751709,24.644670486450195,70.233154296875,37.9636344909668,49.822265625,29.729766845703125,24.364301681518555,81.73163604736328,58.42327117919922
2019-07-17,25.22601890563965,47.31829071044922,22.781585693359375,24.434110641479492,68.73139190673828,37.864776611328125,49.764122009277344,29.579580307006836,24.456924438476562,81.7493667602539,57.864051818847656
2019-07-18,25.33469009399414,46.93526840209961,22.785226821899414,24.61835479736328,68.85652923583984,38.1472053527832,50.09633255004883,29.571672439575195,24.670360565185547,82.21043395996094,57.78886413574219
2019-07-19,25.39120864868164,46.328025817871094,22.891002655029297,24.51307487487793,69.23197174072266,37.982444763183594,49.780738830566406,29.0894775390625,24.311946868896484,81.35922241210938,57.408203125
2019-07-22,25.325998306274414,46.50551986694336,22.996774673461914,24.56571388244629,69.2856216430664,38.42021179199219,49.49006652832031,29.057851791381836,24.259593963623047,81.1907730102539,57.44110107421875
2019-07-23,25.847652435302734,46.68303298950195,23.058786392211914,24.82014274597168,70.16162109375,38.63205337524414,49.8471794128418,29.342435836791992,24.106569290161133,81.69618225097656,57.831153869628906
2019-07-24,25.83026123046875,47.09408187866211,23.15726661682129,25.074567794799805,70.46553039550781,38.95214080810547,49.514984130859375,29.318716049194336,24.126699447631836,81.74050903320312,58.12251281738281
2019-07-25,25.643333435058594,46.97263717651367,22.8946533203125,24.89910125732422,70.3225326538086,38.79209899902344,49.581424713134766,29.192243576049805,24.066287994384766,81.34150695800781,57.798255920410156
2019-07-26,25.673768997192383,48.31791687011719,22.77794075012207,25.171083450317383,70.17057800292969,38.87682342529297,50.13785934448242,29.2871036529541,24.154888153076172,81.63410186767578,58.06142044067383
2019-07-29,25.586824417114258,48.0469856262207,22.686752319335938,24.978065490722656,70.04541778564453,38.85329055786133,50.22922134399414,29.39777183532715,24.27972984313965,81.97101593017578,57.77944564819336
2019-07-30,25.756364822387695,47.82278060913086,22.94207191467285,24.90787696838379,70.34933471679688,38.60380172729492,50.37871170043945,29.69024658203125,24.094480514526367,81.61637115478516,57.389408111572266
2019-07-31,25.360774993896484,47.43975067138672,22.869123458862305,24.785049438476562,69.56269836425781,38.020111083984375,49.357173919677734,29.571672439575195,23.981719970703125,80.80951690673828,56.73149490356445
2019-08-01,25.21731948852539,47.21552658081055,22.35118865966797,24.22354507446289,68.21295166015625,37.82712173461914,49.18276596069336,29.6428165435791,24.227375030517578,80.91590881347656,55.96078109741211
2019-08-02,24.921730041503906,46.75776672363281,22.030214309692383,24.21476936340332,67.77493286132812,37.210472106933594,49.19107437133789,29.872055053710938,24.22335433959961,80.7297134399414,55.5002326965332
2019-08-05,24.452241897583008,45.244327545166016,21.37369155883789,23.407615661621094,65.89774322509766,35.6570930480957,47.91209411621094,29.30290985107422,23.877012252807617,78.83228302001953,54.01052474975586
2019-08-06,24.4826717376709,45.89826965332031,21.34815788269043,23.78487777709961,66.88998413085938,36.25020217895508,48.34395980834961,29.66653060913086,24.175020217895508,79.85192108154297,54.83292007446289
2019-08-07,24.82173728942871,45.95433807373047,21.18767547607422,23.46902847290039,66.8542251586914,36.47614288330078,48.908695220947266,29.94319725036621,24.235427856445312,79.87852478027344,55.05378341674805
2019-08-08,25.295578002929688,46.87921905517578,21.796789169311523,23.91647720336914,67.98946380615234,37.370513916015625,49.539894104003906,30.417482376098633,24.48511505126953,80.94249725341797,56.11585998535156
2019-08-09,25.09560775756836,46.356048583984375,21.556060791015625,23.837514877319336,67.41738891601562,36.94686508178711,49.26581573486328,30.40957260131836,24.5132999420166,81.0400390625,55.589515686035156
2019-08-12,24.704370498657227,45.860904693603516,21.300743103027344,23.38129425048828,66.48771667480469,36.46202850341797,48.93362045288086,30.385862350463867,24.46497917175293,80.25091552734375,54.78122329711914
2019-08-13,24.96953773498535,46.53355407714844,21.49770164489746,23.670820236206055,67.28331756591797,37.37522506713867,49.49006652832031,30.401662826538086,24.481090545654297,81.29718780517578,55.68350601196289
2019-08-14,24.17837142944336,44.87997817993164,20.655160903930664,22.793474197387695,65.22734832763672,36.22665786743164,48.70938491821289,29.927387237548828,24.27972984313965,79.03621673583984,53.94002151489258
2019-08-15,24.187068939208984,44.9547233581543,20.527494430541992,22.90753173828125,65.15582275390625,36.160762786865234,49.44023132324219,30.346338272094727,24.593849182128906,79.3110580444336,53.850730895996094
2019-08-16,24.613082885742188,45.533935546875,20.797407150268555,23.311105728149414,66.41621398925781,36.8480224609375,50.00497055053711,30.55976676940918,24.718687057495117,80.28640747070312,54.461669921875
2019-08-19,24.808704376220703,46.24394607543945,21.256977081298828,23.547992706298828,67.04193115234375,37.40816116333008,50.50328063964844,30.8364315032959,24.875743865966797,81.05779266357422,55.14778137207031
2019-08-20,24.5174503326416,45.93565368652344,21.07825469970703,23.232147216796875,66.64864349365234,37.219886779785156,49.95514678955078,30.607196807861328,24.835474014282227,80.36618041992188,55.16187286376953
2019-08-21,24.64350700378418,46.11314010620117,21.213205337524414,23.337432861328125,67.05982208251953,37.657657623291016,50.08803176879883,30.733665466308594,25.000591278076172,80.9602279663086,56.22394943237305
2019-08-22,24.47832679748535,46.01039505004883,21.118375778198242,23.495346069335938,67.15814208984375,37.56822204589844,50.35378646850586,30.883859634399414,25.024755477905273,80.56124877929688,56.23805618286133
2019-08-23,23.88712501525879,44.749183654785156,20.410778045654297,22.89874839782715,65.36141967773438,36.32551956176758,49.514984130859375,30.496532440185547,24.758960723876953,78.69927215576172,54.74362564086914
2019-08-26,23.965368270874023,45.421836853027344,20.498319625854492,23.11808967590332,65.84413146972656,36.829185485839844,50.12955856323242,30.781103134155273,25.04488754272461,79.52386474609375,55.28406524658203
2019-08-27,23.982759475708008,45.50590515136719,20.370656967163086,22.97770881652832,65.50446319580078,36.77269744873047,49.988365173339844,30.678340911865234,25.08918571472168,79.05393981933594,55.011497497558594
2019-08-28,24.1696834564209,45.6180305480957,20.662452697753906,23.188282012939453,66.30895233154297,36.8056526184082,50.470054626464844,30.765289306640625,25.020727157592773,79.63026428222656,55.69761276245117
2019-08-29,24.47832679748535,46.328025817871094,20.96518325805664,23.539215087890625,67.4441909790039,37.44583511352539,50.49497604370117,30.98661994934082,25.193897247314453,80.23316955566406,56.53410339355469
2019-08-30,24.64350700378418,46.271968841552734,20.96518325805664,23.618183135986328,67.72130584716797,37.436424255371094,50.42853546142578,30.994525909423828,25.20195198059082,80.33072662353516,56.19574737548828
2019-09-03,24.447891235351562,45.8141975402832,20.863059997558594,23.372522354125977,66.80057525634766,36.97981643676758,50.71920394897461,31.437206268310547,25.64896011352539,79.86079406738281,55.96548080444336
2019-09-04,24.74784278869629,46.70170974731445,21.15484619140625,23.600631713867188,67.6497802734375,37.6105842590332,51.175987243652344,31.698043823242188,25.673128128051758,79.91399383544922,56.5200080871582
2019-09-05,24.786964416503906,47.49580764770508,21.417463302612305,24.08316993713379,68.86547088623047,38.39668655395508,50.86040496826172,31.4213809967041,25.395252227783203,80.70310974121094,57.60088348388672
2019-09-06,24.882596969604492,47.39303970336914,21.530529022216797,24.07439422607422,69.00849151611328,38.363739013671875,51.026493072509766,31.46090316772461,25.29457664489746,80.9247817993164,57.74186706542969
2019-09-09,24.752193450927734,47.542510986328125,21.960922241210938,24.442882537841797,69.21409606933594,38.076602935791016,50.91022491455078,31.223764419555664,25.16973114013672,80.17999267578125,57.962730407714844
2019-09-10,24.995620727539062,47.607906341552734,22.219884872436523,24.53061866760254,69.84876251220703,37.88360595703125,50.59463882446289,30.765289306640625,25.20195198059082,80.41053009033203,57.73246383666992
2019-09-11,25.234712600708008,47.86014175415039,22.24176788330078,24.670995712280273,70.50131225585938,38.27901077270508,50.77734375,30.69415283203125,25.45163345336914,81.20849609375,57.840545654296875
2019-09-12,25.430330276489258,48.000274658203125,22.103168487548828,24.802595138549805,70.54598999023438,38.486114501953125,50.9849739074707,30.87595558166504,25.508014678955078,81.18190002441406,58.11781311035156
2019-09-13,25.708539962768555,47.916202545166016,22.27824592590332,24.995615005493164,70.93035888671875,38.203697204589844,50.694297790527344,30.50443458557129,25.346925735473633,81.13755798339844,58.000328063964844
2019-09-16,25.286880493164062,47.73869323730469,23.02596664428711,24.90787696838379,70.86781311035156,38.10954666137695,50.20430374145508,30.82062530517578,25.3670597076416,80.9602279663086,57.257816314697266
2019-09-17,25.49118995666504,47.785400390625,22.70499038696289,24.93419647216797,70.83204650878906,38.26488494873047,50.478363037109375,31.255380630493164,25.58855628967285,81.0843734741211,57.60557174682617
2019-09-18,25.504234313964844,47.729347229003906,22.595571517944336,25.021934509277344,70.72477722167969,38.26019287109375,50.56141662597656,31.160520553588867,25.69728660583496,81.07551574707031,57.57738494873047
2019-09-19,25.547704696655273,47.776058197021484,22.53721046447754,24.90787696838379,70.3672103881836,38.344905853271484,50.55310821533203,31.2632999420166,25.81810188293457,81.4567642211914,57.422306060791016
2019-09-20,25.488279342651367,47.46611785888672,22.55561637878418,24.761493682861328,69.92239379882812,37.89775085449219,50.39270782470703,31.130388259887695,25.92037010192871,81.91084289550781,56.76408767700195
2019-09-23,25.427122116088867,47.29756546020508,22.56297492980957,24.805583953857422,69.78762817382812,38.01578903198242,50.59321212768555,31.241806030273438,25.924434661865234,81.47455596923828,56.96211624145508
2019-09-24,25.208675384521484,46.58591079711914,22.20594596862793,24.567495346069336,69.3922119140625,37.647491455078125,50.802066802978516,31.202011108398438,26.228801727294922,80.72669982910156,56.353878021240234
2019-09-25,25.339744567871094,47.11965560913086,22.242748260498047,24.770313262939453,69.84152221679688,38.0960693359375,50.83548355102539,31.170190811157227,26.212566375732422,80.33495330810547,56.86781692504883
2019-09-26,25.282941818237305,46.66081237792969,21.951969146728516,24.65567398071289,69.94036865234375,38.13855743408203,51.119537353515625,31.472585678100586,26.350553512573242,79.88977813720703,56.62263107299805
2019-09-27,25.21303939819336,46.13642883300781,21.948291778564453,24.75267791748047,69.66181182861328,37.62860870361328,51.06105041503906,31.265676498413086,26.257211685180664,79.53365325927734,56.42460250854492
2019-09-30,25.427122116088867,46.370521545410156,21.790019989013672,24.690950393676758,69.76063537597656,38.02523422241211,51.311668395996094,31.305471420288086,26.27344512939453,80.24591827392578,56.91025161743164
2019-10-01,24.828577041625977,45.9023323059082,21.285757064819336,24.17068099975586,68.08919525146484,37.67109298706055,51.17800521850586,31.034900665283203,26.212566375732422,79.46241760253906,56.43404006958008
2019-10-02,24.382946014404297,45.209388732910156,20.763090133666992,23.676860809326172,66.80415344238281,36.96281814575195,50.15043640136719,30.843921661376953,25.863554000854492,78.30497741699219,55.42030715942383
2019-10-03,24.47032356262207,45.64949417114258,20.98761558532715,23.77385711669922,67.2444839477539,37.416114807128906,50.501319885253906,31.20997428894043,25.924434661865234,79.00833892822266,55.68905258178711
2019-10-04,24.601396560668945,46.267520904541016,21.1201229095459,24.214765548706055,67.94541931152344,38.03468322753906,51.29497146606445,31.353219985961914,26.28561782836914,80.24591827392578,56.212425231933594
2019-10-07,24.514013290405273,46.267520904541016,20.932405471801758,24.0913143157959,67.60394287109375,37.87413787841797,50.87725830078125,31.29751205444336,26.184160232543945,79.97881317138672,55.96724319458008
2019-10-08,24.085857391357422,45.51841735839844,20.57537269592285,23.61512565612793,66.56150817871094,37.18001937866211,50.39270782470703,31.14630889892578,25.940662384033203,78.45635223388672,55.37786865234375
2019-10-09,24.35673713684082,45.78997039794922,20.763090133666992,23.835590362548828,67.1276626586914,37.732486724853516,50.77699661254883,31.241806030273438,26.06647491455078,79.0261459350586,55.849361419677734
2019-10-10,24.579547882080078,46.05215072631836,21.0244197845459,24.082496643066406,67.73873138427734,37.9921875,50.87725830078125,31.321386337280273,26.038061141967773,79.41791534423828,56.22185516357422
2019-10-11,25.055757522583008,46.59526824951172,21.30783462524414,24.38231086730957,69.0147705078125,38.51631164550781,50.82712936401367,31.217933654785156,25.940662384033203,80.07674407958984,56.85838317871094
2019-10-14,24.87664031982422,46.49225997924805,21.296794891357422,24.417591094970703,68.88001251220703,38.49270248413086,50.576515197753906,31.265676498413086,25.774274826049805,80.04114532470703,56.8300895690918
2019-10-15,25.051387786865234,47.2882080078125,21.385133743286133,24.770313262939453,69.43712615966797,38.917667388916016,50.359283447265625,31.28954315185547,25.693103790283203,81.50128173828125,57.329891204833984
2019-10-16,25.10382080078125,47.37248229980469,21.086997985839844,24.708587646484375,69.40119171142578,38.648521423339844,50.40941619873047,31.249759674072266,25.74992561340332,81.39445495605469,57.565643310546875
2019-10-17,25.169357299804688,47.65339279174805,21.101713180541992,24.72622299194336,69.74266052246094,38.57297897338867,50.64333724975586,31.4566593170166,25.81485939025879,81.99986267089844,57.71652603149414
2019-10-18,25.12566375732422,47.10091781616211,20.99129295349121,24.78795051574707,69.14060974121094,38.204673767089844,50.74359130859375,31.759052276611328,25.900081634521484,81.6971435546875,57.60335159301758
2019-10-21,25.047027587890625,47.3818473815918,21.36672592163086,25.13186264038086,69.55396270751953,38.6154670715332,50.910675048828125,31.973905563354492,26.001537322998047,81.60811614990234,57.80610656738281
2019-10-22,24.942171096801758,46.92300796508789,21.642784118652344,25.06131362915039,70.1021499633789,38.0960693359375,50.9273796081543,31.878421783447266,26.111112594604492,81.78620147705078,57.43833541870117
2019-10-23,25.09945297241211,47.2882080078125,21.82314109802246,25.167137145996094,70.0931396484375,38.12912368774414,51.16129684448242,31.934125900268555,26.216629028320312,82.29368591308594,57.174293518066406
2019-10-24,25.178091049194336,46.754451751708984,21.731128692626953,25.13186264038086,70.19197845458984,38.686302185058594,51.33673858642578,31.81475067138672,26.305910110473633,81.8752212524414,57.14599609375
2019-10-25,25.453330993652344,47.11965560913086,21.90780258178711,25.255321502685547,70.63231658935547,39.15376281738281,51.03597640991211,31.424835205078125,26.038061141967773,81.9642562866211,57.07999038696289
2019-10-28,25.53197479248047,47.559757232666016,21.782657623291016,25.387590408325195,70.83001708984375,39.64956283569336,50.93573760986328,31.090604782104492,25.680932998657227,82.81008911132812,57.25916290283203
2019-10-29,25.689252853393555,47.1290168762207,21.870988845825195,25.449310302734375,71.06364440917969,39.29069900512695,50.93573760986328,31.170190811157227,25.70528221130371,83.98530578613281,56.93382263183594
2019-10-30,25.71109962463379,47.260108947753906,21.42562484741211,25.431682586669922,71.31526947021484,39.53150939941406,51.16965866088867,31.400951385498047,25.93254852294922,84.45721435546875,57.287452697753906
2019-10-31,25.422752380371094,47.400577545166016,21.333600997924805,25.308225631713867,70.55144500732422,39.50790786743164,51.09446716308594,31.29751205444336,26.0745906829834,84.3592529296875,56.98096466064453
2019-11-01,25.781005859375,47.7095832824707,21.819459915161133,25.6785888671875,72.08808898925781,39.9800910949707,51.08610916137695,31.217933654785156,26.0096492767334,84.46610260009766,57.35817337036133
2019-11-04,25.98197364807129,47.971771240234375,22.52984619140625,25.899049758911133,72.923828125,40.187862396240234,50.59321212768555,30.867788314819336,25.676870346069336,84.20789337158203,57.38646697998047
2019-11-05,26.025659561157227,47.99049758911133,22.559288024902344,25.996047973632812,73.07658386230469,40.14064025878906,50.76029586791992,30.33462905883789,25.413082122802734,83.61136627197266,57.471336364746094
2019-11-06,26.008188247680664,47.82196044921875,22.099197387695312,26.12831687927246,73.12152862548828,40.12175750732422,50.969154357910156,30.446035385131836,25.51048469543457,83.89628601074219,57.532630920410156
2019-11-07,26.182941436767578,48.121604919433594,22.430463790893555,26.322317123413086,73.3731460571289,40.438114166259766,50.7937126159668,30.119775772094727,25.165525436401367,84.08325958251953,57.18843460083008
2019-11-08,26.287796020507812,48.25270462036133,22.33844566345215,26.31349754333496,73.47198486328125,40.66476058959961,50.76029586791992,30.06406593322754,25.06001091003418,84.69760131835938,57.21200942993164
2019-11-11,26.248476028442383,48.027957916259766,22.213302612304688,26.24295425415039,73.50791931152344,40.683650970458984,50.68510437011719,30.119775772094727,24.905799865722656,84.35035705566406,57.0941276550293
2019-11-12,26.383909225463867,48.084136962890625,22.099197387695312,26.27822494506836,73.49894714355469,40.820587158203125,50.85218811035156,29.920833587646484,24.96666717529297,84.85783386230469,57.05642318725586
2019-11-13,26.23100471496582,48.0654182434082,22.003498077392578,26.110679626464844,73.19339752197266,40.9102897644043,51.23649597167969,30.22321891784668,25.33597755432129,84.95578002929688,56.87723159790039
2019-11-14,26.392656326293945,48.280784606933594,21.944608688354492,26.163593292236328,73.42704772949219,40.86308670043945,51.21978759765625,30.525604248046875,25.425260543823242,84.96469116210938,57.1224250793457
2019-11-15,26.370807647705078,48.68344497680664,22.113924026489258,26.234134674072266,73.96622467041016,41.19361877441406,51.23649597167969,30.676799774169922,25.506423950195312,86.77208709716797,57.226165771484375
2019-11-18,26.305269241333008,48.85198974609375,21.845224380493164,26.287044525146484,73.68763732910156,41.31638717651367,51.503822326660156,30.843921661376953,25.55918312072754,86.4782485961914,57.42418670654297
2019-11-19,26.248476028442383,48.880069732666016,21.52132225036621,26.33995246887207,73.6247787475586,41.39665222167969,51.436988830566406,30.907575607299805,25.49424934387207,87.06588745117188,56.79237365722656
2019-11-20,25.920808792114258,48.580440521240234,21.738483428955078,26.21649742126465,73.0406494140625,41.14640426635742,51.5539436340332,30.923494338989258,25.648468017578125,86.95014190673828,56.66035079956055
2019-11-21,25.877119064331055,48.71153259277344,22.09551239013672,26.190040588378906,73.0136947631836,40.93864059448242,51.29497146606445,30.50969886779785,25.55918312072754,87.1727294921875,56.33972930908203
2019-11-22,25.920808792114258,48.73025894165039,22.021907806396484,26.384042739868164,73.39109802246094,40.886695861816406,51.21142578125,30.33462905883789,25.567296981811523,87.48435974121094,56.72636795043945
2019-11-25,26.09119987487793,48.880069732666016,22.043983459472656,26.551591873168945,73.92131042480469,41.48164749145508,51.2699089050293,30.358501434326172,25.48207664489746,88.50821685791016,57.226165771484375
2019-11-26,26.222259521484375,49.03926467895508,21.8415470123291,26.5251407623291,74.13697052001953,41.51942825317383,51.6876106262207,30.780256271362305,25.567296981811523,88.43700408935547,57.61750411987305
2019-11-27,26.327116012573242,49.3857421875,21.896757125854492,26.63095474243164,74.0650863647461,41.75080108642578,51.81293487548828,30.875747680664062,25.611940383911133,88.89105987548828,58.112579345703125
2019-11-29,26.23100471496582,49.217193603515625,21.67591094970703,26.58686637878418,73.72359466552734,41.62802505493164,51.79622268676758,30.75639533996582,25.58759117126465,88.57946014404297,57.73537826538086
2019-12-02,25.9688663482666,48.74899673461914,21.67591094970703,26.4193172454834,72.51045989990234,41.0330696105957,51.913177490234375,30.19138526916504,25.42120361328125,88.18770599365234,57.25916290283203
2019-12-03,25.8028507232666,48.65534210205078,21.352008819580078,26.048954010009766,71.71965789794922,40.66947937011719,51.829627990722656,30.438079833984375,25.49019432067871,87.9918441772461,56.683937072753906
2019-12-04,25.85964012145996,48.90816879272461,21.6722354888916,26.295866012573242,71.99822998046875,40.834754943847656,52.17215347290039,30.597230911254883,25.68499183654785,88.81092071533203,56.99983215332031
2019-12-05,25.990711212158203,49.114192962646484,21.569169998168945,26.4193172454834,72.01620483398438,40.98584747314453,52.15544891357422,30.644977569580078,25.729633331298828,88.81092071533203,56.94325256347656
2019-12-06,26.257217407226562,49.404476165771484,21.981412887573242,26.772045135498047,72.88786315917969,41.439151763916016,52.35594940185547,30.652931213378906,25.652524948120117,89.3985366821289,57.40060806274414
2019-12-09,26.204790115356445,49.217193603515625,21.955652236938477,26.710315704345703,72.60931396484375,41.22193908691406,52.39773178100586,30.692724227905273,25.56324005126953,88.77533721923828,57.471336364746094
2019-12-10,26.04750633239746,49.04863357543945,21.99981689453125,26.71913719177246,72.51946258544922,41.255001068115234,52.23063659667969,30.47787857055664,25.55918312072754,88.9712142944336,57.372314453125
2019-12-11,26.24410629272461,49.27336883544922,21.963010787963867,26.657407760620117,72.97773742675781,41.53360366821289,52.30582809448242,30.247095108032227,25.628173828125,89.05133056640625,57.518489837646484
2019-12-12,26.611093521118164,49.32956314086914,22.367897033691406,27.17767906188965,73.6247787475586,41.97745132446289,52.264060974121094,29.88104248046875,25.518596649169922,89.87934112548828,58.02299880981445
2019-12-13,26.405757904052734,49.217193603515625,22.19858741760254,27.080684661865234,73.42704772949219,42.25602722167969,52.44784164428711,29.912874221801758,25.717453002929688,89.81700134277344,58.074851989746094
2019-12-16,26.519351959228516,49.70411682128906,22.496721267700195,27.17767906188965,73.39109802246094,42.63378143310547,52.631649017333984,30.143646240234375,26.038061141967773,90.7874755859375,58.3294677734375
2019-12-17,26.558673858642578,49.65728759765625,22.511444091796875,27.28350067138672,73.31922149658203,42.53463363647461,52.548099517822266,29.817386627197266,26.123294830322266,90.68952178955078,58.58879852294922
2019-12-18,26.523719787597656,49.9943962097168,22.59609603881836,27.168859481811523,73.0136947631836,42.5299072265625,52.46455383300781,30.239139556884766,26.228801727294922,90.81419372558594,58.6453742980957
2019-12-19,26.615467071533203,50.45323944091797,22.5887393951416,27.160051345825195,73.21139526367188,42.836822509765625,52.748600006103516,30.525604248046875,26.236919403076172,91.1703109741211,58.829261779785156
2019-12-20,26.744625091552734,50.60995864868164,22.805416107177734,27.191953659057617,73.5482177734375,43.085533142089844,53.146995544433594,30.76131248474121,26.41728973388672,91.8157958984375,58.91913986206055
2019-12-23,26.819303512573242,50.478572845458984,23.03957176208496,27.129913330078125,74.15331268310547,43.20870590209961,52.919586181640625,30.576290130615234,26.171892166137695,92.18234252929688,58.78196334838867
2019-12-24,26.85005760192871,50.46919631958008,23.02841567993164,27.191953659057617,73.85527038574219,43.22290802001953,52.986968994140625,30.61652374267578,26.20870018005371,92.06611633300781,58.9144172668457
2019-12-26,26.96866226196289,50.853946685791016,23.020984649658203,27.342628479003906,74.0268783569336,43.545047760009766,53.03749465942383,30.80153465270996,26.25368881225586,92.00355529785156,59.63345718383789
2019-12-27,26.867626190185547,50.76009750366211,22.924354553222656,27.271717071533203,73.96366119384766,43.54030990600586,53.2733268737793,30.914148330688477,26.33139991760254,92.0303955078125,59.628726959228516
2019-12-30,26.784156799316406,50.23457717895508,22.852005004882812,27.191953659057617,73.6204833984375,43.28923034667969,52.99538040161133,30.890018463134766,26.327306747436523,91.47786712646484,59.245548248291016
2019-12-31,26.98184585571289,50.328426361083984,22.982152938842773,27.280580520629883,73.5753402709961,43.42662048339844,53.045928955078125,31.10721206665039,26.429567337036133,91.6578140258789,59.33070755004883
2020-01-02,26.665546417236328,50.91964340209961,23.188854217529297,27.546478271484375,74.96610260009766,44.24142074584961,52.62478256225586,30.745223999023438,26.0982666015625,91.90079498291016,60.035560607910156
2020-01-03,26.235036849975586,50.59119415283203,23.119953155517578,27.253997802734375,74.82162475585938,43.7440071105957,52.54056167602539,30.9704647064209,26.151439666748047,91.09992218017578,59.52466583251953
2020-01-06,26.120817184448242,51.2668571472168,23.299856185913086,27.236268997192383,74.84870910644531,43.84823226928711,52.650054931640625,30.9785099029541,26.175981521606445,91.66683197021484,59.69022750854492
2020-01-07,26.090063095092773,51.33255386352539,23.238611221313477,27.059005737304688,74.69515228271484,43.82929229736328,52.24577713012695,30.640647888183594,26.13916778564453,91.48685455322266,59.595619201660156
2020-01-08,26.182313919067383,51.698551177978516,22.855838775634766,27.236268997192383,74.94803619384766,44.298274993896484,52.439491271972656,30.793487548828125,26.12689781188965,92.08074188232422,59.7753791809082
2020-01-09,26.278966903686523,51.970703125,23.024261474609375,27.404664993286133,75.26410675048828,44.8004264831543,52.81009292602539,30.785442352294922,26.270051956176758,92.47669219970703,60.092323303222656
2020-01-10,26.17353057861328,51.764244079589844,22.894115447998047,27.200817108154297,74.73129272460938,44.69621276855469,52.776405334472656,31.083084106445312,26.339582443237305,92.50370025634766,59.76592254638672
2020-01-13,26.51178741455078,52.25222396850586,22.901769638061523,27.386943817138672,75.34539031982422,45.25519943237305,53.121726989746094,31.461164474487305,26.49909019470215,92.17973327636719,59.95512771606445
2020-01-14,26.401968002319336,52.12084197998047,22.905590057373047,27.333765029907227,75.35443115234375,45.04203796386719,53.13857650756836,31.308317184448242,26.576807022094727,92.7376480102539,59.936214447021484
2020-01-15,26.58207893371582,52.37421798706055,22.73717498779297,27.183090209960938,75.47184753417969,45.094139099121094,53.517601013183594,31.525516510009766,26.948989868164062,93.53849792480469,59.79903030395508
2020-01-16,26.7402286529541,52.77775192260742,22.775453567504883,27.422393798828125,76.22138977050781,45.70051574707031,53.66078186035156,31.807064056396484,27.116682052612305,94.0244140625,60.33357620239258
2020-01-17,26.85883903503418,53.19066619873047,22.629995346069336,27.502168655395508,76.23045349121094,46.0084342956543,53.7534294128418,31.847286224365234,27.30481719970703,94.0244140625,60.54645919799805
2020-01-21,26.568897247314453,53.14374542236328,22.224245071411133,27.271717071533203,75.39057159423828,45.9894905090332,53.938720703125,32.16905975341797,27.554311752319336,94.12338256835938,60.36196517944336
2020-01-22,26.463476181030273,53.1155891418457,22.009891510009766,27.35149383544922,74.9931869506836,46.15529251098633,53.9808349609375,31.911638259887695,27.64019775390625,94.24037170410156,60.33357620239258
2020-01-23,26.43271827697754,52.89973449707031,21.925678253173828,27.280580520629883,75.80598449707031,46.37321090698242,53.930301666259766,32.21731948852539,27.885595321655273,93.76347351074219,60.423465728759766
2020-01-24,26.243818283081055,52.261600494384766,21.673036575317383,26.934919357299805,75.45377349853516,46.15529251098633,53.5597038269043,32.16905975341797,27.95922088623047,92.19772338867188,59.581424713134766
2020-01-27,25.6771240234375,51.445167541503906,21.072072982788086,26.51835823059082,74.0268783569336,45.05624008178711,53.39125061035156,32.032310485839844,27.889686584472656,91.49586486816406,58.692081451416016
2020-01-28,25.967056274414062,52.0363883972168,21.167770385742188,26.828567504882812,74.50552368164062,45.91841125488281,53.458641052246094,32.11274719238281,28.004207611083984,91.94578552246094,59.26447296142578
2020-01-29,26.0505313873291,51.951927185058594,20.945756912231445,26.78424835205078,74.90287780761719,46.03685760498047,53.18910598754883,31.943819046020508,28.077831268310547,91.69384002685547,59.23136520385742
2020-01-30,25.887981414794922,51.4263801574707,21.114179611206055,27.12105369567871,74.98416137695312,46.434783935546875,53.8208122253418,32.01621627807617,28.339590072631836,91.02796173095703,59.13202667236328
2020-01-31,25.31689453125,50.59119415283203,20.45579719543457,26.55381202697754,73.25019836425781,45.160457611083984,53.21437072753906,31.557703018188477,28.212799072265625,89.21025085449219,59.28340148925781
2020-02-03,25.84844398498535,51.1917839050293,20.18785285949707,26.739933013916016,73.2231216430664,45.75735092163086,53.21437072753906,31.589874267578125,28.302776336669922,90.02012634277344,59.70442199707031
2020-02-04,26.305320739746094,51.72669982910156,20.26058006286621,26.996965408325195,74.60486602783203,46.95589065551758,53.53444290161133,32.00012969970703,28.020565032958984,91.60383605957031,60.79243850708008
2020-02-05,26.79294204711914,51.8111572265625,21.022315979003906,27.537609100341797,75.85113525390625,47.230655670166016,53.963985443115234,31.975994110107422,28.135089874267578,93.36752319335938,61.09994125366211
2020-02-06,26.779760360717773,52.45868682861328,20.80795669555664,27.502168655395508,76.094970703125,47.661746978759766,54.056644439697266,32.11274719238281,28.14327049255371,93.44852447509766,60.962745666503906
2020-02-07,26.397573471069336,52.421138763427734,20.66250228881836,27.404664993286133,75.5440902709961,47.225914001464844,54.12403106689453,32.128841400146484,28.05328369140625,92.71963500976562,60.69783401489258
2020-02-10,26.384395599365234,52.7308235168457,20.55915069580078,27.484437942504883,75.96854400634766,47.865447998046875,54.3514404296875,32.49887466430664,28.159629821777344,93.21453857421875,61.3837776184082
2020-02-11,26.52935791015625,52.67452621459961,20.788814544677734,27.581928253173828,76.25752258300781,47.704368591308594,54.149288177490234,32.893035888671875,28.261882781982422,93.77245330810547,61.866275787353516
2020-02-12,26.674333572387695,53.35957717895508,21.068248748779297,27.599653244018555,76.97098541259766,48.22075271606445,54.12403106689453,33.10219955444336,28.282331466674805,93.88944244384766,62.50017166137695
2020-02-13,26.57769012451172,53.368953704833984,21.003175735473633,27.590795516967773,76.53750610351562,48.09283447265625,54.44407653808594,33.30329895019531,28.597259521484375,93.44852447509766,62.39137268066406
2020-02-14,26.58207893371582,53.43464660644531,20.89217758178711,27.62624168395996,76.43817138671875,48.301273345947266,54.5704231262207,33.689430236816406,28.789485931396484,93.52050018310547,62.296775817871094
2020-02-18,26.516183853149414,53.791255950927734,20.719919204711914,27.386943817138672,76.0046615600586,48.12125778198242,54.37670135498047,33.657249450683594,29.030792236328125,93.18756103515625,62.29201889038086
2020-02-19,26.586477279663086,54.035255432128906,20.995521545410156,27.590795516967773,75.97756958007812,48.694461822509766,54.3177490234375,33.182640075683594,28.71586799621582,93.61949157714844,62.57114028930664
2020-02-20,26.630401611328125,53.481571197509766,20.972549438476562,27.537609100341797,75.86920928955078,48.18758010864258,54.359859466552734,33.55267333984375,28.818119049072266,93.01659393310547,62.59477996826172
2020-02-21,26.50740623474121,52.66513442993164,20.72374725341797,27.271717071533203,75.48991394042969,47.10748291015625,54.452510833740234,33.729644775390625,28.764944076538086,93.07058715820312,61.639217376708984
2020-02-24,25.760589599609375,50.9008674621582,19.76679039001465,26.38541603088379,73.34052276611328,45.160457611083984,53.197532653808594,33.2791633605957,28.429561614990234,90.13710021972656,59.519927978515625
2020-02-25,24.649154663085938,49.540138244628906,18.8940486907959,25.4902400970459,70.35126495361328,43.71560287475586,52.23735809326172,32.442569732666016,27.832433700561523,87.40157318115234,57.930458068847656
2020-02-26,24.565689086914062,49.446285247802734,18.323711395263672,25.304119110107422,69.8184585571289,43.91455841064453,51.942562103271484,32.161014556884766,27.55021858215332,87.39257049560547,57.471580505371094
2020-02-27,23.414722442626953,47.49433135986328,17.343791961669922,24.222820281982422,67.22654724121094,41.54591369628906,49.82846450805664,30.343015670776367,26.310951232910156,84.4231185913086,55.148887634277344
2020-02-28,23.159929275512695,47.635108947753906,17.32848358154297,23.566953659057617,65.99835968017578,41.86332321166992,48.843017578125,29.59488868713379,25.431602478027344,83.33430480957031,54.79408264160156
2020-03-02,24.152748107910156,49.2867546081543,18.028972625732422,24.772329330444336,68.3193130493164,44.28406524658203,51.454036712646484,31.066999435424805,26.928537368774414,87.23959350585938,56.67685317993164
2020-03-03,23.94188690185547,47.66325759887695,17.477764129638672,23.84170913696289,66.64857482910156,42.60233688354492,50.75495910644531,31.042863845825195,26.597251892089844,85.07100677490234,55.30498504638672
2020-03-04,24.93470001220703,49.38059616088867,17.891164779663086,24.63052749633789,69.40303039550781,44.43092727661133,53.24806594848633,32.2495002746582,28.10645866394043,89.97510528564453,57.21614074707031
2020-03-05,24.143964767456055,47.578792572021484,17.236610412597656,23.442869186401367,66.00735473632812,43.0286865234375,52.24577713012695,31.509429931640625,27.672924041748047,87.88750457763672,55.0826530456543
2020-03-06,23.51576042175293,46.75298309326172,16.268178939819336,22.645185470581055,65.42938232421875,42.1191291809082,51.83306884765625,30.9704647064209,27.447965621948242,87.41958618164062,54.23588180541992
2020-03-09,21.31486701965332,43.637359619140625,12.991575241088867,20.216703414916992,59.39670944213867,38.92148208618164,49.57578659057617,28.78242301940918,25.955114364624023,82.8753662109375,50.8204231262207
2020-03-10,22.18028450012207,45.861454010009766,13.607852935791016,21.40435791015625,62.47627639770508,41.51749801635742,50.99921798706055,30.18212127685547,26.196428298950195,85.71888732910156,53.630367279052734
2020-03-11,21.12596893310547,43.89073944091797,12.888223648071289,20.243297576904297,58.8096923828125,39.5562744140625,48.4976806640625,28.565231323242188,24.87944984436035,82.44346618652344,50.697425842285156
2020-03-12,19.092004776000977,39.77099609375,11.28054428100586,18.054107666015625,52.722816467285156,35.69538116455078,43.94103240966797,26.111719131469727,22.368194580078125,76.28854370117188,45.57422637939453
2020-03-13,20.431873321533203,43.34644317626953,12.321710586547852,20.429420471191406,56.8409309387207,39.88312911987305,47.680686950683594,28.40434455871582,23.587011337280273,81.57960510253906,48.393638610839844
2020-03-16,18.182653427124023,38.457183837890625,10.64512825012207,17.628677368164062,50.39282989501953,34.373680114746094,44.446388244628906,23.859317779541016,20.908069610595703,73.53502655029297,42.26284408569336
2020-03-17,19.30726432800293,40.127601623535156,10.71785831451416,18.585893630981445,52.71378707885742,36.71389389038086,48.1944694519043,25.30729103088379,23.582923889160156,78.15121459960938,43.890140533447266
2020-03-18,18.07282829284668,38.79502487182617,9.17908000946045,17.00826644897461,48.83046340942383,35.33061218261719,46.956336975097656,23.529508590698242,22.55632972717285,75.5596923828125,41.3687629699707
2020-03-19,18.534095764160156,39.48947525024414,9.803013801574707,17.38051414489746,48.86659622192383,35.45851516723633,45.38972091674805,23.159473419189453,21.24344253540039,74.01193237304688,42.81158447265625
2020-03-20,17.87074851989746,37.74397277832031,9.898711204528809,16.76009750366211,46.4192008972168,33.83362579345703,42.450218200683594,21.848247528076172,19.558366775512695,71.1684341430664,41.5390625
2020-03-23,16.95974349975586,37.944419860839844,9.224027633666992,15.784934997558594,44.38602066040039,33.524574279785156,41.19398880004883,20.634187698364258,18.560331344604492,67.47203826904297,41.607505798339844
2020-03-24,18.9542293548584,40.27830123901367,10.703313827514648,17.742416381835938,50.00138854980469,36.9579963684082,43.29476547241211,22.433406829833984,20.55556869506836,72.6712417602539,45.5101432800293
2020-03-25,19.396465301513672,39.657203674316406,11.208152770996094,18.225072860717773,52.63159942626953,36.91037368774414,43.17616653442383,23.43026351928711,21.0802059173584,73.63875579833984,46.30874252319336
2020-03-26,20.307466506958008,41.91579055786133,11.893006324768066,19.369173049926758,55.953495025634766,39.19613265991211,45.539554595947266,25.22947120666504,22.877161026000977,78.53050994873047,48.22440719604492
2020-03-27,19.573354721069336,40.24066162109375,11.086834907531738,18.77924919128418,53.596317291259766,37.4246711730957,45.32777786254883,25.2943058013916,23.001089096069336,76.84867858886719,46.608219146728516
2020-03-30,20.1969051361084,41.70875930786133,11.200326919555664,19.13677406311035,54.3790168762207,39.00089645385742,47.09819030761719,25.95077896118164,23.852069854736328,80.44742584228516,47.582679748535156
2020-03-31,19.91830062866211,41.63346862792969,11.372515678405762,18.609418869018555,53.70552062988281,38.27230453491211,46.140987396240234,25.124114990234375,22.889554977416992,80.09481048583984,46.62247848510742
2020-04-01,19.02056121826172,39.977169036865234,10.808979988098145,17.474266052246094,51.28464126586914,36.448455810546875,45.36166000366211,23.600461959838867,21.513959884643555,77.047607421875,44.54043197631836
2020-04-02,19.308013916015625,40.485347747802734,11.799084663391113,17.912240982055664,51.967227935791016,37.300846099853516,46.52217483520508,23.948955535888672,22.187294006347656,79.18153381347656,44.7067985534668
2020-04-03,18.843673706054688,39.666603088378906,11.67385482788086,17.55470848083496,51.27553176879883,36.724666595458984,46.886417388916016,23.746337890625,21.394155502319336,78.46720123291016,43.92721939086914
2020-04-06,20.24555778503418,42.282814025878906,12.292179107666016,18.81499671936035,54.82497024536133,39.85805130004883,48.63142395019531,25.464500427246094,23.046531677246094,82.58135223388672,47.582679748535156
2020-04-07,20.78508949279785,42.593360900878906,12.554383277893066,19.00270652770996,54.69755554199219,39.50089645385742,48.07235336303711,25.472610473632812,22.757369995117188,81.9032211303711,48.29094314575195
2020-04-08,21.802221298217773,43.50621795654297,13.391863822937012,19.833961486816406,56.681575775146484,40.56283950805664,48.78390884399414,27.385286331176758,23.99664878845215,85.2759017944336,49.81208801269531
2020-04-09,22.739763259887695,43.82617950439453,13.270546913146973,20.897611618041992,57.53709030151367,40.572357177734375,49.2413444519043,28.795469284057617,25.128528594970703,85.74608612060547,50.71049118041992
2020-04-13,22.24003791809082,43.892059326171875,13.227498054504395,20.137861251831055,55.85337829589844,40.662837982177734,48.87709426879883,27.47443962097168,24.33125877380371,84.99560546875,50.69623565673828
2020-04-14,22.52749252319336,45.19075012207031,13.16488265991211,20.22724723815918,56.91820526123047,42.36763381958008,50.95245361328125,28.39024543762207,25.045913696289062,87.81673431396484,52.67844772338867
2020-04-15,21.492656707763672,44.76726531982422,12.546555519104004,19.35129737854004,55.34372329711914,41.44380569458008,50.14772415161133,27.296133041381836,24.219724655151367,87.36463165283203,51.52334213256836
2020-04-16,21.368831634521484,44.94607162475586,12.010411262512207,19.011648178100586,54.85226821899414,41.94858169555664,50.47809982299805,27.117834091186523,24.223848342895508,89.27252960205078,52.141292572021484
2020-04-17,22.226768493652344,45.55778503417969,13.286199569702148,20.012727737426758,57.42786407470703,42.50574493408203,51.24893569946289,27.993127822875977,25.00459861755371,91.12615203857422,53.68143844604492
2020-04-20,21.678396224975586,45.143699645996094,12.871371269226074,19.66413116455078,55.898887634277344,41.824764251708984,50.240909576416016,26.95574188232422,24.058618545532227,90.40277862548828,52.744998931884766
2020-04-21,21.14328956604004,43.7226676940918,12.644393920898438,19.029521942138672,54.57923889160156,40.072349548339844,49.1735725402832,26.558622360229492,23.662050247192383,87.65397644042969,51.375980377197266
2020-04-22,21.558988571166992,44.899009704589844,13.094440460205078,19.23509979248047,55.15260696411133,41.615238189697266,49.6479377746582,27.020586013793945,24.35191535949707,88.9922103881836,52.483543395996094
2020-04-23,21.709360122680664,45.218990325927734,13.517094612121582,19.15465545654297,55.58946228027344,41.32951736450195,49.207454681396484,26.712610244750977,23.942947387695312,89.48048400878906,52.46928024291992
2020-04-24,22.04987907409668,45.79304504394531,13.548402786254883,19.431737899780273,56.035404205322266,42.205726623535156,49.73264694213867,26.809864044189453,24.091663360595703,90.68307495117188,53.35820388793945
2020-04-27,22.63805389404297,46.16947937011719,13.841909408569336,20.093168258666992,57.42786407470703,42.56764602661133,49.87665557861328,27.587892532348633,24.34364891052246,91.8495101928711,54.35643768310547
2020-04-28,23.058177947998047,45.3319206237793,14.15890121459961,20.307687759399414,58.501800537109375,42.00096130371094,50.156192779541016,27.612207412719727,24.434532165527344,89.99588012695312,54.570350646972656
2020-04-29,23.64635467529297,47.52463150024414,15.207710266113281,20.897611618041992,59.62124252319336,43.72480773925781,49.944419860839844,27.685152053833008,24.211462020874023,90.59266662597656,55.77298355102539
2020-04-30,22.943191528320312,47.317596435546875,14.8711519241333,20.37026023864746,58.43809127807617,43.52957534790039,49.35145568847656,27.490642547607422,23.653783798217773,90.17670440673828,55.42597961425781
2020-05-01,22.46115493774414,46.65884017944336,14.029757499694824,19.717763900756836,56.67247772216797,42.33430480957031,48.809322357177734,26.647769927978516,23.083711624145508,88.4587173461914,53.353431701660156
2020-05-04,22.540761947631836,46.93175506591797,14.515026092529297,19.53900146484375,55.953495025634766,42.89622497558594,48.78390884399414,26.631563186645508,23.257211685180664,88.41352844238281,53.64340591430664
2020-05-05,22.598249435424805,47.17643737792969,14.52676773071289,19.4764347076416,56.171913146972656,43.48670959472656,48.82625961303711,26.801755905151367,23.447233200073242,90.3304214477539,53.83831024169922
2020-05-06,22.209081649780273,47.044681549072266,14.147162437438965,19.056333541870117,55.39833068847656,43.82481002807617,48.29258346557617,26.3073787689209,22.64996910095215,89.43524932861328,53.828792572021484
2020-05-07,22.664587020874023,47.929298400878906,14.515026092529297,19.503244400024414,56.04450988769531,44.48198318481445,48.15705108642578,26.542409896850586,22.740842819213867,89.42623901367188,54.67491912841797
2020-05-08,23.208532333374023,48.804508209228516,15.176400184631348,19.923341751098633,57.43696975708008,45.13436508178711,49.23285675048828,27.02867889404297,23.19938087463379,89.88735961914062,55.739707946777344
2020-05-11,22.854747772216797,48.832733154296875,14.910284042358398,19.53900146484375,56.717987060546875,45.43437957763672,49.16509246826172,26.704500198364258,23.100242614746094,91.43356323242188,55.616119384765625
2020-05-12,22.50537872314453,47.88224792480469,14.64808464050293,19.029521942138672,55.12530517578125,44.496253967285156,48.7500114440918,25.569860458374023,22.897817611694336,90.04109191894531,54.39921569824219
2020-05-13,22.03218650817871,47.06351089477539,13.982794761657715,18.46640968322754,53.74193572998047,43.729576110839844,48.30952835083008,25.16463851928711,22.703664779663086,89.06454467773438,53.4627799987793
2020-05-14,22.301952362060547,47.57168960571289,14.139334678649902,18.940139770507812,54.30619812011719,44.28672409057617,48.19094467163086,25.19705581665039,22.947391510009766,90.04109191894531,54.2613639831543
2020-05-15,22.496536254882812,48.230445861816406,14.084546089172363,18.81499671936035,54.115081787109375,44.51053237915039,48.6144905090332,25.10790252685547,22.64170265197754,90.80061340332031,54.893592834472656
2020-05-18,23.52252197265625,49.24681854248047,15.235102653503418,19.780330657958984,57.682701110839844,45.60103988647461,49.385337829589844,26.331695556640625,23.5711669921875,91.5511245727539,56.97086715698242
2020-05-19,23.296981811523438,49.237403869628906,14.808534622192383,19.29766845703125,56.945518493652344,45.43437957763672,48.47895431518555,25.82110595703125,23.182849884033203,90.44796752929688,56.766456604003906
2020-05-20,23.66845703125,50.60197067260742,15.399470329284668,19.726701736450195,58.01034927368164,46.42963790893555,49.054969787597656,26.064241409301758,23.3109130859375,90.55648040771484,57.508018493652344
2020-05-21,23.44291877746582,50.244361877441406,15.15291976928711,19.66413116455078,58.1468620300293,45.7819938659668,48.512840270996094,25.934568405151367,23.075450897216797,89.88735961914062,57.71242141723633
2020-05-22,23.40753936767578,50.54551315307617,15.058999061584473,19.592626571655273,58.10135269165039,45.948665618896484,48.6822509765625,26.50188636779785,23.331567764282227,90.07726287841797,57.626861572265625
2020-05-26,24.048784255981445,50.6866569519043,15.477737426757812,20.611587524414062,60.54045104980469,45.90104675292969,48.94485092163086,27.344758987426758,23.48441505432129,89.91449737548828,58.53953170776367
2020-05-27,24.292015075683594,51.04426956176758,15.677324295043945,21.50541114807129,62.56089401245117,46.1629638671875,49.68181228637695,27.92828369140625,23.76531982421875,90.8458480834961,59.54251480102539
2020-05-28,24.517553329467773,50.5643310546875,15.239013671875,21.165761947631836,61.96929931640625,46.072479248046875,50.1223030090332,28.24436378479004,24.467580795288086,92.03034973144531,58.81998825073242
2020-05-29,24.5219783782959,50.837249755859375,15.16857624053955,20.924428939819336,61.587074279785156,46.65345764160156,50.17314147949219,28.082275390625,24.657602310180664,93.14251708984375,59.033897399902344
2020-06-01,24.690025329589844,51.420719146728516,15.43468952178955,21.165761947631836,61.72358703613281,46.63916778564453,50.52043533325195,28.641489028930664,24.950895309448242,92.22022247314453,59.59479904174805
2020-06-02,25.136686325073242,51.62775802612305,15.865174293518066,21.335588455200195,62.52449417114258,47.077274322509766,50.65598678588867,28.827896118164062,25.11200714111328,92.75371551513672,60.10344314575195
2020-06-03,25.70716667175293,51.787742614746094,16.330869674682617,22.131088256835938,64.96357727050781,47.443946838378906,50.7237434387207,29.516773223876953,25.413562774658203,92.57286834716797,61.239532470703125
2020-06-04,25.80003547668457,51.40188980102539,16.33478546142578,22.613759994506836,65.65528869628906,47.05345153808594,50.47809982299805,28.965673446655273,24.95915985107422,91.84046173095703,60.9305419921875
2020-06-05,26.45897102355957,52.23946762084961,17.547958374023438,23.453948974609375,68.06704711914062,48.29158401489258,51.1811637878418,30.02737045288086,25.277240753173828,93.3233871459961,62.38987350463867
2020-06-08,26.494348526000977,53.21818542480469,18.338476181030273,23.900861740112305,69.43222045898438,48.53445816040039,51.73177719116211,30.683837890625,25.954723358154297,93.9653549194336,63.34058380126953
2020-06-09,26.171520233154297,53.08643341064453,17.64970588684082,23.391382217407227,67.70301818847656,48.76301956176758,51.30824661254883,30.32723617553711,25.434219360351562,92.98881530761719,62.846221923828125
2020-06-10,25.87521743774414,52.926448822021484,16.78091812133789,22.51543426513672,66.08299255371094,49.577308654785156,51.16422653198242,29.759916305541992,25.285507202148438,92.84413146972656,62.25676345825195
2020-06-11,23.876310348510742,50.489051818847656,15.19987964630127,20.674152374267578,61.44145965576172,46.73440170288086,49.22439193725586,27.920181274414062,24.29820442199707,87.68110656738281,58.995872497558594
2020-06-12,24.34065818786621,50.93134689331055,15.583405494689941,21.299835205078125,62.633705139160156,47.33918762207031,49.23285675048828,28.8035831451416,24.236242294311523,88.25078582763672,59.58054733276367
2020-06-15,24.597148895263672,51.75009536743164,15.630364418029785,21.59479331970215,63.252567291259766,47.79634094238281,49.800418853759766,29.168285369873047,24.401487350463867,88.44966888427734,60.146217346191406
2020-06-16,25.110151290893555,52.1735725402832,16.08041000366211,21.934446334838867,64.49031829833984,48.81541061401367,50.57974624633789,29.654560089111328,24.513015747070312,90.62883758544922,61.410667419433594
2020-06-17,24.902301788330078,52.23946762084961,15.532520294189453,21.60373878479004,64.02616119384766,48.805877685546875,50.50349807739258,29.306058883666992,24.43866539001465,90.53840637207031,61.24903869628906
2020-06-18,24.91999053955078,52.408843994140625,15.724286079406738,21.576915740966797,63.78951644897461,49.02492141723633,50.76609420776367,28.94135856628418,24.434532165527344,90.23096466064453,61.02561950683594
2020-06-19,24.844804763793945,52.2677001953125,15.485564231872559,21.43390464782715,63.0068244934082,48.686832427978516,50.50349807739258,28.649595260620117,23.748790740966797,91.09900665283203,60.550270080566406
2020-06-22,24.93685531616211,52.38273239135742,15.557307243347168,21.327762603759766,63.112892150878906,49.6041259765625,50.35922622680664,28.56792449951172,23.980392456054688,90.74942779541016,61.172515869140625
2020-06-23,24.99465560913086,52.72221374511719,15.573160171508789,21.426713943481445,63.12202072143555,49.96226119995117,50.28239822387695,28.461753845214844,23.738800048828125,91.139892578125,61.65373611450195
2020-06-24,24.265409469604492,51.53404998779297,14.709088325500488,20.67110824584961,60.92806625366211,48.83533477783203,49.437232971191406,27.734893798828125,23.522199630737305,88.76081085205078,60.29583740234375
2020-06-25,24.567779541015625,51.7603645324707,14.990503311157227,21.219818115234375,61.60453414916992,49.46087646484375,49.78725814819336,28.028905868530273,23.23061180114746,89.63253784179688,60.376834869384766
2020-06-26,24.22983741760254,49.47834396362305,14.471264839172363,20.311294555664062,60.461856842041016,48.486751556396484,48.771358489990234,27.547060012817383,22.984851837158203,88.54287719726562,58.96174240112305
2020-06-29,24.7011775970459,50.393035888671875,14.665486335754395,20.536176681518555,62.445552825927734,49.01679229736328,49.69334411621094,28.020740509033203,23.418060302734375,89.3419418334961,60.0814323425293
2020-06-30,25.056915283203125,50.958824157714844,15.002394676208496,20.81503677368164,62.80207443237305,49.895416259765625,50.0604362487793,28.429088592529297,23.505529403686523,90.86746978759766,60.84852981567383
2020-07-01,25.11026954650879,52.2224235534668,14.63774299621582,20.6351261138916,62.51869583129883,49.976600646972656,50.103111267089844,29.204938888549805,24.055368423461914,91.56665802001953,61.46316146850586
2020-07-02,25.58161735534668,52.052696228027344,14.800249099731445,20.662111282348633,63.058040618896484,50.267879486083984,50.35922622680664,29.106945037841797,24.11785125732422,92.25676727294922,61.706153869628906
2020-07-06,25.946243286132812,53.099395751953125,14.843852996826172,21.05790138244629,63.96304702758789,51.1464958190918,50.60679244995117,29.139606475830078,23.822101593017578,93.19202423095703,63.168880462646484
2020-07-07,25.955137252807617,52.94852066040039,14.372175216674805,20.626131057739258,62.73808288574219,50.61167907714844,51.067779541015625,28.665925979614258,23.72629737854004,92.38388061523438,62.177852630615234
2020-07-08,25.5860652923584,53.420021057128906,14.3602876663208,20.842021942138672,62.73808288574219,51.43779373168945,50.939727783203125,28.64959716796875,23.938735961914062,92.39297485351562,62.84012222290039
2020-07-09,25.345943450927734,53.48603057861328,13.650795936584473,20.4012508392334,61.37599563598633,51.62400817871094,50.53850555419922,28.551597595214844,23.618000030517578,91.6665267944336,62.768672943115234
2020-07-10,25.786165237426758,54.41014099121094,14.086792945861816,21.10287857055664,62.171295166015625,51.60968780517578,51.46902847290039,28.584259033203125,24.063695907592773,91.44859313964844,63.516719818115234
2020-07-13,25.786165237426758,53.3162841796875,14.011484146118164,21.19283103942871,62.4272575378418,50.5400505065918,51.39219665527344,28.135074615478516,24.088693618774414,91.96617126464844,62.71148681640625
2020-07-14,26.43537712097168,53.84435272216797,14.502979278564453,21.300777435302734,63.780208587646484,51.12262725830078,52.14345169067383,28.41275405883789,24.313631057739258,93.79133605957031,63.33562088012695
2020-07-15,26.880037307739258,54.164974212646484,14.816106796264648,21.72355079650879,65.40740203857422,51.39958572387695,52.18613052368164,28.543428421020508,24.217819213867188,95.00811767578125,64.24091339111328
2020-07-16,26.96897315979004,54.259273529052734,14.748722076416016,21.72355079650879,65.4256820678711,50.76449203491211,52.29709243774414,28.208581924438477,24.526063919067383,94.85374450683594,64.06938171386719
2020-07-17,27.195756912231445,54.136680603027344,14.542611122131348,21.54364776611328,65.81877899169922,51.01280212402344,52.57881546020508,28.60059356689453,25.080062866210938,96.1522445678711,63.769229888916016
2020-07-20,26.960079193115234,54.787330627441406,14.300829887390137,21.4447021484375,65.01431274414062,52.31640625,52.04954147338867,28.33108139038086,24.75099754333496,96.13407897949219,64.78883361816406
2020-07-21,27.195756912231445,54.52329635620117,15.164904594421387,21.867475509643555,65.87362670898438,51.791141510009766,52.50199508666992,28.339250564575195,24.863466262817383,96.07054901123047,64.8888931274414
2020-07-22,27.511465072631836,54.57988357543945,14.978611946105957,21.867475509643555,66.40382385253906,52.20657730102539,52.9202995300293,28.682260513305664,25.246685028076172,96.93316650390625,65.44636535644531
2020-07-23,27.42698097229004,53.693477630615234,14.950868606567383,21.88546371459961,66.20271301269531,50.850433349609375,53.10810470581055,28.535261154174805,25.27583885192871,96.49730682373047,64.46483612060547
2020-07-24,27.333595275878906,53.60860824584961,14.867632865905762,21.831501007080078,65.67250061035156,50.23445510864258,53.03981399536133,28.420921325683594,25.109220504760742,95.43489837646484,64.57919311523438
2020-07-27,27.729352951049805,53.976375579833984,14.883484840393066,21.65159034729004,65.9467544555664,51.027122497558594,53.3044548034668,28.755762100219727,24.80514907836914,96.1522445678711,64.97943878173828
2020-07-28,27.12015724182129,53.420021057128906,14.629817008972168,21.597623825073242,65.48966979980469,50.43022918701172,53.50081253051758,29.33561897277832,25.18004035949707,96.04328918457031,64.3362045288086
2020-07-29,27.342493057250977,53.91036605834961,14.935014724731445,22.002405166625977,66.48611450195312,51.16082763671875,53.57764434814453,29.89097023010254,25.296667098999023,97.05120086669922,64.98898315429688
2020-07-30,26.81334114074707,54.061248779296875,14.348395347595215,21.606618881225586,65.81877899169922,51.447330474853516,53.57764434814453,29.645957946777344,25.296667098999023,96.3792495727539,64.93653106689453
2020-07-31,26.84001922607422,54.81562423706055,14.28100872039795,21.615610122680664,65.57195281982422,52.731842041015625,53.52642059326172,29.61328887939453,25.338321685791016,95.82535552978516,65.27481079101562
2020-08-03,26.688833236694336,54.86277389526367,14.332542419433594,21.678579330444336,65.84619140625,54.03068161010742,53.381290435791016,29.139606475830078,25.063400268554688,96.81511688232422,65.13666534423828
2020-08-04,27.066797256469727,55.211673736572266,14.681339263916016,21.58863067626953,66.01074981689453,54.16917037963867,54.04716873168945,29.572450637817383,25.338321685791016,96.3883285522461,65.6607666015625
2020-08-05,27.462553024291992,55.12681198120117,14.835923194885254,21.88546371459961,67.27225494384766,54.369712829589844,53.93619155883789,29.351951599121094,25.013416290283203,96.833251953125,66.46121215820312
2020-08-06,27.34693717956543,56.579010009765625,14.717015266418457,21.876466751098633,67.52822875976562,55.13374328613281,53.92765808105469,29.40911865234375,25.15921401977539,96.31568908691406,66.78520965576172
2020-08-07,27.440322875976562,56.51300048828125,14.736831665039062,22.3442325592041,68.68003845214844,54.312408447265625,54.21791076660156,29.80929946899414,25.61324119567871,96.62442016601562,66.88524627685547
2020-08-10,27.707122802734375,56.324405670166016,15.192649841308594,22.50614356994629,70.37123107910156,54.159610748291016,54.49962615966797,29.76029396057129,25.60491180419922,96.29753875732422,67.68570709228516
2020-08-11,27.658206939697266,55.485145568847656,15.141125679016113,22.76700210571289,70.74604034423828,53.185482025146484,54.12400436401367,29.188617706298828,25.050907135009766,95.68914794921875,67.55229187011719
2020-08-12,27.822731018066406,56.14523696899414,15.291741371154785,22.704036712646484,70.97457885742188,54.39359664916992,54.824031829833984,29.556127548217773,25.413297653198242,97.29637908935547,68.44803619384766
2020-08-13,27.818283081054688,56.42812728881836,14.994473457336426,22.56011199951172,70.59976959228516,54.417476654052734,54.78133773803711,29.213109970092773,25.37164306640625,97.16924285888672,68.41947174072266
2020-08-14,27.849414825439453,56.4187126159668,15.137160301208496,22.650068283081055,70.87401580810547,54.37926483154297,54.77281188964844,29.286617279052734,25.150876998901367,96.97856903076172,68.41468811035156
2020-08-17,27.97391700744629,56.484703063964844,15.049955368041992,22.272268295288086,70.54493713378906,54.7421875,55.080135345458984,29.547956466674805,25.1175537109375,97.55062103271484,69.29615783691406
2020-08-18,27.858308792114258,56.99391555786133,14.859704971313477,22.128341674804688,70.16096496582031,54.947509765625,55.30209732055664,29.515289306640625,25.005088806152344,97.52338409423828,69.72494506835938
2020-08-19,27.778270721435547,56.83361053466797,14.689269065856934,22.11934471130371,69.97815704345703,54.880653381347656,54.86670684814453,28.91094398498535,24.930112838745117,97.20559692382812,69.39620971679688
2020-08-20,27.680442810058594,57.540855407714844,14.372175216674805,21.912452697753906,69.60333251953125,55.61125183105469,54.75572967529297,29.221282958984375,24.709346771240234,96.8968276977539,69.29136657714844
2020-08-21,27.52035903930664,57.2862434387207,14.28100872039795,21.867475509643555,69.88671875,56.31797790527344,54.892333984375,29.31928825378418,24.75099754333496,96.99671173095703,69.64873504638672
2020-08-24,28.005046844482422,57.98405838012695,14.673409461975098,22.389198303222656,71.14826965332031,56.80503845214844,55.36185073852539,29.360126495361328,24.96759605407715,96.55177307128906,70.70645141601562
2020-08-25,27.89388084411621,58.53097915649414,14.467303276062012,22.45216941833496,71.05684661865234,57.0915412902832,55.242332458496094,29.449951171875,24.730165481567383,97.20559692382812,70.93994140625
2020-08-26,28.187358856201172,60.53010559082031,14.162102699279785,22.3442325592041,71.0933837890625,58.251914978027344,55.310630798339844,29.245786666870117,24.455249786376953,97.08753204345703,71.64031982421875
2020-08-27,28.111766815185547,59.79458999633789,14.189848899841309,22.722028732299805,71.349365234375,58.29965591430664,55.6521110534668,29.63779067993164,24.534395217895508,97.85028839111328,71.25440216064453
2020-08-28,28.445262908935547,59.936038970947266,14.443523406982422,22.811981201171875,72.02583312988281,58.81059265136719,56.14724349975586,29.866470336914062,24.605205535888672,98.06820678710938,71.72129821777344
2020-08-31,28.009496688842773,59.65312194824219,14.130393028259277,22.54212188720703,71.12998962402344,58.996829986572266,55.985050201416016,29.60512351989746,24.680185317993164,98.30429077148438,71.51167297363281
2020-09-01,28.79654884338379,60.14347839355469,14.035266876220703,22.605085372924805,71.85214233398438,60.12376403808594,56.0448112487793,29.556127548217773,24.396936416625977,97.42350006103516,72.25972747802734
2020-09-02,29.45020294189453,61.425941467285156,13.96788501739502,22.92892074584961,73.04052734375,60.65858459472656,57.06070327758789,30.2176456451416,25.15504264831543,99.37579345703125,73.26026916503906
2020-09-03,28.636470794677734,59.341949462890625,13.864829063415527,22.57810401916504,70.99287414550781,57.201377868652344,56.078948974609375,29.7112979888916,24.87179183959961,96.66983032226562,70.9351577758789
2020-09-04,28.654253005981445,58.25751876831055,13.821229934692383,22.74901008605957,71.15740966796875,56.40392303466797,55.950904846191406,29.60512351989746,24.730165481567383,95.97972869873047,70.11564636230469
2020-09-08,28.116212844848633,56.720462799072266,13.317845344543457,22.164325714111328,69.82272338867188,53.85400390625,54.77281188964844,29.22945213317871,24.59271240234375,94.39972686767578,69.19608306884766
2020-09-09,28.841018676757812,57.3994026184082,13.409010887145996,22.389198303222656,70.90143585205078,55.61125183105469,55.56673812866211,29.547956466674805,24.917613983154297,96.07054901123047,70.50159454345703
2020-09-10,28.569766998291016,56.550716400146484,12.917519569396973,22.074371337890625,69.99642944335938,54.35539245605469,54.8837890625,29.131439208984375,24.48857879638672,94.59952545166016,69.49150085449219
2020-09-11,28.93439292907715,56.371543884277344,12.929409980773926,22.227285385131836,70.9471435546875,53.9399528503418,55.191123962402344,29.03343963623047,24.54688835144043,94.97178649902344,69.59632873535156
2020-09-14,29.35238265991211,56.588443756103516,13.0285005569458,22.533126831054688,71.90699768066406,55.07166290283203,55.54966735839844,29.743955612182617,24.884294509887695,96.3338623046875,70.33483123779297
2020-09-15,29.49467658996582,57.59743118286133,12.933375358581543,22.227285385131836,71.95269012451172,55.616031646728516,55.47283935546875,30.135971069335938,25.050907135009766,96.4609603881836,70.91133117675781
2020-09-16,29.516910552978516,56.97506332397461,13.45261001586914,22.479156494140625,72.68403625488281,54.75651168823242,55.225276947021484,30.33198356628418,25.017589569091797,96.29753875732422,70.51587677001953
2020-09-17,29.734798431396484,55.928340911865234,13.472431182861328,22.24527931213379,72.83030700683594,54.3028678894043,54.875240325927734,29.662288665771484,24.813478469848633,95.97972869873047,69.52483367919922
2020-09-18,29.22342872619629,55.39085388183594,13.321812629699707,22.200305938720703,72.01668548583984,53.366943359375,54.371578216552734,29.07427215576172,24.376110076904297,95.83442687988281,68.55764770507812
2020-09-21,28.23966407775879,54.74259948730469,12.880247116088867,21.644052505493164,69.62608337402344,53.810577392578125,53.956783294677734,28.296207427978516,24.224441528320312,94.06402587890625,67.56734466552734
2020-09-22,28.293275833129883,55.800968170166016,12.747295379638672,21.463157653808594,70.31436157226562,54.66243362426758,54.2745361328125,28.633071899414062,24.375688552856445,93.86344909667969,68.99498748779297
2020-09-23,27.462299346923828,54.46854782104492,12.171170234680176,20.983781814575195,69.05712890625,52.95872116088867,53.45870590209961,27.81145668029785,24.00177574157715,92.8970947265625,67.86338806152344
2020-09-24,27.65888023376465,54.5724983215332,12.167140007019043,21.02901268005371,69.15806579589844,53.255428314208984,53.853729248046875,27.942916870117188,24.270654678344727,92.4321517944336,67.8347396850586
2020-09-25,27.904600143432617,55.300140380859375,12.159085273742676,21.246078491210938,70.19506072998047,54.528438568115234,54.137123107910156,28.485177993774414,24.669776916503906,93.91814422607422,68.71807098388672
2020-09-28,28.35582733154297,56.0372200012207,12.445134162902832,21.752586364746094,71.46148681640625,55.571712493896484,54.746849060058594,28.978151321411133,24.73279571533203,94.76597595214844,70.15524291992188
2020-09-29,28.145845413208008,56.09390640258789,12.102677345275879,21.48124885559082,70.82827758789062,55.38508224487305,54.38616943359375,28.83025550842285,24.724390029907227,94.64746856689453,69.6109390258789
2020-09-30,28.431774139404297,56.131717681884766,12.066418647766113,21.770675659179688,70.6447525024414,55.84928512573242,55.047428131103516,28.978151321411133,24.947059631347656,96.1607894897461,70.17914581298828
2020-10-01,28.029687881469727,56.9349479675293,11.695764541625977,21.806856155395508,70.43367004394531,56.43791961669922,55.356597900390625,29.454687118530273,25.199132919311523,95.8326187133789,71.09588623046875
2020-10-02,28.27987289428711,55.8104248046875,11.808570861816406,21.97870635986328,71.22289276123047,55.00701141357422,55.047428131103516,29.93121337890625,25.497421264648438,94.95743560791016,70.79508972167969
2020-10-05,28.820451736450195,56.727046966552734,12.16311264038086,22.340492248535156,72.37001037597656,56.213008880615234,55.41670227050781,30.095539093017578,25.81671714782715,96.90836334228516,71.73091888427734
2020-10-06,28.458576202392578,55.536376953125,11.981813430786133,22.114376068115234,71.48902893066406,55.34200668334961,55.05601501464844,29.84083366394043,26.035184860229492,95.6229248046875,70.40352630615234
2020-10-07,29.191259384155273,55.94272232055664,12.151025772094727,22.485214233398438,73.06746673583984,56.3565788269043,55.6485710144043,29.922996520996094,26.194826126098633,97.42800903320312,72.01263427734375
2020-10-08,29.486127853393555,56.670345306396484,12.606287002563477,22.792734146118164,73.79246520996094,56.64850997924805,56.017845153808594,30.42418098449707,26.67377471923828,97.90206146240234,72.4853286743164
2020-10-09,29.71397590637207,57.01054763793945,12.404842376708984,22.819868087768555,74.06776428222656,57.51472854614258,56.455810546875,30.342016220092773,26.669572830200195,98.786376953125,73.23975372314453
2020-10-12,29.664827346801758,58.5130615234375,12.4370756149292,23.0731201171875,74.48991394042969,59.08444595336914,57.108489990234375,30.49812889099121,26.837621688842773,99.4609603881836,74.21379852294922
2020-10-13,29.4012393951416,58.56976318359375,12.243687629699707,22.62993049621582,73.66397857666016,58.70635986328125,57.0655517578125,29.980514526367188,26.65276527404785,98.70433807373047,74.19947814941406
2020-10-14,29.486127853393555,57.87047576904297,12.296064376831055,22.41285514831543,74.07695007324219,58.395294189453125,56.7735595703125,29.63543128967285,26.619157791137695,98.12997436523438,73.37821197509766
2020-10-15,29.4012393951416,57.426334381103516,12.445134162902832,22.584707260131836,74.34309387207031,58.13208770751953,56.807918548583984,29.775110244750977,26.60235023498535,97.41889190673828,73.65036010742188
2020-10-16,29.606752395629883,57.43577194213867,12.16311264038086,22.602794647216797,74.88451385498047,57.964569091796875,56.82509231567383,29.668296813964844,26.88804054260254,98.38523864746094,72.98190307617188
2020-10-19,29.26274299621582,56.4057502746582,11.905264854431152,22.259092330932617,73.95762634277344,56.90214538574219,56.0865478515625,29.199987411499023,26.66117286682129,96.82630920410156,72.08426666259766
2020-10-20,29.32975959777832,56.812095642089844,12.046274185180664,22.439987182617188,74.34309387207031,57.09836196899414,56.02642822265625,29.39716911315918,26.82082176208496,96.95394897460938,72.66200256347656
2020-10-21,29.21807289123535,57.76652145385742,11.816631317138672,22.322410583496094,73.590576171875,57.0122184753418,56.07795715332031,29.290355682373047,26.749399185180664,96.47075653076172,72.26570892333984
2020-10-22,29.378904342651367,58.14451599121094,12.304122924804688,22.765596389770508,74.19623565673828,56.74421691894531,56.05219650268555,29.084959030151367,27.127511978149414,97.9294204711914,72.4137191772461
2020-10-23,29.486127853393555,58.69260787963867,12.243687629699707,22.83795738220215,74.48991394042969,56.682003021240234,56.15524673461914,29.27392578125,27.20313835144043,98.2940673828125,73.04875183105469
2020-10-26,28.748971939086914,57.407432556152344,11.804542541503906,22.322410583496094,72.62696838378906,55.45207977294922,55.43387985229492,28.92063331604004,27.194730758666992,97.2000961303711,71.64495086669922
2020-10-27,28.476451873779297,57.77596664428711,11.651447296142578,21.915393829345703,71.03936004638672,55.72964859008789,55.287879943847656,28.55091667175293,27.173717498779297,96.53459167480469,71.61155700683594
2020-10-28,27.67228126525879,55.508026123046875,11.163956642150879,21.35462188720703,68.70838928222656,53.36551284790039,53.67339324951172,27.91827392578125,26.383886337280273,93.47145080566406,69.34834289550781
2020-10-29,28.2441349029541,56.9066047668457,11.506407737731934,21.51742935180664,69.70868682861328,54.255653381347656,53.65621566772461,28.238697052001953,26.455305099487305,92.7056655883789,69.78760528564453
2020-10-30,28.22626304626465,55.94272232055664,11.570868492126465,21.580739974975586,69.62608337402344,53.05443572998047,53.467281341552734,28.05794906616211,26.20743751525879,92.67831420898438,68.26446533203125
2020-11-02,29.164461135864258,55.91436767578125,11.965697288513184,21.987751007080078,71.50736236572266,53.188438415527344,54.31745910644531,28.74810028076172,26.78300666809082,94.34661865234375,68.75150299072266
2020-11-03,29.620149612426758,56.745948791503906,11.897204399108887,22.47616958618164,73.61808776855469,54.126426696777344,55.21059799194336,29.199987411499023,27.169523239135742,95.72320556640625,70.26507568359375
2020-11-04,29.11531639099121,59.19344711303711,11.913324356079102,22.2138671875,72.85641479492188,56.232147216796875,55.23636245727539,29.282146453857422,26.76200294494629,99.9715347290039,71.75957489013672
2020-11-05,30.303693771362305,60.33686065673828,11.913324356079102,22.75655174255371,74.5724868774414,57.97893524169922,55.63998031616211,29.388946533203125,27.001468658447266,100.17207336425781,73.15855407714844
2020-11-06,30.379642486572266,60.19511795043945,11.655477523803711,22.575658798217773,74.64591217041016,58.184715270996094,55.89760971069336,29.27392578125,26.94265365600586,100.20853424072266,72.93892669677734
2020-11-09,31.063188552856445,59.68483352661133,13.319392204284668,24.429826736450195,77.18797302246094,57.76356506347656,55.768802642822266,30.046245574951172,27.442607879638672,101.14753723144531,72.7001953125
2020-11-10,31.429527282714844,59.49583435058594,13.750480651855469,24.556455612182617,78.54615783691406,56.686790466308594,56.8680305480957,30.210567474365234,27.837522506713867,101.43927764892578,72.44236755371094
2020-11-11,30.960432052612305,60.03446578979492,13.60947036743164,24.45696258544922,77.88542175292969,58.031578063964844,57.35752868652344,30.440610885620117,27.942554473876953,101.31161499023438,73.077392578125
2020-11-12,30.308162689208984,59.694278717041016,13.170326232910156,24.049949645996094,76.99522399902344,57.51472854614258,57.20294952392578,30.12839126586914,27.493024826049805,100.93782806396484,72.09858703613281
2020-11-13,30.830873489379883,60.58256149291992,13.649760246276855,24.447919845581055,78.70217895507812,58.00286102294922,57.99300765991211,30.818553924560547,27.76609992980957,102.21415710449219,73.26839447021484
2020-11-16,31.438461303710938,60.96999740600586,14.548194885253906,24.990602493286133,80.62017059326172,58.56278991699219,58.52546691894531,31.015735626220703,28.047584533691406,102.04093933105469,74.22813415527344
2020-11-17,31.32229995727539,60.752655029296875,14.697260856628418,24.95442771911621,80.40908813476562,58.23736572265625,58.11326599121094,31.03216552734375,27.497217178344727,101.37544250488281,73.9129867553711
2020-11-18,31.063188552856445,60.13842010498047,14.270200729370117,24.71926498413086,80.05120086669922,57.61521911621094,57.31459426879883,30.506345748901367,26.95945930480957,99.48832702636719,73.40687561035156
2020-11-19,31.1927433013916,60.506961822509766,14.503877639770508,24.800661087036133,80.25308227539062,58.07942581176758,57.469173431396484,30.55563735961914,26.69057846069336,99.41542053222656,73.76973724365234
2020-11-20,31.165931701660156,60.365211486816406,14.427330017089844,24.583593368530273,79.5280990600586,57.48121643066406,57.108489990234375,30.35022735595703,26.694782257080078,99.1874771118164,73.38298797607422
2020-11-23,31.425064086914062,60.39356231689453,15.446626663208008,25.044872283935547,80.85877227783203,57.46686553955078,57.12566375732422,30.25164222717285,26.698984146118164,98.93221282958984,74.1899185180664
2020-11-24,32.20688247680664,61.6314811706543,16.240314483642578,25.922208786010742,82.27202606201172,58.26607894897461,57.512115478515625,30.235212326049805,26.984670639038086,99.22396087646484,75.29287719726562
2020-11-25,31.8718204498291,61.622039794921875,15.86159610748291,25.831762313842773,81.64798736572266,58.390506744384766,57.477760314941406,30.309152603149414,27.056087493896484,98.85928344726562,75.38358306884766
2020-11-27,32.03712844848633,62.01892852783203,15.676271438598633,25.750364303588867,81.51033782958984,58.701576232910156,57.469173431396484,30.25164222717285,26.78720474243164,99.77095794677734,75.54595184326172
2020-11-30,31.715452194213867,61.80158615112305,14.810070037841797,25.216716766357422,80.78533172607422,59.09400177001953,57.4605827331543,29.98872947692871,26.40069580078125,100.04443359375,75.08756256103516
2020-12-01,32.06391525268555,62.935543060302734,14.878561973571777,25.605642318725586,80.58345794677734,59.85015106201172,57.967262268066406,30.366662979125977,26.585546493530273,100.88317108154297,75.64622497558594
2020-12-02,31.652894973754883,63.52144241333008,15.362022399902344,25.88603401184082,80.69355773925781,59.75921630859375,57.48634338378906,30.046245574951172,26.76200294494629,101.63981628417969,75.17350769042969
2020-12-03,31.433996200561523,63.237945556640625,15.523176193237305,25.895076751708984,80.90465545654297,59.7209358215332,57.632328033447266,30.26807403564453,26.484718322753906,101.51217651367188,75.38358306884766
2020-12-04,32.06839370727539,63.294639587402344,16.369230270385742,26.21164321899414,81.86824035644531,60.319149017333984,58.07890319824219,30.670663833618164,26.220043182373047,102.59705352783203,75.45521545410156
2020-12-07,31.858409881591797,63.691558837890625,15.986493110656738,26.030746459960938,81.4736099243164,60.49143600463867,57.855621337890625,30.366662979125977,26.367080688476562,101.968017578125,75.28334045410156
2020-12-08,32.03712844848633,63.597068786621094,16.22419548034668,26.02170181274414,81.86824035644531,60.687652587890625,58.17335510253906,30.22699546813965,26.287256240844727,102.742919921875,75.1257553100586
2020-12-09,32.054988861083984,62.841060638427734,16.260456085205078,25.958391189575195,82.05178833007812,59.52471923828125,57.941505432128906,29.947647094726562,26.241043090820312,102.38735961914062,75.05416107177734
2020-12-10,31.858409881591797,62.878849029541016,16.76003074645996,26.00361442565918,81.27174377441406,59.610862731933594,57.68384552001953,29.783321380615234,26.106605529785156,102.21415710449219,74.9873275756836
2020-12-11,31.67524528503418,63.256839752197266,16.566646575927734,25.741315841674805,81.46443176269531,59.48643493652344,57.81267166137695,29.79975700378418,26.148618698120117,101.81303405761719,74.6291732788086
2020-12-14,31.27316665649414,63.05840301513672,15.986493110656738,25.442838668823242,80.40908813476562,59.7017822265625,57.589385986328125,29.586132049560547,26.014179229736328,101.04724884033203,74.739013671875
2020-12-15,31.84054946899414,63.57815170288086,16.30074691772461,25.876991271972656,81.52867889404297,60.69721984863281,57.72681427001953,30.103755950927734,26.526731491088867,102.14122772216797,75.74646759033203
2020-12-16,31.75118637084961,63.52144241333008,16.220169067382812,25.922208786010742,81.02393341064453,61.10879135131836,57.83842849731445,30.111970901489258,26.220043182373047,101.84038543701172,76.2430648803711
2020-12-17,32.11753845214844,63.36080551147461,16.143619537353516,25.994565963745117,81.5195083618164,61.59214782714844,58.20771026611328,30.46526336669922,26.396493911743164,102.93435668945312,76.76351928710938
2020-12-18,32.260501861572266,63.41749572753906,15.873685836791992,25.768447875976562,81.52867889404297,61.37679672241211,58.3365364074707,29.939424514770508,26.16962242126465,103.01641082763672,76.39107513427734
2020-12-21,32.089439392089844,62.87516784667969,15.567481994628906,26.115812301635742,81.03659057617188,61.43819046020508,57.70783996582031,29.66978645324707,25.85271644592285,101.98564910888672,75.52811431884766
2020-12-22,31.891874313354492,62.28833770751953,15.306184768676758,25.861202239990234,80.6587905883789,61.970645904541016,57.30084228515625,29.877840042114258,25.80187225341797,101.67442321777344,75.20282745361328
2020-12-23,31.9367733001709,62.64800262451172,15.645055770874023,26.288589477539062,81.08268737792969,61.500553131103516,57.49134826660156,29.59487533569336,25.75102996826172,101.74767303466797,75.36546325683594
2020-12-24,32.13882827758789,62.71424865722656,15.563396453857422,26.3249568939209,81.0918960571289,61.90827560424805,57.77711486816406,29.886157989501953,25.93321418762207,102.04059600830078,75.52330780029297
2020-12-28,32.01310729980469,63.840572357177734,15.465414047241211,26.452259063720703,81.19326782226562,62.6086311340332,58.236080169677734,30.127521514892578,26.047605514526367,102.29691314697266,76.3843765258789
2020-12-29,31.9367733001709,63.78378677368164,15.363348007202148,26.361331939697266,80.70487213134766,62.311222076416016,58.06288528442383,29.89448356628418,26.043367385864258,102.78207397460938,76.4083023071289
2020-12-30,32.376792907714844,63.35785675048828,15.604227066040039,26.479541778564453,81.22089385986328,62.27763366699219,58.00227355957031,30.06093406677246,26.174711227416992,102.76376342773438,76.86752319335938
2020-12-31,32.50251007080078,63.86898422241211,15.473578453063965,26.80690574645996,81.5987319946289,62.3687858581543,58.40927505493164,30.42713165283203,26.564489364624023,103.84394836425781,76.91056823730469
2021-01-04,32.19270324707031,62.92247009277344,15.49807357788086,26.443172454833984,79.626708984375,61.35184860229492,57.77711486816406,29.445070266723633,25.89508056640625,103.39540100097656,76.2599868774414
2021-01-05,32.91558837890625,63.14964294433594,16.1921443939209,26.561386108398438,80.40999603271484,61.7499885559082,57.77711486816406,29.411779403686523,25.89084815979004,104.14602661132812,76.82925415039062
2021-01-06,34.26255416870117,62.84675979614258,16.686147689819336,27.734413146972656,82.32669067382812,60.68508529663086,57.820411682128906,29.270301818847656,26.534832000732422,105.5740737915039,77.61376190185547
2021-01-07,34.51847839355469,63.67967987060547,16.931116104125977,28.134511947631836,82.77825164794922,62.3208122253418,57.6472282409668,29.361841201782227,26.187419891357422,106.94718933105469,79.11100006103516
2021-01-08,34.352352142333984,63.8784294128418,16.910701751708984,28.11632537841797,82.57550048828125,62.72373962402344,57.9329948425293,29.678096771240234,26.407733917236328,107.45980072021484,80.74222564697266
2021-01-11,34.352352142333984,62.74266052246094,17.176074981689453,28.20726203918457,82.5478744506836,62.205684661865234,57.43940734863281,29.178749084472656,26.1619930267334,107.96329498291016,79.23538970947266
2021-01-12,34.787879943847656,61.72990417480469,17.776241302490234,28.498245239257812,83.36800384521484,61.90827560424805,57.248878479003906,29.203718185424805,26.022186279296875,106.79154968261719,80.44564819335938
2021-01-13,34.43317794799805,61.947574615478516,17.63743019104004,28.480056762695312,82.64923858642578,62.301612854003906,57.33547592163086,29.60320281982422,26.53059959411621,107.0844955444336,80.44087219238281
2021-01-14,34.31643295288086,61.59739685058594,18.160017013549805,28.60736656188965,82.93489074707031,61.75477981567383,57.032386779785156,29.786300659179688,26.428911209106445,106.74578857421875,79.92900848388672
2021-01-15,33.8270378112793,61.79616165161133,17.453710556030273,28.134511947631836,81.85672760009766,61.121604919433594,56.833213806152344,30.244033813476562,26.687355041503906,107.07535552978516,79.31193542480469
2021-01-19,33.943763732910156,62.913028717041016,17.804821014404297,28.20726203918457,82.12398529052734,61.91787338256836,56.58208465576172,30.044292449951172,26.585676193237305,107.88089752197266,79.76158142089844
2021-01-20,34.05601119995117,64.89117431640625,17.870145797729492,28.08905029296875,82.63079071044922,63.14585494995117,56.68600082397461,30.668487548828125,26.742431640625,108.47592163085938,81.26840209960938
2021-01-21,33.5576286315918,65.12779235839844,17.26589584350586,27.788970947265625,81.98574829101562,63.961334228515625,56.49549102783203,30.568613052368164,26.585676193237305,107.96329498291016,81.64632415771484
2021-01-22,33.39599609375,65.15618896484375,17.176074981689453,27.588912963867188,81.56185150146484,63.71669387817383,56.34828186035156,30.643510818481445,26.623804092407227,107.64289093017578,81.36888122558594
2021-01-25,33.22089385986328,65.53479766845703,17.00052261352539,27.388870239257812,81.00897979736328,64.24916076660156,56.91116714477539,30.918149948120117,27.15764045715332,108.34774017333984,81.67024230957031
2021-01-26,32.762916564941406,66.42447662353516,16.637155532836914,27.170629501342773,80.26254272460938,64.2923355102539,57.42207336425781,31.23441505432129,26.88648223876953,107.94497680664062,81.61762237548828
2021-01-27,31.7976016998291,64.27596282958984,16.412609100341797,26.370426177978516,78.6683578491211,63.078712463378906,56.45219802856445,30.834930419921875,26.1619930267334,104.66780853271484,79.1014404296875
2021-01-28,32.34536361694336,64.50312805175781,16.604496002197266,26.861461639404297,79.8386459350586,63.337730407714844,56.668704986572266,30.918149948120117,26.475521087646484,106.19654846191406,79.3501968383789
2021-01-29,31.716766357421875,63.30107116699219,16.053321838378906,26.3249568939209,78.11547088623047,61.845924377441406,55.499629974365234,30.593584060668945,26.331470489501953,105.29944610595703,77.49894714355469
2021-02-01,32.089439392089844,64.48417663574219,16.167644500732422,26.67050552368164,78.9263687133789,63.39530944824219,55.55159378051758,31.284347534179688,26.45857048034668,105.70222473144531,79.5128402709961
2021-02-02,32.5114860534668,65.4685287475586,16.343198776245117,27.316125869750977,80.60352325439453,64.25394439697266,55.92395782470703,31.417510986328125,26.674644470214844,106.00430297851562,81.20145416259766
2021-02-03,32.57434844970703,66.3487777709961,17.041351318359375,27.470705032348633,80.6587905883789,64.0333023071289,56.010555267333984,31.292665481567383,26.58991050720215,105.25367736816406,80.74701690673828
2021-02-04,32.45760726928711,66.74629974365234,17.229156494140625,28.079954147338867,81.52499389648438,65.05503845214844,56.41754913330078,31.467451095581055,26.797510147094727,105.69306182861328,81.60806274414062
2021-02-05,33.01435470581055,67.58866119384766,17.376136779785156,28.08905029296875,82.0041732788086,64.9111328125,56.94580078125,31.57563591003418,26.941560745239258,105.88530731201172,82.38777923583984
2021-02-08,33.28824234008789,67.85368347167969,18.102863311767578,28.45278549194336,82.70452880859375,65.59226989746094,57.162296295166016,31.6422119140625,26.733959197998047,106.0134506225586,82.85658264160156
2021-02-09,33.041290283203125,68.08082580566406,17.910972595214844,28.461877822875977,82.91646575927734,65.5155258178711,57.110321044921875,31.783687591552734,26.7720890045166,106.16908264160156,82.3973388671875
2021-02-10,33.00537109375,68.72444915771484,18.253917694091797,28.461877822875977,82.78743743896484,65.41958618164062,57.049720764160156,32.000083923339844,26.878005981445312,106.361328125,81.58414459228516
2021-02-11,33.03681182861328,68.80017852783203,17.972219467163086,28.370941162109375,82.61236572265625,66.13911437988281,56.798580169677734,31.94182586669922,26.72549057006836,106.56271362304688,81.35931396484375
2021-02-12,33.37803649902344,69.09357452392578,18.237594604492188,28.661928176879883,83.21134185791016,66.47967529296875,56.88517761230469,31.93350601196289,26.53059959411621,107.35911560058594,81.47412872314453
2021-02-16,33.315189361572266,69.42485809326172,18.694862365722656,29.152963638305664,83.12841033935547,66.26382446289062,56.7812614440918,31.5922794342041,26.234024047851562,106.29727172851562,81.12013244628906
2021-02-17,33.29722595214844,69.62361907958984,18.972492218017578,29.298452377319336,82.8980484008789,65.67861938476562,56.98909378051758,31.61725425720215,26.255212783813477,106.68171691894531,81.58891296386719
2021-02-18,33.090675354003906,69.28288269042969,18.543794631958008,29.125680923461914,82.4833755493164,65.35723114013672,56.95445251464844,31.600601196289062,26.411964416503906,106.0134506225586,81.61285400390625
2021-02-19,33.69683837890625,68.60140228271484,18.85408592224121,29.471220016479492,83.83795166015625,65.26127624511719,56.23571014404297,31.70047378540039,26.017946243286133,104.73188018798828,81.13926696777344
2021-02-22,33.8270378112793,68.32694244384766,19.507322311401367,29.744016647338867,84.10519409179688,63.822242736816406,56.28765869140625,31.883573532104492,25.50953483581543,104.48473358154297,79.42671966552734
2021-02-23,33.943763732910156,68.8569564819336,19.82986068725586,29.92587661743164,84.36322784423828,63.64473342895508,56.365596771240234,32.000083923339844,25.721372604370117,104.31079864501953,78.90531921386719
2021-02-24,34.2401123046875,68.97998809814453,20.532089233398438,30.507854461669922,85.95741271972656,64.61849975585938,56.330970764160156,32.149898529052734,25.420564651489258,105.03399658203125,79.73287200927734
2021-02-25,33.44987487792969,67.47509002685547,20.136066436767578,29.953157424926758,84.37245178222656,62.35918426513672,55.71612548828125,31.625574111938477,25.19178009033203,103.98126220703125,76.76705169677734
2021-02-26,33.02334213256836,67.74010467529297,19.65838623046875,29.38028907775879,83.49699401855469,62.69015884399414,54.815521240234375,31.076282501220703,24.725736618041992,103.08414459228516,77.08756256103516
2021-03-01,33.858463287353516,69.4721908569336,20.168729782104492,30.2987003326416,85.63488006591797,64.70964050292969,55.3697395324707,31.10957908630371,25.27227783203125,104.42980194091797,78.89574432373047
2021-03-02,34.047027587890625,68.96106719970703,20.05849838256836,30.189590454101562,85.38609313964844,63.68311309814453,55.27448272705078,30.918149948120117,25.196016311645508,104.12772369384766,77.98686981201172
2021-03-03,33.71029281616211,67.97671508789062,20.35245132446289,30.426010131835938,85.47824096679688,62.08097457885742,55.01469802856445,30.535320281982422,24.899442672729492,102.80951690673828,76.15475463867188
2021-03-04,33.054771423339844,67.85368347167969,20.83829689025879,30.08047103881836,84.1144027709961,60.70907211303711,54.815521240234375,30.31061363220215,24.878257751464844,101.4272689819336,74.54267883300781
2021-03-05,33.81355667114258,69.44377899169922,21.61809730529785,30.65334129333496,86.10485076904297,61.85551452636719,56.02785873413086,30.6601619720459,25.284984588623047,103.45946502685547,75.01626586914062
2021-03-08,34.26704788208008,68.5162353515625,21.6589298248291,31.044355392456055,87.0079116821289,60.35890579223633,56.270347595214844,30.809965133666992,25.6408748626709,103.2031478881836,75.10716247558594
2021-03-09,34.478065490722656,69.28288269042969,21.279232025146484,30.762466430664062,86.64854431152344,62.411964416503906,56.218387603759766,31.159507751464844,25.979816436767578,103.80732727050781,77.9438247680664
2021-03-10,35.04829788208008,69.57628631591797,21.81814956665039,31.38990020751953,87.92940521240234,62.16251754760742,56.95445251464844,31.467451095581055,26.157764434814453,104.04534149169922,78.34085845947266
2021-03-11,35.236873626708984,70.89190673828125,21.82632064819336,31.298961639404297,87.9939193725586,63.49123001098633,56.8159065246582,31.93350601196289,26.08997344970703,104.6769790649414,79.54154968261719
2021-03-12,35.331153869628906,70.69316101074219,21.871227264404297,31.61722183227539,89.17343139648438,63.035526275634766,57.28352737426758,32.48278045654297,26.441621780395508,104.90581512451172,79.77593231201172
2021-03-15,35.37156677246094,71.1948013305664,21.62217903137207,31.435359954833984,89.91985321044922,63.70710754394531,57.53464889526367,32.84898376464844,26.780563354492188,105.62899780273438,80.84745788574219
2021-03-16,35.079715728759766,71.94251251220703,21.005685806274414,31.108003616333008,88.63895416259766,64.1867904663086,57.60393142700195,32.84898376464844,26.81446075439453,105.56492614746094,80.01033782958984
2021-03-17,35.394012451171875,71.95196533203125,21.16899871826172,31.317153930664062,89.66184997558594,64.13402557373047,57.5173454284668,32.79903793334961,26.37807273864746,105.18043518066406,81.13446044921875
2021-03-18,35.19645309448242,70.75939178466797,20.217723846435547,31.480825424194336,89.57890319824219,62.35438919067383,57.28352737426758,32.59098434448242,26.28062629699707,104.96072387695312,79.14927673339844
2021-03-19,35.02135467529297,71.37462615966797,20.221799850463867,31.117097854614258,88.8969955444336,62.16731643676758,57.48269271850586,32.158203125,26.352657318115234,105.3360595703125,79.62286376953125
2021-03-22,35.042991638183594,71.97480010986328,20.027875900268555,30.716136932373047,88.8470687866211,63.38973617553711,58.08952713012695,32.512935638427734,26.314664840698242,106.25279998779297,80.14701843261719
2021-03-23,34.31256103515625,71.44383239746094,19.734926223754883,30.2868595123291,87.29419708251953,62.99557113647461,58.333309173583984,32.613807678222656,26.707353591918945,105.17804718017578,79.3947982788086
2021-03-24,34.560543060302734,69.64232635498047,20.230052947998047,30.396465301513672,87.93197631835938,62.231258392333984,58.10694885253906,32.47090530395508,26.715892791748047,105.05864715576172,78.22096252441406
2021-03-25,35.06102752685547,69.30099487304688,20.304323196411133,30.907936096191406,89.33699035644531,62.192779541015625,58.67287063598633,32.748287200927734,27.00187110900879,105.49956512451172,78.90608978271484
2021-03-26,35.93124008178711,68.54244995117188,20.807706832885742,31.392017364501953,90.880615234375,63.77427291870117,59.708946228027344,33.546817779541016,27.09151268005371,107.49290466308594,79.56249237060547
2021-03-29,35.809505462646484,69.24410247802734,20.56014060974121,31.118013381958008,90.89910888671875,63.44261932373047,60.3096809387207,33.471168518066406,27.38176155090332,107.99809265136719,79.1264877319336
2021-03-30,35.70579528808594,69.24410247802734,20.382720947265625,31.337223052978516,91.29656982421875,62.84173583984375,59.665409088134766,33.32827377319336,27.13419532775879,107.02442932128906,79.90267181396484
2021-03-31,35.52994918823242,69.5190658569336,20.242431640625,31.09974479675293,91.00077056884766,63.841590881347656,59.47385787963867,33.19378662109375,27.33481216430664,107.23567962646484,80.52552795410156
2021-04-01,35.841064453125,70.71375274658203,20.75819206237793,31.483356475830078,91.30582427978516,65.12506103515625,59.186553955078125,33.72333908081055,27.30919647216797,106.91417694091797,81.17234802246094
2021-04-05,36.282936096191406,72.2023696899414,20.263063430786133,31.729963302612305,92.43350219726562,66.47103118896484,59.94401931762695,33.89984893798828,27.607990264892578,107.6582260131836,83.0169448852539
2021-04-06,36.364097595214844,72.38249969482422,20.209423065185547,31.66602897644043,92.21166229248047,66.1874008178711,60.196495056152344,33.983909606933594,27.75311279296875,107.24486541748047,83.37629699707031
2021-04-07,35.737361907958984,72.94193267822266,20.279571533203125,31.82129669189453,91.78646087646484,66.53829193115234,60.04850387573242,34.02593994140625,27.718969345092773,107.00605773925781,83.12713623046875
2021-04-08,35.782447814941406,72.95140838623047,20.015499114990234,31.830434799194336,92.00830841064453,67.49971008300781,60.10943603515625,33.85783004760742,27.69762420654297,107.17137145996094,83.52001953125
2021-04-09,36.09355545043945,72.93244934082031,19.883464813232422,32.10443115234375,92.9048843383789,68.14863586425781,60.00495147705078,33.908267974853516,27.667743682861328,108.34717559814453,84.31536865234375
2021-04-12,36.219810485839844,72.63850402832031,19.7266788482666,32.24143981933594,93.24689483642578,67.82178497314453,60.32709503173828,34.11000061035156,27.693361282348633,108.45741271972656,84.85675811767578
2021-04-13,36.13414001464844,72.73332214355469,19.74730682373047,31.940034866333008,92.79399108886719,68.46109771728516,60.00495147705078,34.31172180175781,28.022018432617188,108.90751647949219,85.7527084350586
2021-04-14,36.39566421508789,71.98428344726562,20.296070098876953,32.131832122802734,92.91413879394531,67.7352523803711,59.952720642089844,34.10158157348633,28.14580726623535,108.89830780029297,84.90946960449219
2021-04-15,36.82398986816406,72.90397644042969,20.13102912902832,32.10443115234375,93.28388214111328,68.8985366821289,60.43157196044922,34.74882507324219,28.457401275634766,110.76307678222656,85.51795959472656
2021-04-16,37.2703857421875,72.8565902709961,19.970117568969727,32.332786560058594,93.48722076416016,68.88412475585938,60.77982711791992,34.79925537109375,28.68788719177246,111.58977508544922,86.17913818359375
2021-04-19,37.09904479980469,72.44889068603516,19.949485778808594,32.24143981933594,93.0990219116211,68.31210327148438,60.544769287109375,34.908538818359375,28.542774200439453,111.61734008789062,85.21131896972656
2021-04-20,36.74283981323242,72.06014251708984,19.42134666442871,31.638628005981445,92.07299041748047,67.70640563964844,60.87560272216797,35.29518127441406,28.90557861328125,112.04908752441406,84.13807678222656
2021-04-21,37.410152435302734,72.18338775634766,19.668912887573242,32.07703399658203,93.3301010131836,68.38899230957031,61.18032455444336,35.454898834228516,28.662281036376953,113.3718490600586,85.25923156738281
2021-04-22,36.77890396118164,71.65242004394531,19.43785285949707,31.720827102661133,92.85870361328125,67.58624267578125,60.72758865356445,35.30359649658203,28.457401275634766,112.86663055419922,84.31536865234375
2021-04-23,37.38310623168945,72.48681640625,19.615270614624023,32.31451416015625,93.87547302246094,68.59569549560547,60.57087707519531,35.505332946777344,28.41898536682129,113.61066436767578,85.19694519042969
2021-04-26,37.60403823852539,72.63850402832031,19.74730682373047,32.44237518310547,93.59815979003906,68.94660186767578,59.89177703857422,35.58098602294922,28.25678253173828,113.22486114501953,85.5706558227539
2021-04-27,37.50484848022461,72.34458923339844,19.98661994934082,32.698123931884766,94.3746109008789,68.77838134765625,59.84823989868164,35.58098602294922,28.039094924926758,112.57269287109375,85.47002410888672
2021-04-28,37.60853576660156,73.00830078125,20.67567253112793,32.82598876953125,94.18049621582031,68.1390380859375,59.89177703857422,35.454898834228516,28.000680923461914,112.23279571533203,85.3694076538086
2021-04-29,37.8430061340332,75.02787780761719,20.906726837158203,33.41054153442383,94.84601593017578,68.08135986328125,60.5273323059082,35.71547317504883,28.25678253173828,111.78271484375,85.39337158203125
2021-04-30,37.441707611083984,74.00386810302734,20.378589630126953,33.118255615234375,94.21746826171875,67.15361785888672,60.57956314086914,35.950828552246094,28.478740692138672,111.45201873779297,85.72395324707031
2021-05-03,38.00081253051758,73.6151123046875,20.939735412597656,33.282657623291016,95.18802642822266,66.96614837646484,61.07585144042969,35.75749588012695,28.474472045898438,112.71963500976562,85.31671142578125
2021-05-04,38.415626525878906,72.95140838623047,20.952117919921875,33.54753875732422,95.60397338867188,65.76437377929688,60.76241683959961,35.53894805908203,28.36775779724121,112.83908081054688,84.42555236816406
2021-05-05,38.9025993347168,72.8091812133789,21.6287841796875,33.8215446472168,95.69639587402344,65.6057357788086,60.7188835144043,35.01779556274414,27.889699935913086,113.04114532470703,84.16204833984375
2021-05-06,39.23174285888672,73.66255187988281,21.740188598632812,34.32389450073242,96.36193084716797,66.26432037353516,61.50245666503906,35.185916900634766,28.103120803833008,113.18812561035156,84.34410095214844
2021-05-07,39.6194953918457,74.22193908691406,22.12804412841797,34.506561279296875,97.37866973876953,66.8315200805664,61.50245666503906,35.61461639404297,28.188488006591797,113.96891784667969,85.10110473632812
2021-05-10,39.44365310668945,72.79971313476562,22.136295318603516,34.47917175292969,97.47112274169922,65.14427185058594,61.97262191772461,35.774314880371094,28.474472045898438,114.11590576171875,83.58712005615234
2021-05-11,39.574405670166016,72.59110260009766,21.566896438598633,33.86720657348633,96.02916717529297,64.94720458984375,61.432804107666016,35.354026794433594,28.124467849731445,112.88499450683594,82.64323425292969
2021-05-12,38.57794952392578,71.16885375976562,21.670045852661133,33.520145416259766,93.72756958007812,63.120540618896484,60.61442184448242,34.49665451049805,27.467130661010742,111.81941986083984,79.84516906738281
2021-05-13,39.168617248535156,71.68087768554688,21.405982971191406,34.05902099609375,95.48381805419922,63.956974029541016,61.46764373779297,34.93375015258789,27.99640464782715,112.82988739013672,80.41053771972656
2021-05-14,39.63754653930664,73.09362030029297,22.07027816772461,34.597896575927734,96.80561065673828,65.3653793334961,61.737545013427734,35.261566162109375,28.13300132751465,113.39939880371094,81.80477905273438
2021-05-17,39.9847297668457,72.51526641845703,22.581907272338867,34.66183090209961,96.50983428955078,64.88470458984375,61.65046691894531,35.27838134765625,27.902509689331055,113.18812561035156,81.65624237060547
2021-05-18,39.54285430908203,71.77566528320312,22.057897567749023,34.17774963378906,95.10482788085938,64.36554718017578,61.45893478393555,35.34562683105469,27.898239135742188,113.22486114501953,81.01900482177734
2021-05-19,38.93866729736328,71.88946533203125,21.50913429260254,33.96767807006836,94.5687026977539,64.59147644042969,61.25869369506836,35.21113204956055,27.85129165649414,113.03196716308594,80.33866882324219
2021-05-20,38.961212158203125,73.12208557128906,21.476123809814453,33.9859504699707,94.78130340576172,65.82686614990234,61.8245964050293,35.648223876953125,28.094585418701172,114.21694946289062,81.1627426147461
2021-05-21,39.046871185302734,72.87554931640625,21.521512985229492,34.32389450073242,95.24346923828125,65.46633911132812,61.83332824707031,35.58938980102539,28.23971176147461,114.23529815673828,80.75550079345703
2021-05-24,39.39405822753906,74.20296478271484,21.73606300354004,34.48828887939453,95.83505249023438,66.62964630126953,62.01616668701172,35.97604751586914,28.188488006591797,114.34555053710938,81.55562591552734
2021-05-25,39.060401916503906,74.18402862548828,21.294574737548828,34.141212463378906,95.54850769042969,66.64885711669922,62.03355407714844,36.076908111572266,27.84701919555664,114.00567626953125,81.81433868408203
2021-05-26,39.07392883300781,74.66756439208984,21.484376907348633,34.2416877746582,95.8535385131836,66.64407348632812,61.9029655456543,36.16097640991211,27.85129165649414,113.34429168701172,82.59535217285156
2021-05-27,39.38504409790039,74.95203399658203,21.50088119506836,34.63442611694336,97.16610717773438,66.29315185546875,61.519874572753906,36.11894607543945,27.663476943969727,113.09628295898438,82.92591094970703
2021-05-28,39.34446334838867,74.70550537109375,21.542139053344727,34.698368072509766,97.16610717773438,66.52869415283203,61.65046691894531,36.362701416015625,27.8128719329834,113.5372085571289,82.81092071533203
2021-06-01,39.89455032348633,74.75289916992188,22.37148094177246,34.90843963623047,97.54507446289062,66.20181274414062,61.44150924682617,36.98472213745117,27.642135620117188,111.6724624633789,82.6528091430664
2021-06-02,39.56088638305664,74.52535247802734,22.7882137298584,34.963233947753906,97.26776123046875,66.65847778320312,61.66788101196289,37.497459411621094,27.787260055541992,111.45201873779297,82.26952362060547
2021-06-03,39.55187225341797,74.02284240722656,22.85010528564453,35.04544448852539,97.05517578125,66.03839111328125,62.050968170166016,37.42181396484375,27.953725814819336,111.79187774658203,81.2921142578125
2021-06-04,39.63754653930664,75.08477783203125,23.00276756286621,35.13677978515625,97.36943054199219,67.30742645263672,62.26863098144531,37.455440521240234,27.911043167114258,112.15011596679688,81.9437255859375
2021-06-07,39.15509033203125,75.4735107421875,22.903736114501953,34.90843963623047,96.69468688964844,67.2929916381836,62.164161682128906,37.80845642089844,27.962263107299805,112.55431365966797,81.9437255859375
2021-06-08,39.22721862792969,75.25543975830078,23.101791381835938,34.81710433959961,96.94426727294922,67.29779815673828,61.64177703857422,38.01020431518555,27.723234176635742,112.20523834228516,82.60490417480469
2021-06-09,38.92062759399414,75.17958068847656,22.957380294799805,34.48828887939453,95.9552001953125,67.34587860107422,61.34576416015625,38.0522346496582,27.97080421447754,113.28917694091797,82.14974975585938
2021-06-10,38.6861572265625,75.58729553222656,22.928499221801758,34.086421966552734,95.48381805419922,67.84100341796875,61.72884750366211,38.43888854980469,28.15434455871582,115.22738647460938,82.53782653808594
2021-06-11,38.830448150634766,75.67263793945312,22.85010528564453,34.30562973022461,95.67792510986328,68.24478912353516,61.76365661621094,38.195125579833984,28.218372344970703,114.40985107421875,82.98820495605469
2021-06-14,38.35250473022461,76.17516326904297,22.751075744628906,33.94941711425781,95.24346923828125,68.9369888305664,61.72884750366211,38.413673400878906,28.27812957763672,114.51090240478516,83.01215362548828
2021-06-15,38.27134704589844,75.7389907836914,23.18431282043457,34.01334762573242,95.65018463134766,68.51398468017578,61.58082962036133,38.060646057128906,28.363496780395508,114.547607421875,82.57135009765625
2021-06-16,37.84751892089844,75.07528686523438,23.060527801513672,33.97682189941406,94.74432373046875,68.14383697509766,60.76241683959961,37.716007232666016,27.936655044555664,114.1067123413086,82.60970306396484
2021-06-17,37.004356384277344,75.38818359375,22.276582717895508,32.97213363647461,93.28388214111328,68.93217468261719,60.98008728027344,37.85890197753906,28.090316772460938,114.9793701171875,82.92111206054688
2021-06-18,36.404666900634766,74.50639343261719,21.61640739440918,32.17750549316406,92.07299041748047,68.3024673461914,59.90047073364258,37.26210021972656,27.36042594909668,113.6657943725586,82.48512268066406
2021-06-21,37.16047286987305,75.22924041748047,22.5375919342041,32.92850875854492,94.09812927246094,69.03446960449219,60.587486267089844,38.002357482910156,27.714868545532227,115.0315170288086,83.12090301513672
2021-06-22,37.30990219116211,75.87513732910156,22.68764305114746,32.9835319519043,94.20012664794922,69.66053009033203,60.675132751464844,37.833152770996094,27.54710578918457,115.280517578125,83.90303039550781
2021-06-23,37.069908142089844,75.79915618896484,22.75016975402832,33.04772186279297,93.98687744140625,69.58348083496094,60.29832458496094,37.7147216796875,27.25460433959961,114.80096435546875,84.55079650878906
2021-06-24,37.18764114379883,76.51155090332031,22.946073532104492,33.460350036621094,94.71939849853516,70.02172088623047,60.59627151489258,37.537052154541016,27.22879409790039,115.39117431640625,84.83868408203125
2021-06-25,37.19217300415039,76.60652160644531,23.06694984436035,33.86382293701172,94.90485382080078,69.93983459472656,61.06071472167969,37.80777359008789,27.521297454833984,115.91680908203125,85.3760757446289
2021-06-28,37.19217300415039,77.47091674804688,22.287494659423828,33.61624526977539,94.40414428710938,70.67183685302734,61.1132698059082,37.8246955871582,27.697660446166992,116.09202575683594,85.3952865600586
2021-06-29,37.17405319213867,77.052978515625,22.179119110107422,33.49702835083008,94.21869659423828,71.18714141845703,60.84162139892578,37.7993278503418,27.250301361083984,116.22112274169922,85.60640716552734
2021-06-30,37.273677825927734,76.91047668457031,22.454225540161133,33.64374923706055,94.95121002197266,71.1100845336914,61.3148193359375,37.50321960449219,27.19868278503418,116.1473388671875,85.67357635498047
2021-07-01,37.47746276855469,77.48039245605469,22.846033096313477,33.909664154052734,95.62812805175781,71.23047637939453,61.13082504272461,37.655494689941406,27.495487213134766,117.18019104003906,86.1582260131836
2021-07-02,37.53180694580078,78.02184295654297,22.796016693115234,33.87298583984375,95.77648162841797,72.16956329345703,61.27976608276367,37.833152770996094,27.538503646850586,118.30522155761719,86.9163589477539
2021-07-06,36.97480773925781,77.83186340332031,22.0540771484375,33.34114456176758,94.85848999023438,72.4440689086914,61.02565383911133,38.17155075073242,27.65464973449707,118.19457244873047,87.01712799072266
2021-07-07,37.3597297668457,77.71788024902344,21.695608139038086,33.38698959350586,95.8042984008789,72.83895111083984,61.34988784790039,38.36613845825195,27.835309982299805,118.9415054321289,86.96913146972656
2021-07-08,36.85253143310547,76.86300659179688,21.570560455322266,32.71760177612305,94.46903991699219,72.1502914428711,61.1220703125,38.33230209350586,27.753582000732422,118.28678894042969,86.75320434570312
2021-07-09,37.577083587646484,77.5468978881836,22.029067993164062,33.66208267211914,95.96192169189453,72.81488037109375,61.47256851196289,38.83989334106445,27.787994384765625,118.69255065917969,87.56414031982422
2021-07-12,37.69934844970703,78.09783935546875,21.9957218170166,33.99219512939453,96.09174346923828,72.87265014648438,61.37617492675781,39.17829895019531,27.878324508666992,118.923095703125,88.16390991210938
2021-07-13,37.35519790649414,77.89834594726562,21.828989028930664,33.62540817260742,95.16447448730469,73.1712417602539,61.358642578125,38.67070007324219,27.667551040649414,118.81242370605469,87.10828399658203
2021-07-14,37.2782096862793,77.84135437011719,21.178749084472656,33.469520568847656,95.15522766113281,73.71060180664062,61.90195846557617,39.00909423828125,27.908443450927734,118.7017593383789,86.94994354248047
2021-07-15,37.282737731933594,77.29044342041016,20.88280487060547,33.57955551147461,95.34066772460938,73.10382080078125,62.15608215332031,39.06831359863281,28.222455978393555,118.28678894042969,86.47972869873047
2021-07-16,36.721214294433594,76.80599975585938,20.290916442871094,33.121063232421875,94.49686431884766,72.38143920898438,62.25246810913086,39.11061477661133,28.506351470947266,118.60954284667969,85.41447448730469
2021-07-19,35.933265686035156,75.63766479492188,19.57398223876953,32.19493103027344,92.52182006835938,71.38458251953125,62.068458557128906,38.501502990722656,28.0546932220459,117.36460876464844,84.43563079833984
2021-07-20,36.3408317565918,76.4925537109375,19.83657455444336,32.992698669433594,95.10883331298828,72.4440689086914,62.08598709106445,39.19521713256836,28.17513084411621,118.79398345947266,85.99508666992188
2021-07-21,36.73932647705078,77.12895965576172,20.528507232666016,33.56121826171875,96.0175552368164,73.14234161376953,61.928245544433594,39.0767822265625,27.865419387817383,118.98764038085938,86.78678131103516
2021-07-22,36.75291061401367,77.39493560791016,20.299253463745117,33.19443130493164,95.66520690917969,73.68171691894531,61.82308578491211,38.79759979248047,27.908443450927734,119.8636703491211,87.16107177734375
2021-07-23,37.01103591918945,79.31365203857422,20.224225997924805,33.24944305419922,96.07319641113281,74.41371154785156,62.56793975830078,39.15291976928711,28.265464782714844,121.2469482421875,87.93839263916016
2021-07-26,37.32350158691406,79.72209167480469,20.724414825439453,33.4420051574707,96.02680969238281,74.37520599365234,62.673099517822266,39.15291976928711,28.274072647094727,120.46310424804688,88.59095001220703
2021-07-27,37.37330627441406,78.772216796875,20.532672882080078,33.43284225463867,95.498291015625,73.67207336425781,62.80454635620117,39.465938568115234,28.76014518737793,121.02564239501953,87.69367218017578
2021-07-28,37.48198318481445,79.38964080810547,20.720245361328125,33.38698959350586,95.2757568359375,73.58058166503906,62.25246810913086,39.22905731201172,28.540767669677734,121.45905303955078,87.41056060791016
2021-07-29,37.89407730102539,78.53475189208984,20.920318603515625,33.75377655029297,96.02680969238281,73.9224853515625,62.559181213378906,39.11061477661133,28.618194580078125,121.75416564941406,88.39421844482422
2021-07-30,38.04805374145508,78.26881408691406,20.586854934692383,33.48786926269531,95.84137725830078,73.87435150146484,62.66434860229492,39.23751449584961,28.377309799194336,121.86483001708984,86.5756607055664
2021-08-02,37.58614730834961,78.08831787109375,20.432634353637695,33.49702835083008,95.18301391601562,73.60948181152344,62.40143966674805,39.25444030761719,28.596689224243164,122.03081512451172,86.82518768310547
2021-08-03,37.97559356689453,77.73686981201172,20.782764434814453,33.87298583984375,96.4255599975586,74.08143615722656,62.68185806274414,39.4151725769043,28.76014518737793,123.72759246826172,87.46814727783203
2021-08-04,37.613311767578125,77.9553451538086,20.220054626464844,33.5887336730957,95.11812591552734,74.230712890625,61.866905212402344,39.288265228271484,28.71712875366211,123.20195770263672,86.61885070800781
2021-08-05,37.55897903442383,78.6677474975586,20.449308395385742,34.02887725830078,95.56319427490234,74.64006042480469,62.16484832763672,39.60129928588867,29.03113555908203,122.69475555419922,87.44895935058594
2021-08-06,38.10239028930664,78.6677474975586,20.63687515258789,34.71660232543945,96.00828552246094,74.57745361328125,62.16484832763672,39.53361129760742,29.01393699645996,122.59331512451172,86.85395812988281
2021-08-09,38.057106018066406,78.52526092529297,20.345102310180664,34.80829620361328,95.62812805175781,74.336669921875,62.39268493652344,39.35595703125,29.005334854125977,123.06363677978516,86.73402404785156
2021-08-10,38.63222122192383,78.67726135253906,20.703569412231445,35.17509078979492,96.60173034667969,73.80210876464844,62.839595794677734,38.932952880859375,29.035444259643555,122.77777862548828,87.07469940185547
2021-08-11,39.17563247680664,78.82920837402344,20.86612892150879,35.57856369018555,97.8535385131836,73.8117446899414,63.04991149902344,39.14445495605469,29.306446075439453,121.56050872802734,87.32899475097656
2021-08-12,39.11223220825195,78.9717025756836,20.84528923034668,35.64275360107422,97.66807556152344,74.23551940917969,63.014862060546875,39.279815673828125,29.336551666259766,122.51956176757812,87.36739349365234
2021-08-13,39.14845275878906,79.0191879272461,20.599367141723633,35.376834869384766,97.36209106445312,74.64006042480469,63.5406494140625,39.542076110839844,29.54302406311035,123.28494262695312,87.11787414550781
2021-08-16,38.953739166259766,79.15218353271484,20.220054626464844,35.28512954711914,97.69590759277344,74.97715759277344,63.908687591552734,39.584381103515625,29.723691940307617,124.68663787841797,86.7148208618164
2021-08-17,38.50542068481445,78.49676513671875,20.01164436340332,35.03754806518555,96.63882446289062,74.3559341430664,63.943756103515625,39.660526275634766,29.74090003967285,126.16214752197266,84.65634155273438
2021-08-18,38.057106018066406,77.89834594726562,19.594820022583008,34.6065673828125,95.58174896240234,73.33016967773438,63.14628982543945,39.24597930908203,29.59034538269043,124.24400329589844,84.95863342285156
2021-08-19,37.71747589111328,77.90784454345703,19.0862979888916,34.34980773925781,94.91412353515625,74.04771423339844,63.65454864501953,39.5759162902832,29.710790634155273,124.80654907226562,84.41642761230469
2021-08-20,37.939361572265625,78.58226776123047,19.127981185913086,34.56072235107422,95.16447448730469,75.00123596191406,63.75971603393555,39.76203536987305,30.080720901489258,125.5166244506836,85.22734069824219
2021-08-23,38.26542282104492,79.53213500976562,19.84491729736328,34.84497833251953,95.94337463378906,75.96923065185547,63.55816650390625,39.60976028442383,29.693574905395508,125.56270599365234,86.326171875
2021-08-24,38.50542068481445,79.78857421875,20.174209594726562,35.05588912963867,96.4255599975586,75.88253784179688,63.07620620727539,39.313663482666016,29.500011444091797,125.12007904052734,86.93553161621094
2021-08-25,38.68202590942383,79.91205596923828,20.32843017578125,35.46852493286133,97.04681396484375,75.83918762207031,62.971046447753906,39.27135467529297,29.55592918395996,124.77890014648438,87.27142333984375
2021-08-26,38.41484451293945,79.21867370605469,20.019981384277344,35.29430389404297,96.62026977539062,75.3624496459961,62.68185806274414,39.29674530029297,29.482797622680664,124.2901382446289,86.46531677246094
2021-08-27,38.922035217285156,80.47250366210938,20.55351448059082,35.761966705322266,97.28791809082031,76.08960723876953,62.900936126708984,39.61821365356445,29.474199295043945,124.15178680419922,87.25222778320312
2021-08-30,38.881290435791016,81.0234146118164,20.311752319335938,35.25762176513672,97.17665100097656,76.90827941894531,63.18136215209961,40.10043716430664,29.5172176361084,124.8526382446289,87.90960693359375
2021-08-31,38.768070220947266,81.32736206054688,20.174209594726562,35.21177673339844,96.90773010253906,76.50377655029297,63.32155227661133,40.33731460571289,29.482797622680664,124.68663787841797,88.12071228027344
2021-09-01,38.668453216552734,81.73579406738281,19.878263473510742,35.01003646850586,96.5368423461914,76.52302551269531,63.65454864501953,41.03104019165039,29.869945526123047,124.72354888916016,88.11590576171875
2021-09-02,38.91750717163086,81.18489837646484,20.382619857788086,35.12925338745117,97.57534790039062,76.44114685058594,63.89992141723633,41.225616455078125,30.140939712524414,126.06068420410156,88.11112213134766
2021-09-03,38.659385681152344,81.18489837646484,20.265905380249023,34.90917205810547,96.9819107055664,76.74456787109375,63.821041107177734,41.225616455078125,29.891447067260742,126.1989974975586,88.05834197998047
2021-09-07,38.405799865722656,81.37484741210938,20.14502716064453,34.69825744628906,95.3035659790039,76.7638168334961,63.084938049316406,40.76877212524414,29.49570655822754,125.46129608154297,88.31744384765625
2021-09-08,38.03898239135742,80.95690155029297,19.886598587036133,34.61574172973633,95.43341064453125,76.4700698852539,63.62826156616211,41.01411819458008,30.024803161621094,125.40595245361328,88.41820526123047
2021-09-09,38.05257797241211,80.55796813964844,19.92828369140625,34.71660232543945,94.96975708007812,76.18111419677734,63.26021957397461,40.14273452758789,29.86133575439453,123.95814514160156,88.30303955078125
2021-09-10,38.04352951049805,80.0355453491211,19.919944763183594,34.45985412597656,94.54322814941406,75.42987823486328,62.988555908203125,39.635135650634766,29.444095611572266,122.8238525390625,87.76084899902344
2021-09-13,38.034461975097656,80.2350082397461,20.49099349975586,34.854156494140625,94.79359436035156,75.45392608642578,63.14628982543945,39.855098724365234,29.392473220825195,122.06769561767578,87.97677612304688
2021-09-14,37.61785125732422,79.5416259765625,20.195049285888672,34.386497497558594,93.65306854248047,75.35761260986328,62.857139587402344,39.7705078125,29.293533325195312,122.04926300048828,87.68408203125
2021-09-15,38.0163459777832,79.93107604980469,20.949495315551758,34.71660232543945,94.68231201171875,76.01737213134766,63.084938049316406,39.92277526855469,29.254823684692383,122.84231567382812,88.25028228759766
2021-09-16,37.604251861572266,79.8550796508789,20.711904525756836,34.61574172973633,94.03323364257812,76.06070709228516,62.8746452331543,39.99890899658203,29.00963592529297,122.52880859375,88.6533203125
2021-09-17,36.82989501953125,78.9717025756836,20.55768394470215,34.45985412597656,93.03178405761719,74.87602996826172,62.53287887573242,39.635135650634766,28.562273025512695,122.64864349365234,88.34143829345703
2021-09-20,36.12218475341797,77.38460540771484,19.929912567138672,33.66047286987305,91.96479034423828,73.51220703125,61.90859603881836,39.363746643066406,28.509828567504883,121.36878967285156,86.32555389404297
2021-09-21,36.0357666015625,77.06111145019531,19.976322174072266,33.61442565917969,91.48107147216797,73.5411605834961,61.83805847167969,39.37225341796875,28.43181800842285,121.55388641357422,86.4552993774414
2021-09-22,36.40872573852539,77.0230484008789,20.59227752685547,34.17620849609375,92.20664978027344,74.54942321777344,62.01443099975586,39.704036712646484,28.41448211669922,121.75748443603516,87.63261413574219
2021-09-23,36.927223205566406,77.81278228759766,21.313701629638672,35.01426315307617,93.62065124511719,75.54804229736328,62.24367904663086,39.50837326049805,28.26278305053711,122.63665008544922,88.52165985107422
2021-09-24,36.87264633178711,78.45028686523438,21.474018096923828,35.19845199584961,93.81598663330078,75.60110473632812,62.27013397216797,39.0574836730957,28.232446670532227,122.1368637084961,88.85321807861328
2021-09-27,37.1591911315918,78.44078063964844,22.237632751464844,35.67734146118164,93.90901184082031,74.86782836914062,61.98796463012695,38.41092300415039,27.898723602294922,120.3970947265625,89.32897186279297
2021-09-28,36.6998176574707,76.52828979492188,22.31357192993164,35.08793258666992,92.82061767578125,72.64865112304688,61.25608444213867,38.18122100830078,27.54765510559082,118.33341979980469,87.60860443115234
2021-09-29,36.549720764160156,76.46166229248047,22.31357192993164,35.11555862426758,92.92294311523438,72.55699157714844,61.81161880493164,38.42793655395508,27.907386779785156,119.26809692382812,87.69510650634766
2021-09-30,35.9811897277832,76.22379302978516,21.97606658935547,34.56300354003906,91.01593017578125,72.0359878540039,60.700584411621094,37.81541061401367,27.686351776123047,117.8059310913086,86.23426055908203
2021-10-01,36.55427169799805,77.50830841064453,22.714366912841797,35.13397979736328,92.2624740600586,73.12144470214844,60.85929870605469,38.223758697509766,27.686351776123047,117.83369445800781,86.88298034667969
2021-10-04,36.395084381103516,75.83368682861328,23.085628509521484,34.830074310302734,91.76012420654297,71.42813110351562,60.66531753540039,38.26629638671875,28.067750930786133,116.03836822509766,86.19578552246094
2021-10-05,36.7180061340332,76.9659652709961,23.220630645751953,35.5115852355957,92.78340911865234,72.44605255126953,60.97393798828125,37.968536376953125,27.99840545654297,116.73245239257812,86.54179382324219
2021-10-06,36.64978790283203,77.09915924072266,22.975933074951172,35.548397064208984,93.1927261352539,72.91883087158203,61.56471252441406,38.334354400634766,28.43181800842285,116.51960754394531,86.81570434570312
2021-10-07,37.127342224121094,77.43219757080078,23.153127670288086,35.760231018066406,93.91831970214844,73.5845718383789,61.83805847167969,38.37688446044922,28.280122756958008,118.06503295898438,88.16605377197266
2021-10-08,36.92267990112305,77.05159759521484,23.866119384765625,35.93521499633789,93.90901184082031,73.30961608886719,61.76752853393555,37.96002197265625,28.072078704833984,117.47278594970703,87.76238250732422
2021-10-11,36.927223205566406,75.89077758789062,23.77751922607422,35.57603454589844,93.155517578125,72.90434265136719,61.7498893737793,38.01107406616211,27.690683364868164,116.55662536621094,87.40677642822266
2021-10-12,36.97726058959961,75.18665313720703,23.79861068725586,35.46552276611328,92.84854125976562,72.528076171875,61.776336669921875,38.521522521972656,27.87704849243164,115.99209594726562,88.09877014160156
2021-10-13,37.254695892333984,75.53873443603516,23.77751922607422,35.26292419433594,93.04386138916016,72.97190856933594,61.890987396240234,38.742713928222656,28.20210838317871,116.17719268798828,88.53125
2021-10-14,38.15980529785156,76.60440826416016,24.068622589111328,35.85231399536133,94.80206298828125,74.61697387695312,62.58757400512695,39.28717803955078,28.548843383789062,117.84293365478516,89.4587173461914
2021-10-15,38.273502349853516,76.4236068725586,24.186752319335938,36.386470794677734,95.71370697021484,75.21517181396484,62.43766403198242,39.304203033447266,28.466487884521484,118.42596435546875,90.82828521728516
2021-10-18,38.246212005615234,77.0135269165039,24.203624725341797,36.39567184448242,95.7788314819336,75.85198211669922,62.067325592041016,39.37225341796875,28.19344139099121,117.620849609375,91.93833923339844
2021-10-19,38.44633865356445,77.75569915771484,24.47784996032715,36.754844665527344,96.34626770019531,76.60456085205078,62.093788146972656,39.5509147644043,28.548843383789062,119.16631317138672,91.67884826660156
2021-10-20,38.75562286376953,77.90792846679688,24.676137924194336,37.04954147338867,96.95093536376953,76.39229583740234,62.45530319213867,40.154937744140625,28.99958610534668,120.86906433105469,91.61156463623047
2021-10-21,38.65556335449219,78.13629913330078,24.22049903869629,36.89298629760742,97.14629364013672,76.68657684326172,62.37593460083008,40.28254318237305,28.99958610534668,121.35954284667969,92.95709228515625
2021-10-22,38.582794189453125,76.48068237304688,24.448318481445312,37.40871047973633,97.49048614501953,76.42124938964844,62.86089324951172,40.57180404663086,29.146949768066406,121.84998321533203,92.62554168701172
2021-10-25,38.969383239746094,76.81373596191406,24.806922912597656,37.3626708984375,97.7137451171875,76.67211151123047,62.81682586669922,40.69091033935547,29.021257400512695,121.99809265136719,94.92254638671875
2021-10-26,39.078548431396484,76.128662109375,24.950363159179688,37.39029312133789,97.10908508300781,76.88920593261719,63.03724670410156,40.8780632019043,29.177288055419922,122.59957885742188,94.93695068359375
2021-10-27,38.51912307739258,75.91932678222656,24.233156204223633,36.77326202392578,95.97417449951172,76.8216552734375,62.66691970825195,40.58030700683594,28.982255935668945,121.62789154052734,95.14839172363281
2021-10-28,38.90116500854492,76.16670989990234,24.4061336517334,37.22452163696289,97.17420196533203,77.59353637695312,62.887359619140625,41.17582702636719,29.17295265197754,122.6458740234375,96.41224670410156
2021-10-29,38.71469497680664,76.40457153320312,24.245813369750977,37.07717514038086,97.20211029052734,77.9264144897461,62.825626373291016,40.68239974975586,28.99958610534668,123.83968353271484,96.6621322631836
2021-11-01,38.8056526184082,76.52828979492188,24.66347885131836,37.0955924987793,97.47187805175781,77.81061553955078,62.9226188659668,40.77598190307617,29.10360336303711,123.69156646728516,98.43535614013672
2021-11-02,39.2468376159668,76.53778839111328,24.431446075439453,37.187686920166016,97.7974853515625,78.49568939208984,63.34587860107422,41.158809661865234,29.129608154296875,124.46894836425781,97.7721939086914
2021-11-03,39.65617752075195,76.81373596191406,24.228939056396484,37.32583236694336,97.58352661132812,78.95398712158203,63.93667221069336,41.39701461791992,29.021257400512695,125.20003509521484,99.5309829711914
2021-11-04,39.63344192504883,77.11819458007812,24.26268768310547,36.83772659301758,97.97420501708984,80.18899536132812,63.998382568359375,40.929107666015625,28.86088752746582,124.33939361572266,100.8717269897461
2021-11-05,39.94271469116211,77.7366714477539,24.579099655151367,36.85615158081055,98.9695816040039,80.60389709472656,64.36872863769531,41.022701263427734,29.13394546508789,122.95126342773438,101.52046966552734
2021-11-08,40.44301986694336,77.39412689208984,24.802698135375977,37.05875015258789,99.37889099121094,81.0380630493164,63.857295989990234,41.014190673828125,28.700532913208008,123.68233489990234,100.0836410522461
2021-11-09,40.629493713378906,77.20381927490234,24.903959274291992,36.85615158081055,99.63008880615234,80.70518493652344,64.07772827148438,41.167320251464844,28.84789276123047,123.2289047241211,98.2335205078125
2021-11-10,40.35205841064453,76.32846069335938,24.245813369750977,36.791683197021484,99.0719223022461,79.37369537353516,64.27171325683594,40.963138580322266,29.081932067871094,123.58055877685547,97.8683090209961
2021-11-11,40.674991607666016,76.17622375488281,24.33863067626953,36.89298629760742,98.6626205444336,79.74517822265625,64.22763061523438,40.980159759521484,28.90423011779785,123.21964263916016,97.60398864746094
2021-11-12,40.97972106933594,77.28946685791016,24.27956771850586,36.97587203979492,99.44402313232422,80.71484375,64.22763061523438,40.9971809387207,28.886899948120117,123.8304214477539,97.93075561523438
2021-11-15,40.79323959350586,77.50830841064453,24.482074737548828,36.97587203979492,99.63008880615234,80.6328353881836,64.5362548828125,41.226863861083984,29.268301010131836,123.06230163574219,97.84905242919922
2021-11-16,40.67952346801758,76.92790985107422,24.520036697387695,36.93902587890625,99.64869689941406,81.48190307617188,64.13065338134766,40.97164535522461,29.129608154296875,123.58055877685547,99.39163970947266
2021-11-17,40.411190032958984,76.63294219970703,24.144563674926758,36.51539993286133,99.0533218383789,81.23585510253906,63.98957824707031,41.24388885498047,29.155614852905273,123.75635528564453,100.02595520019531
2021-11-18,40.23835754394531,76.08106231689453,24.001117706298828,36.33121109008789,98.84867858886719,82.04634094238281,63.76029968261719,41.235374450683594,29.00391960144043,123.80265045166016,101.16004943847656
2021-11-19,40.16557693481445,75.82417297363281,23.064529418945312,35.93521499633789,98.35562896728516,82.6445541381836,63.531044006347656,41.014190673828125,29.168617248535156,123.05304718017578,101.59734344482422
2021-11-22,40.22926330566406,74.90123748779297,23.4737606048584,36.44171905517578,98.62539672851562,81.72309875488281,64.03364562988281,40.81000518798828,29.346315383911133,122.49779510498047,101.34265899658203
2021-11-23,40.27019119262695,74.701416015625,24.1951904296875,37.0127067565918,98.7928466796875,81.53495788574219,64.45689392089844,41.24388885498047,29.37665367126465,122.62737274169922,100.60740661621094
2021-11-24,39.9836540222168,74.80608367919922,24.431446075439453,36.92981719970703,98.68122100830078,82.12836456298828,64.2629165649414,41.7968635559082,29.39398765563965,122.58111572265625,100.81405639648438
2021-11-26,39.2968635559082,73.43594360351562,23.448448181152344,35.7049674987793,96.01138305664062,80.07804107666016,63.451690673828125,40.665374755859375,28.934572219848633,122.12765502929688,98.0653305053711
2021-11-29,39.478797912597656,74.06389617919922,23.583454132080078,35.81547927856445,96.17882537841797,82.0801010131836,63.61040115356445,41.17582702636719,29.363656997680664,122.46078491210938,99.58866119384766
2021-11-30,38.50092315673828,71.7137451171875,23.030780792236328,34.95899963378906,93.74156951904297,81.39507293701172,61.97915267944336,40.31657791137695,28.505496978759766,120.0546875,98.24313354492188
2021-12-01,38.109771728515625,70.05813598632812,22.786083221435547,34.57220458984375,92.43922424316406,80.2806625366211,61.67933654785156,39.789119720458984,28.557506561279297,119.84184265136719,96.46990203857422
2021-12-02,38.88752365112305,71.23800659179688,23.448448181152344,35.603668212890625,95.18346405029297,81.01876068115234,62.33185577392578,40.8780632019043,28.921567916870117,120.42486572265625,97.84428405761719
2021-12-03,38.80110168457031,71.07624816894531,23.262819290161133,35.02346420288086,95.07183837890625,79.66316986083984,63.10779571533203,40.67389678955078,29.211956024169922,120.64696502685547,95.94129180908203
2021-12-06,39.369632720947266,72.24657440185547,23.608760833740234,35.5576171875,96.68116760253906,80.42057037353516,64.21881103515625,41.26089859008789,29.658370971679688,121.33177947998047,97.03695678710938
2021-12-07,39.97000503540039,72.98873138427734,24.161439895629883,36.193058013916016,97.66722869873047,83.2282943725586,64.35990142822266,41.99253463745117,29.879417419433594,122.89572143554688,99.3003158569336
2021-12-08,40.13829040527344,73.52155303955078,24.15721321105957,35.99966812133789,97.90911102294922,83.60941314697266,64.15709686279297,42.17120361328125,29.849071502685547,123.82117462158203,99.55020141601562
2021-12-09,39.91542434692383,72.941162109375,23.971586227416992,35.925994873046875,97.60213470458984,82.707275390625,64.33343505859375,41.635231018066406,29.81006622314453,124.1080322265625,97.8250503540039
2021-12-10,40.16103744506836,72.97921752929688,24.148780822753906,35.962833404541016,98.00212860107422,84.36681365966797,65.41802215576172,41.8479118347168,29.97043228149414,124.54297637939453,98.5074462890625
2021-12-13,39.91997146606445,72.5986328125,23.477975845336914,35.57603454589844,96.98816680908203,83.11251068115234,66.2733383178711,42.40938949584961,30.338830947875977,125.71827697753906,95.97013854980469
2021-12-14,39.87904357910156,72.40833282470703,23.380943298339844,35.78784942626953,96.06720733642578,81.74722290039062,66.31742095947266,41.941490173339844,30.156795501708984,125.20929718017578,95.4126968383789
2021-12-15,39.965457916259766,73.16951751708984,23.267032623291016,35.889163970947266,96.9044189453125,83.91334533691406,66.98755645751953,42.56253433227539,30.65088653564453,127.77272033691406,96.6236801147461
2021-12-16,40.37479019165039,73.06486511230469,23.41469383239746,36.34041976928711,96.95093536376953,81.53495788574219,67.46369171142578,42.72417449951172,30.806915283203125,128.53155517578125,94.49005889892578
2021-12-17,39.86994171142578,72.7698974609375,22.937965393066406,35.53919219970703,95.29509735107422,80.98981475830078,66.30859375,42.57954788208008,30.343164443969727,127.6338882446289,93.84613037109375
2021-12-20,39.15774154663086,72.26171112060547,22.653778076171875,34.84888458251953,93.76838684082031,80.02653503417969,66.32814025878906,42.300689697265625,30.37199592590332,126.8609619140625,92.33110046386719
2021-12-21,39.65143966674805,73.6346664428711,23.2990779876709,35.57065963745117,95.63592529296875,82.05172729492188,66.23934173583984,42.54093933105469,30.32831382751465,127.39048767089844,94.7229995727539
2021-12-22,39.966854095458984,73.8158187866211,23.448652267456055,35.73722457885742,95.9067153930664,83.12474060058594,66.6566162109375,42.96136474609375,30.459360122680664,128.8768310546875,96.45074462890625
2021-12-23,40.3691291809082,74.47370147705078,23.461467742919922,35.92229080200195,97.03658294677734,83.5887451171875,66.80755615234375,42.832664489746094,30.454988479614258,129.4063720703125,97.78865051269531
2021-12-27,40.977115631103516,75.19832611083984,23.974288940429688,36.292442321777344,98.0636978149414,85.3819351196289,67.51780700683594,43.70785140991211,30.603513717651367,130.77198791503906,98.7415771484375
2021-12-28,41.21482849121094,75.16019439697266,23.957191467285156,36.31094741821289,98.55858612060547,84.93726348876953,67.89956665039062,43.89662170410156,30.87870979309082,130.42823791503906,98.78488159179688
2021-12-29,41.383949279785156,74.78834533691406,23.803346633911133,36.26467514038086,98.73601531982422,85.00975799560547,68.21028900146484,44.1626091003418,31.0446834564209,131.17140197753906,98.98220825195312
2021-12-30,41.2376708984375,75.10297393798828,23.658050537109375,36.199893951416016,98.38118743896484,84.4490737915039,67.99720001220703,44.35995864868164,31.15826416015625,131.44082641601562,98.62605285644531
2021-12-31,41.4205322265625,74.06371307373047,23.717876434326172,36.1351318359375,98.8013916015625,84.03825378417969,68.45887756347656,44.454341888427734,31.267471313476562,130.88345336914062,98.39024353027344
2022-01-03,40.88111877441406,74.57857513427734,24.45292091369629,36.57929992675781,97.98902893066406,84.83576202392578,68.44999694824219,44.042484283447266,30.957332611083984,129.53640747070312,101.21528625488281
2022-01-04,41.383949279785156,74.41651153564453,25.299070358276367,37.54167175292969,99.95923614501953,83.9367446899414,68.91166687011719,43.870872497558594,30.86123275756836,127.8271255493164,100.59925079345703
2022-01-05,41.3793830871582,72.54774475097656,25.294797897338867,37.10675048828125,99.00679016113281,81.355712890625,68.84950256347656,42.44655990600586,30.843761444091797,126.91671752929688,97.88491821289062
2022-01-06,40.858253479003906,72.87190246582031,25.858898162841797,37.652706146240234,99.46434783935547,80.94486999511719,68.66307830810547,42.49803924560547,30.524879455566406,125.44892883300781,97.62984466552734
2022-01-07,40.821685791015625,72.88145446777344,26.21359634399414,38.09687805175781,99.43632507324219,80.20054626464844,68.73410034179688,42.27495574951172,30.75639533996582,124.80793762207031,96.003173828125
2022-01-10,40.405696868896484,72.42378997802734,26.13239860534668,37.967323303222656,98.31580352783203,80.21502685546875,68.1925277709961,42.026123046875,30.55545425415039,126.08992004394531,95.416015625
2022-01-11,40.84911346435547,73.3295669555664,27.02128791809082,38.30046081542969,98.90408325195312,81.17687225341797,68.11262512207031,41.95748519897461,30.28026008605957,127.09321594238281,96.33522033691406
2022-01-12,41.26053237915039,73.4249038696289,27.072566986083984,38.32822036743164,99.22157287597656,81.55870819091797,68.1392593383789,42.06902313232422,30.37636375427246,126.73089599609375,96.97049713134766
2022-01-13,40.94053649902344,72.66215515136719,26.93581771850586,38.18015670776367,99.43632507324219,79.4465103149414,68.26355743408203,41.92314910888672,30.524879455566406,124.76150512695312,95.0213851928711
2022-01-14,40.593116760253906,72.99586486816406,27.56829261779785,37.78226089477539,98.8387222290039,80.11836242675781,68.3878402709961,41.434085845947266,30.31521224975586,124.54782104492188,94.57861328125
2022-01-18,40.058284759521484,72.1091537475586,27.679405212402344,36.940185546875,97.69954681396484,78.19467163085938,67.40238189697266,41.15093231201172,29.9526424407959,122.80137634277344,92.78829193115234
2022-01-19,39.95771408081055,71.98519897460938,27.478553771972656,36.3201904296875,96.6070327758789,77.10230255126953,67.82853698730469,40.61895751953125,30.088064193725586,122.2996826171875,91.11349487304688
2022-01-20,39.37715530395508,71.2701187133789,27.226411819458008,36.0888671875,95.37448120117188,76.10665130615234,67.38462829589844,40.258583068847656,30.12737464904785,121.50077819824219,89.4531021118164
2022-01-21,38.417179107666016,68.85791015625,26.687959671020508,35.34857940673828,94.49674224853516,74.59380340576172,67.4378890991211,40.23284912109375,30.07059097290039,120.2745361328125,86.83020782470703
2022-01-24,38.44003677368164,69.36322784423828,26.867441177368164,35.45035934448242,95.03832244873047,74.98046112060547,67.2159423828125,40.31864929199219,29.782289505004883,119.87507629394531,87.87454986572266
2022-01-25,38.092620849609375,67.94259643554688,27.910173416137695,35.59842300415039,94.10456085205078,73.2452621459961,66.47017669677734,40.20710754394531,29.314891815185547,119.10403442382812,86.387451171875
2022-01-26,37.69491958618164,66.95101165771484,27.863162994384766,35.69095230102539,93.28285217285156,73.6754379272461,65.96412658691406,39.53784942626953,29.074642181396484,118.4815902709961,85.96874237060547
2022-01-27,37.82291793823242,67.02729797363281,28.166582107543945,35.36708068847656,92.45179748535156,73.1679458618164,66.40804290771484,38.82569122314453,29.332365036010742,118.78816223144531,83.88484191894531
2022-01-28,38.04233932495117,68.94371032714844,28.046920776367188,35.82975769042969,93.09607696533203,76.36763763427734,67.1893081665039,40.172786712646484,29.68619155883789,121.2127914428711,85.71366882324219
2022-01-31,38.60460662841797,70.50737762451172,28.170856475830078,36.144386291503906,94.06720733642578,78.2865219116211,67.44676971435547,40.61895751953125,30.24968147277832,121.9095230102539,89.01033782958984
2022-02-01,39.198883056640625,71.11756896972656,29.17512321472168,36.64407730102539,95.36514282226562,78.48949432373047,67.38462829589844,40.344390869140625,29.84781265258789,122.23468780517578,89.54937744140625
2022-02-02,39.32229995727539,72.53822326660156,29.269147872924805,36.893917083740234,96.0280990600586,79.12751007080078,68.1925277709961,41.03939437866211,30.288997650146484,123.87896728515625,89.0151596069336
2022-02-03,38.636600494384766,67.6851577758789,28.99136734008789,36.486759185791016,94.49674224853516,76.83165740966797,68.21028900146484,40.61895751953125,30.153579711914062,123.34943389892578,86.29119873046875
2022-02-04,37.99662399291992,67.85678100585938,29.44435691833496,37.10675048828125,93.47893524169922,77.14100646972656,67.37574768066406,40.06123733520508,29.913333892822266,122.90355682373047,88.74566650390625
2022-02-07,37.80919647216797,66.67452239990234,29.8204288482666,37.21778869628906,93.55363464355469,76.628662109375,67.50003814697266,40.069828033447266,29.869644165039062,122.68989562988281,88.56278228759766
2022-02-08,38.394317626953125,66.64590454101562,29.17940330505371,37.73598861694336,94.4874038696289,77.57601928710938,67.75750732421875,39.709449768066406,29.891490936279297,123.69316101074219,89.80925750732422
2022-02-09,39.230873107910156,68.52420043945312,29.42298698425293,37.97658920288086,95.78533172607422,79.29668426513672,67.77526092529297,40.670440673828125,30.022539138793945,124.65003204345703,90.99798583984375
2022-02-10,39.0023078918457,67.5421371459961,29.23923110961914,37.643455505371094,94.21659851074219,77.22315979003906,67.0472412109375,39.51210021972656,29.262475967407227,122.69917297363281,89.42904663085938
2022-02-11,38.398895263671875,66.08336639404297,30.08965301513672,37.115997314453125,92.77861022949219,74.8644790649414,66.80755615234375,38.9715461730957,29.279943466186523,120.9991455078125,86.85910034179688
2022-02-14,38.08348083496094,66.09290313720703,29.380252838134766,36.69959259033203,92.43311309814453,74.84028625488281,66.62110900878906,38.55111312866211,29.030960083007812,119.7635726928711,87.35478210449219
2022-02-15,38.78289031982422,67.01774597167969,29.07256317138672,37.19928741455078,93.82442474365234,76.80748748779297,66.73652648925781,38.7398796081543,28.89554786682129,121.1106185913086,89.30874633789062
2022-02-16,39.066307067871094,66.55058288574219,29.30760955810547,37.2270393371582,94.3193130493164,76.73016357421875,66.86080932617188,38.84284973144531,28.961071014404297,121.29644012451172,89.5638198852539
2022-02-17,38.398895263671875,64.77714538574219,29.26059341430664,36.30169677734375,92.59187316894531,74.4343032836914,67.37574768066406,38.50821304321289,28.978538513183594,119.34556579589844,87.1670913696289
2022-02-18,38.334903717041016,64.27183532714844,29.081111907958984,36.292442321777344,91.82617950439453,73.68029022216797,67.50003814697266,38.33660888671875,28.92612648010254,118.45372772216797,86.62806701660156
2022-02-22,37.79091262817383,63.613948822021484,28.611021041870117,36.10737228393555,90.9391098022461,72.99877166748047,66.97624206542969,38.2336540222168,28.89554786682129,118.15645599365234,84.10140991210938
2022-02-23,37.30636978149414,62.54608154296875,28.905899047851562,35.478126525878906,89.26764678955078,71.17176055908203,66.43466186523438,37.735984802246094,28.406309127807617,117.56194305419922,81.29083251953125
2022-02-24,37.196651458740234,64.30043029785156,28.679407119750977,35.052459716796875,90.40686798095703,73.60294342041016,65.2894058227539,38.38809585571289,28.633455276489258,118.03569793701172,83.14852142333984
2022-02-25,38.55432891845703,65.3396987915039,29.435810089111328,36.181396484375,92.5638427734375,74.60347747802734,67.39350891113281,39.34908676147461,29.52019691467285,121.64940643310547,84.79443359375
2022-02-28,38.115474700927734,65.26341247558594,30.162309646606445,35.64468765258789,93.27349090576172,74.46813201904297,66.49681091308594,38.67123794555664,29.673080444335938,120.72972869873047,85.39122009277344
2022-03-01,37.237789154052734,64.44344329833984,30.465728759765625,34.3306770324707,91.88220977783203,72.97945404052734,66.10617065429688,38.59402084350586,29.415355682373047,120.06085968017578,84.09661102294922
2022-03-02,38.056060791015625,64.9964370727539,31.162311553955078,35.21902084350586,93.84310150146484,74.55996704101562,66.80755615234375,39.28044128417969,29.7735538482666,121.87236022949219,85.86286163330078
2022-03-03,38.10176467895508,64.31950378417969,31.247770309448242,35.10797119140625,93.94580078125,73.67062377929688,67.34910583496094,39.709449768066406,30.2977352142334,122.49478912353516,83.91853332519531
2022-03-04,37.969200134277344,63.3946533203125,32.14948654174805,34.450984954833984,93.7403793334961,72.38011932373047,67.35798645019531,40.0440788269043,30.966060638427734,123.10794830322266,82.58544921875
2022-03-07,36.652671813964844,61.28753662109375,32.623836517333984,33.192501068115234,91.22857666015625,69.73139190673828,66.13282775878906,39.314754486083984,31.367938995361328,120.96198272705078,78.53799438476562
2022-03-08,36.465240478515625,61.13499450683594,33.13665771484375,32.998172760009766,90.6683120727539,69.39307403564453,64.34834289550781,38.96297073364258,30.883071899414062,118.49089050292969,78.70161437988281
2022-03-09,37.594356536865234,62.96559143066406,32.12383270263672,34.210391998291016,92.31172943115234,72.13842010498047,64.78336334228516,39.61506652832031,30.664655685424805,120.72972869873047,81.23306274414062
2022-03-10,37.69491958618164,62.4984130859375,33.10673141479492,33.92352294921875,92.19035339355469,70.87689971923828,64.1707534790039,39.75236129760742,30.869962692260742,120.68328094482422,81.81059265136719
2022-03-11,37.41606903076172,61.373348236083984,32.84178161621094,33.68294143676758,91.4526596069336,69.62991333007812,63.425018310546875,39.3576545715332,30.765138626098633,119.78216552734375,80.2368392944336
2022-03-14,37.3612174987793,60.65827560424805,31.858877182006836,34.108604431152344,91.76080322265625,68.33938598632812,63.762367248535156,39.11741256713867,30.730188369750977,120.62754821777344,78.89893341064453
2022-03-15,37.79091262817383,61.82147216796875,30.692214965820312,34.589786529541016,93.21748352050781,70.63523864746094,65.1917495727539,39.42630386352539,31.123315811157227,123.03360748291016,81.54108428955078
2022-03-16,38.38518142700195,63.52812957763672,30.551185607910156,35.56140899658203,94.45004272460938,72.93111419677734,65.26276397705078,39.8638916015625,31.0665340423584,124.51067352294922,84.32280731201172
2022-03-17,39.12116241455078,64.2146224975586,31.60247230529785,36.005584716796875,95.66393280029297,73.44830322265625,65.71553802490234,40.43019104003906,31.197582244873047,126.48009490966797,85.72811126708984
2022-03-18,39.35887908935547,65.05366516113281,31.572561264038086,36.0888671875,96.0280990600586,74.95146942138672,65.8664779663086,40.524574279785156,30.931114196777344,127.26045227050781,87.53286743164062
2022-03-21,39.68603515625,64.44474792480469,32.84529495239258,36.053558349609375,96.24452209472656,74.80911254882812,65.95118713378906,40.316619873046875,31.137798309326172,127.16356658935547,86.79972076416016
2022-03-22,39.90169906616211,65.649169921875,32.603694915771484,36.638816833496094,96.76917266845703,75.88410949707031,66.44169616699219,40.34249496459961,31.181774139404297,127.19147491455078,88.95428466796875
2022-03-23,39.7181510925293,64.7506332397461,33.16455841064453,35.960655212402344,95.84166717529297,74.71710205078125,65.90660095214844,39.8851318359375,31.22574806213379,124.90837860107422,87.8504867553711
2022-03-24,40.51655197143555,65.81166076660156,33.24652862548828,36.2486457824707,96.57241821289062,76.65886688232422,66.37035369873047,40.19579315185547,31.546754837036133,126.39938354492188,88.5349349975586
2022-03-25,40.97081756591797,66.1270980834961,33.97565460205078,36.713134765625,97.1720199584961,76.61530303955078,66.92330932617188,40.67041778564453,32.00407791137695,126.98645782470703,88.38069915771484
2022-03-28,40.78727722167969,66.3373794555664,33.134361267089844,36.610939025878906,97.20011901855469,77.52565002441406,67.19976043701172,41.18817901611328,32.21075439453125,127.90901947021484,90.73770141601562
2022-03-29,41.13142013549805,67.49398040771484,33.048065185546875,36.694557189941406,98.09951782226562,79.17204284667969,67.79730224609375,42.39629364013672,32.5097770690918,128.66383361816406,92.31869506835938
2022-03-30,40.99375534057617,67.01605224609375,33.432044982910156,36.4344482421875,97.9870834350586,78.11642456054688,67.84188079833984,42.16329574584961,32.77801513671875,128.9154510498047,90.91606140136719
2022-03-31,40.447723388671875,65.7447509765625,32.97904586791992,35.59835433959961,96.47874450683594,76.9591064453125,67.68133544921875,41.69731140136719,32.74283218383789,127.65744018554688,89.17118835449219
2022-04-01,40.87446212768555,66.23224639892578,33.24652862548828,35.505462646484375,95.72924041748047,76.73151397705078,68.35914611816406,42.525733947753906,33.200164794921875,128.66383361816406,89.28205108642578
2022-04-04,40.88363265991211,68.05794525146484,33.28968048095703,35.347530364990234,95.60745239257812,78.18905639648438,68.14512634277344,42.39629364013672,32.94512176513672,127.59217071533203,91.28719329833984
2022-04-05,40.5578498840332,67.18810272216797,32.767635345458984,35.12458038330078,94.24898529052734,76.54265594482422,68.20752716064453,42.43080520629883,33.15178680419922,127.86244201660156,89.14710998535156
2022-04-06,40.08982467651367,65.9359130859375,32.96178436279297,34.8830451965332,93.51822662353516,74.73162841796875,69.07262420654297,43.06075668334961,33.81139373779297,129.81004333496094,86.87202453613281
2022-04-07,40.35137176513672,65.36238861083984,33.393226623535156,34.84587860107422,93.83676147460938,74.84784698486328,69.91094970703125,42.70695877075195,33.72784423828125,132.3074493408203,87.31548309326172
2022-04-08,40.599159240722656,65.07564544677734,34.31217956542969,35.19889831542969,93.31212615966797,73.80189514160156,70.20525360107422,42.862274169921875,33.8421745300293,133.0995635986328,86.5105209350586
2022-04-11,40.397254943847656,64.2344741821289,33.281044006347656,35.040985107421875,93.0123062133789,71.94245147705078,69.91986083984375,42.27547836303711,33.380462646484375,130.45303344726562,84.90543365478516
2022-04-12,40.40643310546875,63.708736419677734,33.833282470703125,34.66010284423828,92.86241912841797,71.62285614013672,69.93769073486328,42.14604187011719,33.50798416137695,129.18568420410156,85.09342193603516
2022-04-13,41.002933502197266,64.6455078125,34.33806228637695,34.66010284423828,93.73370361328125,72.77534484863281,70.3301010131836,42.318626403808594,33.44202423095703,129.81936645507812,87.20942687988281
2022-04-14,40.86527633666992,63.54625701904297,34.45024490356445,34.26993179321289,93.63065338134766,71.00788116455078,70.3122787475586,42.07700729370117,33.4596061706543,129.19503784179688,85.98995208740234
2022-04-18,40.90199279785156,63.335968017578125,34.955020904541016,34.47429656982422,93.30274200439453,71.24030303955078,69.73258209228516,41.97344970703125,33.27931594848633,127.76922607421875,86.25022888183594
2022-04-19,41.28742980957031,64.59770965576172,34.67026901245117,34.948081970214844,94.99849700927734,72.57679748535156,70.79385375976562,42.85365295410156,33.49479293823242,128.989990234375,88.75183868408203
2022-04-20,41.54896926879883,61.797000885009766,34.804012298583984,35.18960952758789,95.5137710571289,72.50900268554688,71.85514831542969,43.66481399536133,33.76742935180664,130.72329711914062,87.60948181152344
2022-04-21,40.869873046875,60.0382080078125,33.69953536987305,34.63222885131836,94.53941345214844,71.279052734375,71.7927017211914,43.38003921508789,33.208961486816406,129.2788543701172,86.76117706298828
2022-04-22,39.34189224243164,58.613956451416016,32.875492095947266,33.60105514526367,92.21597290039062,69.28401184082031,70.66899108886719,42.603397369384766,32.65048599243164,124.56358337402344,84.74639129638672
2022-04-25,39.23176956176758,59.41688537597656,31.78826904296875,33.656795501708984,92.21597290039062,70.32511138916016,70.98114013671875,42.40492630004883,32.426231384277344,125.40226745605469,85.35852813720703
2022-04-26,38.6260871887207,57.46689987182617,31.8314208984375,32.811431884765625,90.20171356201172,67.70541381835938,69.8841781616211,41.74045944213867,32.10082244873047,123.19371795654297,81.03974914550781
2022-04-27,39.195068359375,56.18604278564453,32.29737091064453,32.783565521240234,90.53900909423828,68.70777130126953,70.1427993774414,41.490211486816406,31.94691276550293,122.92349243164062,81.04938507080078
2022-04-28,39.814510345458984,58.432342529296875,33.2767333984375,33.201602935791016,91.56018829345703,71.45821380615234,71.1773452758789,42.24959945678711,32.303104400634766,124.61949157714844,82.7123031616211
2022-04-29,39.016109466552734,56.45368957519531,32.4224853515625,32.0589599609375,89.13367462158203,68.48017883300781,69.2420654296875,40.213050842285156,31.335683822631836,121.41384887695312,78.50921630859375
2022-05-02,38.89680480957031,58.011756896972656,32.94020462036133,32.06825637817383,89.32106018066406,69.52128601074219,68.33238983154297,39.16889190673828,31.01467514038086,120.6590347290039,79.65638732910156
2022-05-03,39.33271789550781,58.16469192504883,33.86347579956055,32.48628616333008,89.9112777709961,69.64234924316406,68.13618469238281,39.64351272583008,31.133398056030273,121.04112243652344,79.45877075195312
2022-05-04,40.608314514160156,60.1624641418457,35.26997375488281,33.48030090332031,92.51578521728516,72.08770751953125,69.6701431274414,40.109500885009766,31.828184127807617,123.72489929199219,81.79166412353516
2022-05-05,39.351070404052734,57.94484329223633,34.73930358886719,32.50487518310547,90.0986557006836,68.62060546875,68.35022735595703,39.08260726928711,31.502779006958008,121.32066345214844,77.20780181884766
2022-05-06,38.786685943603516,56.75,35.77474594116211,32.27262496948242,89.48969268798828,68.06858825683594,68.42158508300781,38.685646057128906,31.753427505493164,120.9385986328125,76.22931671142578
2022-05-09,37.561553955078125,55.277976989746094,32.815101623535156,31.501577377319336,87.32552337646484,65.43434143066406,68.39482879638672,36.882102966308594,31.515972137451172,117.80750274658203,72.98062133789062
2022-05-10,37.327537536621094,55.5264892578125,33.112789154052734,31.22287940979004,86.75403594970703,66.43187713623047,67.9221420288086,36.062313079833984,31.133398056030273,118.22685241699219,72.76371765136719
2022-05-11,37.345890045166016,54.5228385925293,33.557167053222656,30.93489646911621,85.96705627441406,64.33515930175781,67.62785339355469,36.01053237915039,31.357664108276367,117.4440689086914,70.15605163574219
2022-05-12,37.27706527709961,55.1154670715332,33.69953536987305,30.702653884887695,86.12632751464844,63.6717529296875,67.61002349853516,36.27804946899414,31.041053771972656,118.58094787597656,70.63805389404297
2022-05-13,37.85062789916992,56.40589141845703,34.851470947265625,31.148563385009766,87.22248077392578,65.78784942626953,68.62670135498047,37.18412780761719,31.41044044494629,119.83898162841797,73.41924285888672
2022-05-16,37.78179168701172,56.04267120361328,35.77043151855469,30.888456344604492,87.10067749023438,65.20677947998047,68.93885040283203,36.882102966308594,31.50717544555664,120.72428131103516,71.83341979980469
2022-05-17,38.85091781616211,57.26617431640625,36.184627532958984,31.71525001525879,89.07746887207031,67.09527587890625,68.46617889404297,37.27906036376953,31.832582473754883,122.38301849365234,73.6457748413086
2022-05-18,37.64414596557617,55.39267349243164,35.25703048706055,30.842002868652344,85.76095581054688,64.02523040771484,64.06051635742188,36.19173812866211,31.524763107299805,119.22395324707031,68.83052062988281
2022-05-19,37.91028594970703,55.316200256347656,35.12759780883789,30.637632369995117,84.99273681640625,63.32310485839844,62.9189567565918,36.122718811035156,31.45880889892578,119.48487854003906,68.87871551513672
2022-05-20,37.81850814819336,55.459590911865234,35.27859115600586,30.58188819885254,84.07460021972656,63.463531494140625,63.05272674560547,36.54555130004883,31.546754837036133,120.9385986328125,67.67852020263672
2022-05-23,38.51137161254883,56.29118728637695,36.210506439208984,31.575891494750977,85.45178985595703,64.92107391357422,64.35480499267578,37.02017593383789,31.924924850463867,122.00093078613281,68.18463897705078
2022-05-24,38.29112243652344,54.29343032836914,36.34856414794922,31.5108642578125,85.40495300292969,63.95746994018555,65.40718841552734,37.45164489746094,32.562557220458984,122.36434936523438,66.43014526367188
2022-05-25,38.460906982421875,55.01988983154297,37.09925842285156,31.761688232421875,85.9015121459961,64.70315551757812,65.42501831054688,37.65873718261719,32.54056167602539,122.32710266113281,68.30513763427734
2022-05-26,39.16753387451172,56.358097076416016,37.509124755859375,32.49558639526367,87.64407348632812,66.25756072998047,66.12064361572266,37.615604400634766,32.632896423339844,122.84894561767578,71.65509033203125
2022-05-27,40.085235595703125,57.5625,38.19511413574219,33.04367446899414,89.4428482055664,68.49955749511719,66.88761901855469,38.67702102661133,33.143001556396484,124.88973236083984,74.1133041381836
2022-05-31,39.47496032714844,57.524253845214844,37.621299743652344,32.950775146484375,88.72145080566406,68.01046752929688,66.41494750976562,38.15925979614258,32.6856689453125,123.2216796875,74.48927307128906
2022-06-01,39.080352783203125,56.86471176147461,38.23394012451172,32.4212646484375,88.17808532714844,67.8071060180664,65.54987335205078,37.74504470825195,32.632896423339844,121.45111083984375,73.71324157714844
2022-06-02,40.15864562988281,58.2507209777832,38.113136291503906,32.86716842651367,89.86444091796875,69.44864654541016,66.50413513183594,38.31458282470703,32.85276412963867,122.41097259521484,75.96903991699219
2022-06-03,39.76863098144531,56.98896408081055,38.61792755126953,32.39339065551758,89.51780700683594,67.78773498535156,65.83526611328125,37.83134078979492,32.69447326660156,120.97591400146484,73.74698638916016
2022-06-06,40.14488983154297,57.27573776245117,38.57477569580078,32.48628616333008,89.89253234863281,67.79256439208984,65.86202239990234,37.71915054321289,32.83958053588867,120.99449920654297,74.48445892333984
2022-06-07,40.4339599609375,57.686763763427734,39.726715087890625,32.737117767333984,91.10111236572266,68.60124206542969,66.20983123779297,38.15925979614258,33.03745651245117,122.56937408447266,74.30130004882812
2022-06-08,39.594261169433594,57.533817291259766,39.8129997253418,32.1611442565918,89.45223236083984,67.82646942138672,65.39826965332031,37.244529724121094,32.391056060791016,121.60025024414062,73.86267852783203
2022-06-09,38.658203125,55.765472412109375,38.93286895751953,31.352941513061523,87.69091033935547,66.01542663574219,64.4172592163086,36.390220642089844,31.612709045410156,118.85120391845703,72.52750396728516
2022-06-10,37.474369049072266,54.2073974609375,38.272762298583984,30.219589233398438,85.10514068603516,63.47805404663086,64.14077758789062,35.52728271484375,31.370861053466797,116.94086456298828,69.6354751586914
2022-06-13,36.0106315612793,51.64565658569336,36.275211334228516,29.318483352661133,82.5474853515625,60.6646614074707,62.75843048095703,33.818668365478516,29.928524017333984,113.3997573852539,66.42049407958984
2022-06-14,35.735321044921875,51.502281188964844,36.34424591064453,29.06766128540039,82.34139251708984,61.04720687866211,62.018211364746094,33.5770263671875,29.172164916992188,112.31877136230469,66.36746215820312
2022-06-15,35.72615051269531,52.65889358520508,35.54176712036133,29.392799377441406,83.1377182006836,62.335269927978516,62.08064270019531,34.345054626464844,29.361255645751953,113.45564270019531,68.23283386230469
2022-06-16,34.43678283691406,50.73759078979492,33.539913177490234,28.649621963500977,80.36459350585938,59.79789352416992,61.60795974731445,33.525264739990234,28.79399871826172,111.78759002685547,64.89253997802734
2022-06-17,34.37711715698242,51.46404266357422,31.706296920776367,28.73322868347168,80.15847778320312,60.3450813293457,61.38500213623047,33.7237434387207,28.525758743286133,111.72235870361328,65.6010971069336
2022-06-21,34.896907806396484,51.82815170288086,33.34888458251953,29.30666160583496,81.62076568603516,61.88068389892578,63.02302551269531,34.3517951965332,29.068744659423828,114.73004913330078,67.47752380371094
2022-06-22,34.4487419128418,51.91438674926758,32.01387405395508,29.241283416748047,81.16911315917969,61.61852264404297,62.97810363769531,34.90852737426758,29.37459373474121,116.3209457397461,67.34708404541016
2022-06-23,33.97747039794922,52.55637741088867,30.82720947265625,29.129213333129883,80.75507354736328,62.54095458984375,64.20010375976562,35.59572219848633,30.06607437133789,118.93183135986328,68.40512084960938
2022-06-24,35.32659149169922,54.55897903442383,31.232948303222656,30.20322608947754,83.5780029296875,64.78878021240234,65.45803833007812,36.36992645263672,30.589115142822266,120.9063949584961,71.01396179199219
2022-06-27,35.0355224609375,54.041561126708984,32.14912033081055,30.100502014160156,83.38040161132812,64.35184478759766,65.27833557128906,36.23944854736328,30.837337493896484,121.35556030273438,70.26996612548828
2022-06-28,34.66127395629883,52.47013473510742,33.017303466796875,29.8016414642334,82.41119384765625,62.4244384765625,64.40678405761719,35.74361038208008,30.722097396850586,119.24065399169922,67.46302795410156
2022-06-29,34.411781311035156,52.633033752441406,31.86989974975586,29.633533477783203,81.93130493164062,62.550662994384766,64.81111145019531,35.5174446105957,30.744258880615234,120.27940368652344,67.40987396240234
2022-06-30,34.00519561767578,52.000633239746094,31.19803810119629,29.37203598022461,82.18535614013672,61.71562194824219,64.85603332519531,35.54353332519531,31.08556365966797,120.00801086425781,66.41947937011719
2022-07-01,34.245452880859375,52.52762222290039,31.664859771728516,29.773622512817383,82.9005126953125,61.856407165527344,65.7905044555664,36.17854690551758,31.847965240478516,121.35556030273438,67.64178466796875
2022-07-05,33.55702590942383,53.74452590942383,30.40838050842285,29.670894622802734,81.65840148925781,62.63319396972656,65.36819458007812,36.03067398071289,30.76198959350586,120.65370178222656,69.15394592285156
2022-07-06,33.76955795288086,53.754112243652344,29.88921546936035,29.59617805480957,82.12889862060547,63.17210006713867,65.55689239501953,36.004573822021484,31.081134796142578,121.46788787841797,68.92687225341797
2022-07-07,34.06987762451172,54.59730911254883,30.966815948486328,30.025787353515625,83.09809875488281,64.47805786132812,65.61978149414062,36.03067398071289,31.05010986328125,121.98257446289062,70.70476531982422
2022-07-08,33.737213134765625,54.338592529296875,30.953725814819336,29.960411071777344,82.72172546386719,64.50719451904297,65.50297546386719,35.86539840698242,30.948152542114258,122.34752655029297,70.7144546508789
2022-07-11,33.644813537597656,52.69051742553711,30.657054901123047,29.717586517333984,82.16654968261719,63.61874771118164,65.41311645507812,35.86539840698242,31.143190383911133,122.03871154785156,68.7771224975586
2022-07-12,33.58013153076172,52.661773681640625,30.059354782104492,29.53080177307129,81.91248321533203,62.74971389770508,65.22441864013672,35.639225006103516,30.99248504638672,120.48526000976562,68.36163330078125
2022-07-13,33.386077880859375,52.42223358154297,30.011375427246094,29.269302368164062,80.91502380371094,62.58464813232422,65.26934814453125,35.44784927368164,30.863935470581055,119.31550598144531,68.92207336425781
2022-07-14,32.77157974243164,51.76108932495117,29.444211959838867,28.708942413330078,80.45394897460938,63.157527923583984,65.32325744628906,35.099891662597656,30.863935470581055,118.96925354003906,68.86406707763672
2022-07-15,33.28443145751953,53.092960357666016,29.924114227294922,29.680233001708984,81.71485900878906,64.26930236816406,65.5389175415039,35.66532516479492,30.921567916870117,121.84217071533203,69.97525024414062
2022-07-18,33.362979888916016,52.82466125488281,30.609071731567383,29.568161010742188,81.22554016113281,63.64788055419922,64.90097045898438,35.3173713684082,30.491601943969727,119.26872253417969,70.17816925048828
2022-07-19,34.37944412231445,54.70270538330078,31.551429748535156,30.45539093017578,84.123779296875,65.58982849121094,65.58384704589844,36.29163360595703,30.68663787841797,121.29940032958984,72.32807159423828
2022-07-20,34.43949508666992,55.60338592529297,31.856815338134766,30.567461013793945,84.77305603027344,66.61420440673828,65.1435546875,36.10895919799805,30.278844833374023,120.1015853881836,73.51652526855469
2022-07-21,34.929256439208984,55.57465744018555,31.298383712768555,30.76358413696289,85.38468933105469,67.55120849609375,65.34123229980469,36.48301315307617,30.358617782592773,122.00127410888672,75.19779205322266
2022-07-22,34.67975616455078,53.648704528808594,31.040977478027344,30.586145401000977,85.11181640625,66.61908721923828,65.77252197265625,36.76137924194336,30.775285720825195,121.49594116210938,74.76298522949219
2022-07-25,34.82297897338867,53.46665954589844,32.17966079711914,30.782268524169922,85.51644134521484,66.19669342041016,66.09601593017578,36.7874755859375,31.16092300415039,122.13227081298828,74.12043762207031
2022-07-26,34.58735275268555,52.39348602294922,31.887357711791992,30.3526611328125,85.05535125732422,65.12376403808594,65.94324493408203,36.857059478759766,31.34708595275879,122.75926971435547,71.73381805419922
2022-07-27,35.00318145751953,54.60689926147461,32.607208251953125,30.81962013244629,86.37273406982422,67.92505645751953,66.39253234863281,37.057132720947266,31.373680114746094,123.52664184570312,74.44896697998047
2022-07-28,35.62228775024414,53.98406219482422,32.790443420410156,31.043766021728516,88.17940521240234,68.95915222167969,67.45277404785156,38.422855377197266,32.49955368041992,124.31271362304688,75.72923278808594
2022-07-29,36.09817123413086,54.01280975341797,34.21269989013672,31.482711791992188,89.99549865722656,70.01750946044922,66.93163299560547,38.570735931396484,32.77880859375,123.9009780883789,78.66661071777344
2022-08-01,35.80710220336914,53.9361572265625,33.50593566894531,31.221210479736328,90.08961486816406,69.86701965332031,67.76725769042969,38.2227897644043,32.81426239013672,122.98387908935547,79.05792236328125
2022-08-02,35.44209671020508,53.849918365478516,33.427406311035156,30.875659942626953,89.13921356201172,69.37181091308594,67.2281494140625,37.71825408935547,32.74776840209961,122.54405975341797,78.51685333251953
2022-08-03,35.47905731201172,55.14347457885742,32.46759796142578,31.342620849609375,89.9766845703125,71.21666717529297,67.6684341430664,37.87483215332031,32.95167541503906,123.66703796386719,80.42999267578125
2022-08-04,35.50215530395508,55.38301467895508,31.263477325439453,31.239892959594727,90.3060302734375,71.54194641113281,67.21914672851562,37.909629821777344,33.0225944519043,123.0587387084961,80.7585220336914
2022-08-05,35.626914978027344,54.70270538330078,31.88298988342285,31.46402931213379,90.44717407226562,71.37689208984375,67.06642150878906,38.03141784667969,32.902923583984375,123.01197052001953,79.38162994384766
2022-08-08,35.825584411621094,55.01890563964844,32.04878234863281,31.44534683227539,90.4189453125,70.77003479003906,67.03046417236328,38.30977249145508,32.95167541503906,123.30204772949219,79.73912811279297
2022-08-09,35.650020599365234,54.48233413696289,32.611572265625,31.604122161865234,90.08961486816406,70.06120300292969,66.93163299560547,38.614234924316406,33.319576263427734,122.927734375,78.4685287475586
2022-08-10,36.6618537902832,56.015419006347656,32.847164154052734,32.313907623291016,92.06566619873047,71.97405242919922,67.42584228515625,39.136165618896484,33.465850830078125,124.26593780517578,80.68122100830078
2022-08-11,36.78660202026367,56.072914123535156,33.977115631103516,32.69681930541992,92.55497741699219,71.69245147705078,67.26409149169922,38.9534912109375,33.4614143371582,123.46114349365234,80.27056884765625
2022-08-12,37.47964096069336,57.06942367553711,34.2345085144043,33.210479736328125,93.94763946533203,73.11981201171875,67.84813690185547,39.6146125793457,34.006614685058594,125.04267120361328,82.08710479736328
2022-08-15,37.45653533935547,57.27064895629883,33.5670166015625,33.20113754272461,94.17346954345703,73.5810317993164,68.52203369140625,39.7885856628418,34.29030990600586,125.66966247558594,82.65235900878906
2022-08-16,37.664451599121094,57.3856201171875,33.48848342895508,33.443965911865234,94.59691619873047,73.38197326660156,69.2947769165039,39.63200378417969,34.38782501220703,125.33274841308594,83.56544494628906
2022-08-17,37.146976470947266,56.274131774902344,33.767704010009766,33.275848388671875,93.8441162109375,72.85765075683594,69.09710693359375,39.51891326904297,34.3302001953125,124.6028060913086,82.66685485839844
2022-08-18,37.26248550415039,56.18789291381836,34.6751594543457,33.31321334838867,94.22052001953125,73.236328125,69.3307113647461,39.24925231933594,34.458744049072266,124.0506820678711,82.64268493652344
2022-08-19,36.57868576049805,55.277618408203125,34.66643142700195,32.650123596191406,93.00665283203125,71.90608978271484,69.10609436035156,38.86650085449219,34.441017150878906,124.38758850097656,80.9372787475586
2022-08-22,35.99653244018555,53.696617126464844,34.600982666015625,31.930997848510742,91.23760223388672,69.90099334716797,68.40523529052734,38.0575065612793,33.97116470336914,122.75926971435547,78.69078063964844
2022-08-23,36.352298736572266,53.23668670654297,35.848731994628906,31.80024528503418,91.406982421875,69.71652221679688,68.10871124267578,37.48338317871094,33.76726150512695,121.0467529296875,78.91300201416016
2022-08-24,36.43083953857422,53.552886962890625,36.289363861083984,31.968360900878906,91.70809173583984,69.76020050048828,68.27943420410156,37.779136657714844,33.87364959716797,121.19650268554688,79.25118255615234
2022-08-25,37.25786209106445,54.59730911254883,36.56859588623047,32.46333312988281,93.11016082763672,70.93994903564453,68.59391021728516,38.36197280883789,34.08197021484375,122.53470611572266,80.19810485839844
2022-08-26,36.11665344238281,52.85341262817383,36.14104080200195,31.492046356201172,89.88260650634766,67.91048431396484,66.89569091796875,37.387691497802734,33.55892562866211,119.11898803710938,77.14476776123047
2022-08-29,35.86254119873047,52.4413948059082,36.68638229370117,31.267906188964844,89.47796630859375,67.0123291015625,66.78785705566406,37.065834045410156,33.66088104248047,118.28612518310547,76.73412322998047
2022-08-30,35.27576446533203,51.98146438598633,35.44300079345703,31.099796295166016,88.18880462646484,66.3132095336914,66.09601593017578,36.53520584106445,33.16886520385742,117.50003814697266,75.87898254394531
2022-08-31,34.84147262573242,52.10603332519531,35.120147705078125,30.86631965637207,87.4454345703125,65.66751861572266,65.6916732788086,36.404720306396484,32.95167541503906,116.75139617919922,75.13015747070312
2022-09-01,34.38405990600586,52.58512496948242,34.256324768066406,30.959716796875,87.56777954101562,65.34709930419922,66.06006622314453,36.53520584106445,33.425960540771484,118.66981506347656,75.81619262695312
2022-09-02,34.35171127319336,51.58861541748047,34.88456344604492,30.716896057128906,86.72088623046875,64.49747467041016,65.19747161865234,35.90888595581055,33.06692123413086,116.96662139892578,75.1205062866211
2022-09-06,34.245452880859375,50.94662094116211,34.56172180175781,30.642175674438477,86.86204528808594,64.07024383544922,64.82908630371094,36.28294372558594,33.15113830566406,117.07891082763672,74.96590423583984
2022-09-07,35.192596435546875,51.97188949584961,34.16035461425781,31.249225616455078,88.25467681884766,65.09463500976562,65.9971694946289,36.978851318359375,34.1883544921875,118.98799133300781,77.26556396484375
2022-09-08,35.53451156616211,51.847320556640625,34.308677673339844,31.80024528503418,88.51815795898438,65.31795501708984,65.8264389038086,37.08323669433594,34.16175842285156,121.05609893798828,77.98540496826172
2022-09-09,36.07045364379883,53.294189453125,35.16378402709961,32.08976745605469,89.6661605834961,66.6093521118164,66.473388671875,37.43989562988281,34.299171447753906,122.1229476928711,79.46375274658203
2022-09-12,36.40773391723633,53.572052001953125,35.80946731567383,32.35126495361328,90.20252990722656,67.67744445800781,66.73396301269531,37.7530517578125,34.6271858215332,122.93708801269531,80.48797607421875
2022-09-13,35.109439849853516,50.63043212890625,34.90637969970703,31.14649200439453,86.80559539794922,64.08480834960938,64.505615234375,36.3177375793457,33.70520782470703,118.87567901611328,76.33793640136719
2022-09-14,34.67975616455078,50.7166633605957,35.892356872558594,31.053104400634766,86.63621520996094,64.3178482055664,64.47865295410156,35.87409210205078,33.98002624511719,118.94119262695312,77.31867980957031
2022-09-15,34.222354888916016,50.49628829956055,34.96745681762695,31.155838012695312,85.73284912109375,62.83708953857422,63.93952178955078,35.091209411621094,33.1334114074707,119.6056137084961,76.92254638671875
2022-09-16,33.681785583496094,49.95970153808594,34.22142791748047,30.875659942626953,83.94500732421875,62.48755645751953,64.09229278564453,35.099891662597656,33.00930404663086,119.26872253417969,76.30413055419922
2022-09-19,34.239349365234375,50.247764587402344,34.2417106628418,31.225841522216797,85.08429718017578,62.99711227416992,64.51823425292969,35.03318405151367,33.451534271240234,118.6260757446289,77.38375854492188
2022-09-20,33.58884811401367,49.46999740600586,34.00355911254883,30.765817642211914,84.02535247802734,62.627220153808594,64.16554260253906,34.11149215698242,32.965118408203125,117.23555755615234,76.07176208496094
2022-09-21,32.854713439941406,48.260128021240234,33.50519561767578,30.12740707397461,82.90967559814453,61.648983001708984,63.92133712768555,33.61113357543945,32.51438903808594,115.29071807861328,74.27079010009766
2022-09-22,32.459774017333984,48.0872917175293,33.386104583740234,29.62042808532715,81.66163635253906,61.021148681640625,63.83092498779297,33.29513168334961,32.39836502075195,115.90141296386719,72.55694580078125
2022-09-23,31.79533576965332,47.155887603759766,31.08393096923828,29.151004791259766,80.12996673583984,60.22298049926758,62.74565887451172,32.88255310058594,32.02350997924805,115.30952453613281,70.88670349121094
2022-09-26,31.279586791992188,46.38771438598633,30.32094383239746,28.69097900390625,79.2884750366211,59.80442428588867,62.79086685180664,31.995975494384766,31.25147819519043,114.21023559570312,70.72692108154297
2022-09-27,31.349279403686523,46.1380615234375,30.660533905029297,28.568927764892578,79.02373504638672,59.882301330566406,61.70564270019531,31.574628829956055,30.72490119934082,113.86262512207031,70.94963073730469
2022-09-28,32.15775680541992,47.712806701660156,32.0189208984375,29.132234573364258,80.763427734375,60.51499938964844,62.44722366333008,32.171546936035156,31.055131912231445,116.3523941040039,72.86680603027344
2022-09-29,31.68382453918457,46.55096435546875,32.0189208984375,28.766082763671875,79.36409759521484,58.93812561035156,61.41623306274414,31.276180267333984,29.810068130493164,115.37527465820312,70.34931182861328
2022-09-30,31.60018539428711,45.98443603515625,31.76311683654785,28.50320816040039,78.3240737915039,57.80900192260742,60.34906768798828,31.6097354888916,29.23439598083496,113.7874526977539,68.96469116210938
2022-10-03,32.627037048339844,47.27111053466797,33.5581169128418,29.273054122924805,80.68779754638672,59.60001754760742,61.389095306396484,32.19786834716797,30.09121322631836,116.12689971923828,69.03247833251953
2022-10-04,33.82581329345703,48.721031188964844,35.00028610229492,30.362110137939453,83.4958724975586,61.60032272338867,62.32060623168945,32.707000732421875,30.729360580444336,118.82337951660156,71.44344329833984
2022-10-05,33.4448127746582,48.3465461730957,35.72358322143555,30.12740707397461,83.04206085205078,61.80473709106445,61.9588508605957,32.101318359375,30.046586990356445,119.21797943115234,71.02226257324219
2022-10-06,33.09168243408203,48.0872917175293,36.35867691040039,29.704927444458008,82.08712768554688,61.29856491088867,61.05447769165039,31.047943115234375,29.05589485168457,117.6959457397461,70.51876068115234
2022-10-07,32.27391052246094,46.791015625,36.07640838623047,29.000795364379883,80.5176010131836,58.77751541137695,60.141056060791016,30.310590744018555,28.453439712524414,115.2061767578125,68.09324645996094
2022-10-10,32.34361267089844,46.666175842285156,35.335479736328125,28.869354248046875,80.80125427246094,57.78953170776367,60.35810089111328,29.96824836730957,28.50252914428711,114.48271179199219,67.67208099365234
2022-10-11,32.09269714355469,45.792388916015625,35.053218841552734,28.50320816040039,80.78233337402344,56.90374755859375,60.85551452636719,30.249149322509766,28.39988899230957,115.09342956542969,67.12015533447266
2022-10-12,31.851099014282227,45.73479080200195,35.335479736328125,28.43749237060547,80.14887237548828,56.728546142578125,61.18109130859375,29.845354080200195,27.453821182250977,114.52970123291016,67.29444122314453
2022-10-13,32.785011291503906,46.83902359008789,36.77764129638672,29.611042022705078,81.91692352294922,58.490379333496094,62.194000244140625,30.40715217590332,28.14106559753418,117.1979751586914,68.03030395507812
2022-10-14,31.67917823791504,46.07085037231445,35.406036376953125,29.11345672607422,80.12051391601562,56.845359802246094,61.07255935668945,29.643461227416992,27.734966278076172,116.40878295898438,65.4886245727539
2022-10-17,32.46906280517578,47.33832550048828,35.847076416015625,29.84575080871582,81.8696517944336,58.577980041503906,61.73276138305664,30.749496459960938,28.315105438232422,118.27845001220703,68.14651489257812
2022-10-18,33.10560989379883,47.693603515625,36.16020202636719,30.324562072753906,83.845703125,59.07439422607422,62.537662506103516,31.153287887573242,28.832763671875,118.93612670898438,69.08573150634766
2022-10-19,32.7153205871582,47.73200988769531,37.227500915527344,29.82697296142578,83.25005340576172,58.904048919677734,62.24824905395508,30.372039794921875,28.457902908325195,117.27314758300781,68.31111145019531
2022-10-20,32.47836685180664,47.84724426269531,37.262779235839844,29.348169326782227,81.61436462402344,58.93812561035156,61.380062103271484,30.222814559936523,27.739429473876953,116.2772216796875,66.98944091796875
2022-10-21,33.602783203125,48.154502868652344,38.338897705078125,30.22128677368164,83.85516357421875,60.51499938964844,62.32060623168945,30.433483123779297,28.252622604370117,118.88915252685547,68.94048309326172
2022-10-24,33.40763854980469,48.49057388305664,38.51971435546875,30.62498664855957,84.97085571289062,61.35209655761719,63.44203567504883,30.415929794311523,28.48914337158203,121.1816177368164,69.22612762451172
2022-10-25,34.23469924926758,49.777259826660156,38.559417724609375,30.991134643554688,86.11488342285156,62.52503204345703,64.2740478515625,31.61852264404297,29.06035614013672,122.10238647460938,70.95933532714844
2022-10-26,34.47629928588867,48.202510833740234,39.08424758911133,31.066242218017578,86.41743469238281,61.13309097290039,64.69911193847656,31.557079315185547,29.046966552734375,123.4552993774414,70.38804626464844
2022-10-27,34.388031005859375,45.91721725463867,39.22538375854492,31.319730758666992,87.42911529541016,60.4371223449707,64.75336456298828,31.574628829956055,29.279022216796875,122.80703735351562,70.11692810058594
2022-10-28,34.73186111450195,47.07907485961914,39.36209487915039,32.098968505859375,89.46190643310547,63.06525421142578,66.17326354980469,32.320770263671875,30.0822811126709,124.82701110839844,70.17987823486328
2022-10-31,34.42055892944336,46.29170227050781,39.69286346435547,31.901805877685547,89.20663452148438,62.2330207824707,65.78436279296875,32.24176788330078,29.80113983154297,124.72368621826172,69.72962188720703
2022-11-01,34.508827209472656,45.99403381347656,40.07657241821289,31.986312866210938,89.12152862548828,61.71225357055664,65.57636260986328,32.189090728759766,29.91716766357422,124.79885864257812,69.02279663085938
2022-11-02,33.61207962036133,44.69775390625,39.11070251464844,31.58260726928711,87.552001953125,59.58055114746094,64.43685150146484,31.346406936645508,29.627105712890625,122.67550659179688,66.41331481933594
2022-11-03,33.86764144897461,43.60310745239258,39.83399963378906,31.26339340209961,88.46914672851562,57.82846450805664,64.21979522705078,31.32884407043457,29.75651741027832,122.15874481201172,66.0163345336914
2022-11-04,35.043174743652344,43.90077590942383,40.31913375854492,31.83609962463379,89.88737487792969,58.884586334228516,64.9794692993164,31.76775360107422,29.939481735229492,122.90099334716797,66.5682373046875
2022-11-07,35.31731033325195,44.688148498535156,41.011558532714844,32.15529251098633,90.85176086425781,59.86770248413086,65.55825805664062,31.75897216796875,29.368268966674805,124.21630859375,66.10346221923828
2022-11-08,35.92597961425781,44.73616409301758,41.05125045776367,32.34306716918945,91.64598846435547,60.44198989868164,65.74818420410156,31.952091217041016,29.573551177978516,124.83642578125,65.9388656616211
2022-11-09,35.34518051147461,44.13121795654297,39.04454803466797,31.79853630065918,90.36957550048828,58.86998748779297,65.03373718261719,31.600967407226562,29.341495513916016,123.49286651611328,63.92486572265625
2022-11-10,37.30132293701172,46.800601959228516,39.91338348388672,33.403961181640625,94.16096496582031,63.707679748535156,66.56212615966797,34.023704528808594,30.72490119934082,126.63094329833984,68.59674835205078
2022-11-11,37.75202560424805,48.02967834472656,41.073299407958984,33.67621994018555,94.104248046875,64.79785919189453,66.48977661132812,34.00614929199219,30.381275177001953,125.0806884765625,70.2427978515625
2022-11-14,37.7009162902832,47.83762741088867,41.0600700378418,33.197410583496094,93.52748107910156,64.24303436279297,65.96524810791016,33.102020263671875,30.01980972290039,125.19345092773438,69.1292953491211
2022-11-15,37.6451530456543,48.54819107055664,41.492271423339844,33.27252197265625,94.17042541503906,65.02175903320312,66.51691436767578,33.51457595825195,30.350038528442383,125.03375244140625,70.0733413696289
2022-11-16,37.278099060058594,48.06808853149414,40.64550018310547,33.1129150390625,93.48968505859375,64.13111114501953,66.84251403808594,33.27757263183594,30.622255325317383,124.97736358642578,69.00341796875
2022-11-17,36.92032241821289,47.703208923339844,40.73370361328125,32.934539794921875,93.32894134521484,64.21382904052734,66.82440185546875,32.97911834716797,30.086746215820312,124.92098236083984,68.16586303710938
2022-11-18,37.16657638549805,47.559173583984375,40.411746978759766,33.20680236816406,94.0191650390625,64.28683471679688,67.53885650634766,33.40046691894531,30.72490119934082,126.43363189697266,68.25785064697266
2022-11-21,37.29202651977539,47.165489196777344,39.864871978759766,33.31007385253906,94.32170867919922,63.59574890136719,68.18097686767578,33.637474060058594,30.863239288330078,126.49002075195312,67.27021789550781
2022-11-22,38.13768005371094,47.86643600463867,41.11299514770508,33.64805603027344,95.04972839355469,64.82706451416016,68.67835235595703,33.80425262451172,31.12653160095215,127.58927154541016,68.03030395507812
2022-11-23,38.28636169433594,48.471370697021484,40.66754913330078,33.78887939453125,95.40900421142578,65.4013671875,68.91350555419922,33.85692596435547,31.474613189697266,128.09661865234375,69.01312255859375
2022-11-25,38.27241897583008,48.202510833740234,40.51760482788086,33.90155029296875,95.77776336669922,65.02175903320312,68.95873260498047,34.058815002441406,31.657575607299805,128.85763549804688,69.05184173583984
2022-11-28,37.417484283447266,47.43435287475586,39.40620040893555,33.3194694519043,94.03807067871094,63.629825592041016,68.69645690917969,33.102020263671875,31.331806182861328,127.88994598388672,68.62580108642578
2022-11-29,37.542938232421875,47.45355224609375,40.00159454345703,33.516624450683594,94.61479949951172,63.006858825683594,68.43419647216797,33.655033111572266,31.099763870239258,127.57050323486328,68.40794372558594
2022-11-30,38.4489860534668,49.46039581298828,40.20005416870117,34.089317321777344,96.17485046386719,66.17035675048828,69.80884552001953,34.44506072998047,31.876249313354492,130.61460876464844,70.7656478881836
2022-12-01,38.49544906616211,49.74846267700195,40.067745208740234,33.89215087890625,96.20321655273438,66.26280212402344,69.4923095703125,34.37482833862305,31.849462509155273,130.99038696289062,70.75599670410156
2022-12-02,38.918270111083984,49.87328338623047,39.82958984375,33.73255920410156,96.75161743164062,65.87831115722656,69.80884552001953,34.208045959472656,31.69774055480957,131.32861328125,70.66400909423828
2022-12-05,38.14696502685547,49.085899353027344,38.64763259887695,32.8969841003418,95.13482666015625,64.78326416015625,68.93161010742188,33.62869644165039,31.51923942565918,130.06964111328125,68.62580108642578
2022-12-06,37.807777404785156,47.67440414428711,37.62883758544922,32.60593795776367,94.00970458984375,63.396202087402344,68.50655364990234,33.3741340637207,31.7155818939209,129.08316040039062,67.55586242675781
2022-12-07,37.724151611328125,47.43435287475586,37.5406379699707,32.474510192871094,93.88677978515625,63.07499694824219,68.79595184326172,33.44435501098633,31.568321228027344,130.1448211669922,67.1491928100586
2022-12-08,38.0029296875,47.33832550048828,37.373043060302734,32.50267028808594,94.44461059570312,64.10678100585938,69.1667251586914,33.69013977050781,31.773605346679688,131.31924438476562,67.79792785644531
2022-12-09,37.62656784057617,47.472755432128906,36.46451950073242,32.41817855834961,93.66932678222656,63.71255111694336,68.63314819335938,33.61991500854492,31.608497619628906,129.637451171875,67.50260925292969
2022-12-12,37.951812744140625,47.84724426269531,37.42155075073242,32.85004425048828,95.27664184570312,65.1044921875,69.35665893554688,33.90081024169922,32.331424713134766,131.0186004638672,67.67208099365234
2022-12-13,38.47685623168945,48.65380859375,38.13161849975586,32.934539794921875,95.63592529296875,65.87344360351562,69.2571792602539,34.646942138671875,32.42961120605469,131.42257690429688,67.67208099365234
2022-12-14,38.06332778930664,48.02007293701172,37.897865295410156,32.521446228027344,95.45628356933594,65.31864929199219,69.21192932128906,34.313377380371094,32.38944625854492,131.6293182373047,67.16857147216797
2022-12-15,36.901729583740234,46.14766311645508,37.66853332519531,31.883033752441406,93.14929962158203,62.87545394897461,68.0362548828125,33.918365478515625,31.996728897094727,129.21466064453125,66.06475067138672
2022-12-16,36.74375534057617,46.1380615234375,37.205448150634766,31.638935089111328,92.752197265625,62.04320526123047,67.7016372680664,32.91767501831055,31.452299118041992,127.3355941772461,64.8302001953125
2022-12-19,36.26628875732422,45.05805587768555,37.20099639892578,31.55391502380371,92.26390075683594,61.21589279174805,67.6588363647461,32.52793502807617,31.32722282409668,126.8601303100586,63.78937530517578
2022-12-20,36.504783630371094,45.36608123779297,37.762413024902344,31.686168670654297,92.37789154052734,61.308624267578125,67.60418701171875,32.4569206237793,31.33622169494629,126.83183288574219,63.0466194152832
2022-12-21,36.822792053222656,45.9628791809082,38.47978973388672,32.17744064331055,94.11639404296875,62.32384490966797,68.27820587158203,32.7853889465332,31.772632598876953,128.5016326904297,64.05152893066406
2022-12-22,36.46737289428711,45.56821823120117,37.59310531616211,31.894006729125977,92.91940307617188,60.75221252441406,68.12338256835938,32.6255989074707,31.57916831970215,128.32240295410156,62.40583038330078
2022-12-23,36.71990203857422,46.011009216308594,38.791690826416016,32.07351303100586,93.47038269042969,60.81566619873047,68.47862243652344,32.91856384277344,31.903112411499023,128.3978729248047,62.83301544189453
2022-12-27,36.75263977050781,45.59709548950195,39.206077575683594,32.064064025878906,93.75540161132812,60.239723205566406,68.80653381347656,32.89192199707031,32.10107421875,128.0676727294922,61.813560485839844
2022-12-28,36.19145584106445,44.93292236328125,38.328304290771484,31.950698852539062,92.52989196777344,59.26842498779297,67.9503173828125,32.368141174316406,31.79512596130371,127.23748016357422,61.29410934448242
2022-12-29,36.58428192138672,46.17464065551758,38.72931671142578,32.394718170166016,93.6698989868164,60.82054138183594,68.2417984008789,33.087242126464844,32.02458572387695,128.62429809570312,62.87185287475586
2022-12-30,36.32707595825195,46.19388961791992,38.97438049316406,32.309688568115234,93.29939270019531,60.73756790161133,67.90478515625,32.7853889465332,31.71864128112793,128.16200256347656,62.70195388793945
2023-01-03,36.289669036865234,46.790687561035156,37.60647201538086,32.42306137084961,93.4989013671875,60.16162872314453,67.64973449707031,32.9096794128418,31.71864128112793,127.79407501220703,62.32815170288086
2023-01-04,36.92098617553711,47.6666374206543,37.60200881958008,32.942657470703125,94.32540130615234,60.317813873291016,67.91388702392578,33.66429138183594,32.00658416748047,128.13372802734375,63.23109436035156
2023-01-05,36.336429595947266,47.734012603759766,38.28819274902344,32.69702911376953,93.30887603759766,59.14639663696289,67.2307357788086,32.67885971069336,31.31372833251953,126.82239532470703,62.64368438720703
2023-01-06,37.58506393432617,48.51369094848633,39.01448059082031,33.424476623535156,95.86439514160156,60.879112243652344,69.02513122558594,33.6287841796875,31.943599700927734,127.99221801757812,64.11463165283203
2023-01-09,37.82355880737305,48.590694427490234,38.87635040283203,33.30165481567383,95.43689727783203,61.58683776855469,68.3510971069336,33.61102294921875,32.15956497192383,125.85066986083984,64.50299835205078
2023-01-10,38.20236587524414,49.32225036621094,39.152618408203125,33.49060821533203,95.95939636230469,61.967552185058594,68.26002502441406,33.708675384521484,32.168548583984375,126.90729522705078,65.313720703125
2023-01-11,38.80095672607422,49.67840576171875,39.27291488647461,33.802364349365234,96.88089752197266,63.04133987426758,68.29644012451172,34.933799743652344,32.429500579833984,127.62425231933594,67.07594299316406
2023-01-12,38.94591522216797,50.227073669433594,40.02147674560547,33.86849594116211,97.45091247558594,63.509910583496094,67.759033203125,35.32441711425781,32.20904541015625,127.21861267089844,67.1875991821289
2023-01-13,39.184425354003906,50.39071273803711,40.07939910888672,34.12356948852539,97.33689880371094,63.69049072265625,68.07785034179688,35.120235443115234,32.092071533203125,127.78466796875,67.81868743896484
2023-01-17,38.79159164428711,49.9190559387207,40.1640625,33.89683532714844,96.51039123535156,63.97846603393555,68.12338256835938,35.12911605834961,32.04708480834961,127.19032287597656,67.86722564697266
2023-01-18,38.244441986083984,49.3126335144043,39.428863525390625,33.26386260986328,94.69589233398438,63.15359878540039,66.26522064208984,34.58757019042969,31.27773094177246,125.3978271484375,66.98370361328125
2023-01-19,37.94982147216797,49.562904357910156,39.919002532958984,32.876529693603516,92.74839782714844,62.416587829589844,65.63671875,34.41889572143555,30.96279525756836,125.69972229003906,65.87200927734375
2023-01-20,38.71208953857422,51.112640380859375,40.31555938720703,33.39612579345703,94.04039764404297,64.1053695678711,66.14681243896484,34.818389892578125,31.147262573242188,126.33182525634766,67.4691390991211
2023-01-23,38.83835983276367,52.007835388183594,40.36903381347656,33.783470153808594,95.0663833618164,65.56475830078125,66.3563003540039,34.916046142578125,31.156253814697266,126.7657699584961,68.5226058959961
2023-01-24,38.86174011230469,51.86345291137695,40.21307373046875,33.802364349365234,95.69340515136719,65.53545379638672,66.62955474853516,35.06696701049805,31.31372833251953,125.92615509033203,68.4449234008789
2023-01-25,38.94124984741211,52.04633712768555,40.217533111572266,34.066890716552734,95.16138458251953,65.39881896972656,66.79351806640625,35.102481842041016,30.89081382751465,125.96388244628906,68.79446411132812
2023-01-26,39.128299713134766,52.85490036010742,41.4874267578125,34.24638366699219,95.68389129638672,66.44329833984375,66.55669403076172,35.50197982788086,30.99428939819336,126.19975280761719,70.20228576660156
2023-01-27,39.00204086303711,53.220680236816406,40.64973831176758,34.24638366699219,96.0828857421875,66.72151947021484,66.36540222167969,35.82156753540039,30.99428939819336,125.34121704101562,71.79459381103516
2023-01-30,38.735477447509766,52.383243560791016,39.71849060058594,34.07633972167969,95.14239501953125,65.4476089477539,66.44738006591797,35.386566162109375,30.85481834411621,124.20915222167969,70.57124328613281
2023-01-31,39.58660125732422,53.0185432434082,40.070491790771484,34.53924560546875,96.75740051269531,66.36033630371094,67.16698455810547,36.03464126586914,31.084270477294922,125.81295013427734,72.18782043457031
2023-02-01,39.84848403930664,53.64421463012695,39.281822204589844,34.53924560546875,97.46038818359375,67.92219543457031,67.70437622070312,36.300968170166016,31.138261795043945,126.40727996826172,73.55681610107422
2023-02-02,39.722225189208984,57.16722869873047,38.3862190246582,34.63372802734375,98.22039031982422,69.77694702148438,67.12142944335938,37.13547897338867,31.205753326416016,125.5488052368164,75.80935668945312
2023-02-03,39.006710052490234,56.021766662597656,38.30156707763672,34.56759262084961,97.70738220214844,69.19612884521484,66.8572769165039,36.36310958862305,30.553380966186523,125.18087768554688,73.47428894042969
2023-02-06,38.576480865478516,55.347965240478516,38.12778854370117,34.55814743041992,97.46989440917969,68.35173034667969,66.93924713134766,36.13229751586914,30.814321517944336,124.48272705078125,73.36748504638672
2023-02-07,39.0955696105957,56.3779182434082,39.366485595703125,34.954925537109375,97.7739028930664,70.06002044677734,66.6568832397461,35.99025344848633,30.800830841064453,125.28462219238281,73.53740692138672
2023-02-08,38.78224563598633,54.60679244995117,39.01448059082031,34.74708938598633,97.222900390625,69.21565246582031,66.14681243896484,35.8925895690918,30.28343391418457,124.91670989990234,72.91117095947266
2023-02-09,38.22106170654297,53.4131965637207,38.680301666259766,34.35974884033203,96.34889221191406,68.8349380493164,65.85533905029297,35.54636764526367,29.86952018737793,123.82233428955078,72.77523040771484
2023-02-10,38.36135482788086,52.90303039550781,40.19525146484375,34.47312545776367,97.03291320800781,68.51768493652344,66.4655990600586,35.61738586425781,30.46339988708496,124.99217224121094,71.9207992553711
2023-02-13,38.56244659423828,53.65384292602539,40.0927734375,34.86990737915039,97.91638946533203,69.7037353515625,67.22162628173828,35.945858001708984,30.647859573364258,126.02989959716797,72.97427368164062
2023-02-14,38.651302337646484,53.67308044433594,40.10614013671875,34.68096160888672,97.650390625,70.00146484375,66.61134338378906,35.573001861572266,30.51738739013672,125.28462219238281,73.84809875488281
2023-02-15,38.81966018676758,54.164005279541016,39.42441177368164,34.718753814697266,98.25838470458984,70.32847595214844,66.73886108398438,35.67064666748047,30.715343475341797,124.6619644165039,74.71221923828125
2023-02-16,38.380062103271484,53.33618927001953,39.0367546081543,34.369205474853516,97.24189758300781,69.10826110839844,66.25609588623047,35.3421745300293,30.48139762878418,123.41667938232422,73.08106231689453
2023-02-17,38.019981384277344,53.27842712402344,37.646568298339844,34.37864685058594,97.87837219238281,68.24435424804688,67.11231231689453,35.164615631103516,30.809829711914062,124.5204849243164,73.09563446044922
2023-02-21,37.3933219909668,52.104095458984375,37.45943069458008,33.670101165771484,95.63639068603516,66.62389373779297,66.8572769165039,34.47216033935547,30.23394012451172,122.90725708007812,70.65375518798828
2023-02-22,37.673912048339844,52.20998001098633,37.20990753173828,33.63230514526367,95.39889526367188,66.52627563476562,66.75707244873047,34.161441802978516,30.116968154907227,122.49213409423828,71.01300811767578
2023-02-23,37.715999603271484,51.969337463378906,37.771331787109375,33.6606559753418,95.84541320800781,67.62934875488281,66.67510223388672,34.48991394042969,29.95949363708496,122.82233428955078,70.95475769042969
2023-02-24,37.968536376953125,51.24740982055664,37.72231674194336,33.68899917602539,95.29439544677734,66.42378997802734,66.22879028320312,33.85071563720703,29.968496322631836,121.2374038696289,69.83819580078125
2023-02-27,38.094791412353516,51.411041259765625,37.833709716796875,33.6795539855957,96.13988494873047,66.78009033203125,66.15591430664062,33.903987884521484,29.76603889465332,120.86949157714844,70.70231628417969
2023-02-28,38.26782989501953,51.4976692199707,37.29011154174805,33.74567794799805,95.92138671875,66.63367462158203,65.6093978881836,33.92173385620117,29.244144439697266,119.9732437133789,70.65375518798828
2023-03-01,38.56711959838867,51.1030158996582,38.02530288696289,33.63230514526367,96.3014144897461,66.14557647705078,65.12664031982422,33.397953033447266,28.762737274169922,119.77511596679688,69.7654037475586
2023-03-02,39.006710052490234,51.584312438964844,38.35948181152344,33.47170639038086,97.431884765625,66.96068572998047,66.01929473876953,33.83296585083008,29.30712890625,120.51097869873047,69.5323486328125
2023-03-03,39.56321716308594,52.710514068603516,38.88080978393555,34.00075149536133,98.48638916015625,68.4005355834961,66.07392883300781,34.40113830566406,29.806529998779297,121.86003875732422,71.0275650024414
2023-03-06,38.92253875732422,52.710514068603516,38.898643493652344,34.02909851074219,98.30590057373047,68.72754669189453,66.24700927734375,34.26797103881836,29.950502395629883,121.80343627929688,70.50814056396484
2023-03-07,38.15558624267578,52.171478271484375,38.22135925292969,33.1505012512207,97.04241180419922,67.87340545654297,65.59117889404297,33.40683364868164,29.460102081298828,119.84115600585938,69.54692840576172
2023-03-08,38.342655181884766,52.200355529785156,37.829254150390625,33.02769088745117,97.27039337158203,68.4347152709961,65.70048522949219,33.87735366821289,29.685047149658203,119.19964599609375,69.42070770263672
2023-03-09,37.35591125488281,51.02600860595703,37.294559478759766,31.686168670654297,95.83589172363281,67.45364379882812,65.09019470214844,33.10499572753906,29.44659996032715,117.99207305908203,67.7652816772461
2023-03-10,36.5609016418457,50.304080963134766,36.81779861450195,31.109893798828125,94.04988861083984,66.26759338378906,64.77140045166016,32.04854202270508,28.983196258544922,117.1241455078125,67.09049987792969
2023-03-13,36.18678283691406,50.304080963134766,36.06924057006836,29.881742477416992,93.51789093017578,66.62877655029297,65.09931945800781,32.56344985961914,29.428604125976562,118.218505859375,67.23126983642578
2023-03-14,36.649757385253906,51.72869110107422,36.425697326660156,30.486370086669922,94.50589752197266,68.16624450683594,65.69137573242188,32.90080642700195,29.81552505493164,119.2751235961914,68.37210845947266
2023-03-15,35.4619255065918,52.286983489990234,34.469627380371094,29.67390251159668,92.17839813232422,68.20530700683594,66.11946105957031,32.91856384277344,30.220443725585938,119.17134094238281,68.27017211914062
2023-03-16,35.8687744140625,53.46132278442383,34.84390640258789,30.240739822387695,93.36589813232422,70.11861419677734,66.1650161743164,32.91856384277344,30.422910690307617,120.28457641601562,69.50323486328125
2023-03-17,35.31228256225586,52.9511604309082,34.29585266113281,29.267671585083008,91.83641052246094,70.02098846435547,65.68225860595703,32.16395568847656,30.13046646118164,118.73738098144531,68.61483764648438
2023-03-20,36.038875579833984,53.34688949584961,34.982444763183594,29.593320846557617,93.05261993408203,70.20980834960938,66.59292602539062,32.509071350097656,30.366147994995117,120.24229431152344,68.91188049316406
2023-03-21,36.47569274902344,54.48583984375,36.19354248046875,30.343358993530273,94.13052368164062,70.77723693847656,66.53800201416016,32.32131576538086,29.754283905029297,120.97156524658203,70.8157958984375
2023-03-22,35.827518463134766,53.5302734375,35.42366409301758,29.640789031982422,92.32764434814453,70.07283020019531,65.92479705810547,31.14112091064453,29.16962432861328,119.1436767578125,69.23812103271484
2023-03-23,35.78524398803711,54.39896774291992,34.93292236328125,29.44141387939453,92.06057739257812,71.21259307861328,65.66854095458984,30.95335578918457,28.87049674987793,118.91636657714844,69.16507720947266
2023-03-24,36.076446533203125,54.67888259887695,35.06798553466797,29.422426223754883,92.44213104248047,71.39847564697266,66.78512573242188,31.749099731445312,29.77241325378418,120.56431579589844,68.94110107421875
2023-03-27,36.344181060791016,54.37001037597656,35.815364837646484,29.830673217773438,93.21478271484375,70.845703125,67.14207458496094,31.641799926757812,29.808673858642578,121.0567855834961,69.0822982788086
2023-03-28,36.51796340942383,53.9260139465332,36.369136810302734,29.821178436279297,93.69172668457031,70.51307678222656,67.26104736328125,31.534513473510742,29.890249252319336,120.32754516601562,68.99952697753906
2023-03-29,37.02521896362305,54.64026641845703,36.873382568359375,30.25791358947754,95.0558090209961,71.9903564453125,67.63629913330078,32.28554916381836,30.325347900390625,120.65900421142578,70.30940246582031
2023-03-30,37.27885055541992,54.900875091552734,37.035465240478516,30.191452026367188,95.25611877441406,72.82684326171875,67.82850646972656,32.70576858520508,30.4567813873291,121.31250762939453,70.9229507446289
2023-03-31,37.88473892211914,55.95294952392578,37.29209518432617,30.52375030517578,96.51525115966797,73.86874389648438,68.37764739990234,33.421043395996094,30.678861618041992,122.61001586914062,72.817138671875
2023-04-03,38.12427520751953,56.18459701538086,38.98043441772461,30.580713272094727,96.68695068359375,73.75135803222656,68.73458862304688,33.10810852050781,30.470388412475586,123.98330688476562,72.1500244140625
2023-04-04,37.574745178222656,56.358333587646484,38.273582458496094,30.29588508605957,94.52162170410156,73.34535217285156,68.59729766845703,33.117061614990234,30.624481201171875,124.00225067138672,72.03315734863281
2023-04-05,37.49020767211914,56.174949645996094,38.849876403808594,30.25791358947754,93.29109191894531,72.50886535644531,68.91764068603516,32.947174072265625,31.417625427246094,126.14266967773438,70.55773162841797
2023-04-06,37.400962829589844,56.87954330444336,38.26008605957031,30.37183952331543,93.26248931884766,72.9197769165039,68.97256469726562,33.17069625854492,31.639699935913086,126.45518493652344,70.57234191894531
2023-04-10,37.579444885253906,56.754066467285156,38.56623077392578,30.438302993774414,94.1114501953125,72.88064575195312,68.97256469726562,33.340579986572266,31.576248168945312,126.36996459960938,70.88397979736328
2023-04-11,37.870643615722656,56.60927963256836,38.93091583251953,30.704132080078125,94.67425537109375,72.19581604003906,69.17391204833984,33.50151824951172,31.60345458984375,126.79617309570312,70.99598693847656
2023-04-12,37.89882278442383,56.020511627197266,38.95792770385742,30.637678146362305,94.98902893066406,71.78492736816406,68.86272430419922,33.40316390991211,31.571725845336914,126.83402252197266,69.89550018310547
2023-04-13,38.288658142089844,57.188419342041016,39.20104217529297,30.913005828857422,95.34195709228516,73.1203384399414,69.24714660644531,33.29587173461914,31.576248168945312,128.48199462890625,71.4391098022461
2023-04-14,38.01155471801758,57.16910934448242,39.27307891845703,31.216819763183594,95.2275161743164,72.71432495117188,68.80782318115234,32.72365188598633,31.222736358642578,127.44963073730469,71.5316162109375
2023-04-17,38.23230743408203,56.84093475341797,38.80934524536133,31.577594757080078,95.98108673095703,72.97846984863281,69.24714660644531,33.46574783325195,31.39496612548828,127.34546661376953,72.03804016113281
2023-04-18,38.39200210571289,56.55137634277344,38.962425231933594,31.67254066467285,96.4389419555664,73.2034912109375,69.45763397216797,33.412105560302734,31.2318058013916,126.47412872314453,72.15489196777344
2023-04-19,38.283973693847656,56.12668991088867,38.82735824584961,31.748493194580078,96.36264038085938,72.99313354492188,69.41187286376953,33.60879898071289,31.47201919555664,126.86245727539062,72.08674621582031
2023-04-20,38.24169921875,55.54755783081055,38.48518753051758,31.653553009033203,96.19093322753906,72.5137710571289,69.57661437988281,33.20646286010742,31.462942123413086,126.34154510498047,70.97650146484375
2023-04-21,37.903526306152344,55.68269348144531,38.26008605957031,31.539627075195312,95.97154235839844,72.27896881103516,70.08000183105469,33.242225646972656,31.5535945892334,127.19392395019531,71.7604751586914
2023-04-24,38.16185760498047,55.624786376953125,38.845375061035156,31.46366310119629,96.20047760009766,71.96101379394531,70.36372375488281,33.1528205871582,31.712221145629883,127.90424346923828,71.75074005126953
2023-04-25,37.335208892822266,54.75609588623047,38.11600875854492,30.922500610351562,94.42623138427734,70.4250259399414,70.27220153808594,32.84882736206055,31.680496215820312,126.5404281616211,70.328857421875
2023-04-26,36.89371109008789,54.17697525024414,37.60725021362305,30.62818145751953,92.6424331665039,71.47185516357422,69.72305297851562,32.580604553222656,30.937210083007812,124.740966796875,69.96854400634766
2023-04-27,37.39627456665039,57.32353973388672,37.742313385009766,31.12188148498535,94.47390747070312,72.9882583618164,70.5009994506836,33.36739730834961,31.30885124206543,125.39443969726562,71.81403350830078
2023-04-28,37.833072662353516,57.8157958984375,38.327606201171875,31.492151260375977,95.38966369628906,73.78071594238281,70.87625122070312,33.75185775756836,31.263534545898438,126.46467590332031,71.99908447265625
2023-05-01,37.81428909301758,57.80614471435547,37.8953971862793,31.406707763671875,95.90477752685547,73.82473754882812,70.9311752319336,33.438926696777344,31.317916870117188,127.11817169189453,71.28815460205078
2023-05-02,37.447940826416016,56.734764099121094,36.247581481933594,30.69464683532715,94.90318298339844,73.13501739501953,70.73896789550781,32.8667106628418,30.937210083007812,126.56885528564453,71.3611831665039
2023-05-03,37.03461456298828,56.51277160644531,35.563228607177734,30.343358993530273,94.54069519042969,72.51866149902344,70.16238403320312,32.661067962646484,30.85108757019043,126.39839935302734,70.79632568359375
2023-05-04,36.795074462890625,55.605472564697266,35.16703414916992,29.95409393310547,93.5104751586914,72.17134857177734,69.98848724365234,32.96505355834961,31.086761474609375,125.39443969726562,70.25096893310547
2023-05-05,37.41505813598633,56.300418853759766,36.121517181396484,30.69464683532715,94.9222640991211,73.98125457763672,70.6383056640625,33.47468948364258,31.286184310913086,126.52146911621094,71.67283630371094
2023-05-08,37.292938232421875,56.86989212036133,36.121517181396484,30.742115020751953,94.57886505126953,73.94213104248047,70.42778015136719,33.242225646972656,31.191009521484375,126.24684143066406,71.91629791259766
2023-05-09,36.954769134521484,56.51277160644531,36.13501739501953,30.62818145751953,94.7887191772461,73.37469482421875,70.20812225341797,33.13493347167969,31.150222778320312,125.40393829345703,71.89682006835938
2023-05-10,36.978248596191406,57.01467514038086,35.72530746459961,30.45728874206543,94.44529724121094,74.26988220214844,70.09830474853516,33.44786071777344,31.435758590698242,125.75433349609375,72.26201629638672
2023-05-11,36.6165885925293,57.58414840698242,35.29759979248047,30.409818649291992,93.87297058105469,73.9372329711914,70.30880737304688,33.09917449951172,31.113971710205078,125.36602020263672,72.5980224609375
2023-05-12,36.68234634399414,57.632408142089844,35.351627349853516,30.286394119262695,93.93974304199219,73.83939361572266,70.58338165283203,33.16176223754883,31.286184310913086,125.1955795288086,71.9844970703125
2023-05-15,36.992340087890625,57.90266418457031,35.531715393066406,30.533241271972656,94.3976058959961,74.45085906982422,70.40949249267578,33.09917449951172,30.89188575744629,124.9777603149414,72.07699584960938
2023-05-16,36.381752014160156,57.8350944519043,34.65828323364258,30.248416900634766,93.11939239501953,74.52913665771484,69.8145751953125,32.21403121948242,30.207515716552734,123.9359359741211,71.78482818603516
2023-05-17,36.62128829956055,58.539703369140625,35.324615478515625,30.856042861938477,94.72193908691406,75.52213287353516,69.77796173095703,32.634239196777344,30.09874153137207,124.08747100830078,73.27973175048828
2023-05-18,36.83734130859375,59.591773986816406,35.581241607666016,31.08390235900879,95.40874481201172,77.06788635253906,69.4393310546875,32.42860412597656,30.008087158203125,123.7844009399414,74.41917419433594
2023-05-19,36.931278228759766,59.27326202392578,35.85587692260742,30.950986862182617,95.1798095703125,77.03365325927734,69.48509216308594,32.37495803833008,29.9627742767334,124.36211395263672,73.7958984375
2023-05-22,36.738704681396484,59.81377029418945,35.70730209350586,31.007946014404297,95.16072845458984,77.1803970336914,68.43256378173828,32.589542388916016,29.971834182739258,124.4852294921875,73.56703186035156
2023-05-23,36.17039108276367,59.070556640625,36.08999252319336,30.647171020507812,94.01605987548828,76.04064178466797,67.92916870117188,32.18720245361328,29.867589950561523,123.1214370727539,72.89505767822266
2023-05-24,35.75707244873047,58.80030059814453,36.247581481933594,30.248416900634766,92.80461120605469,75.48299407958984,67.48986053466797,31.48086929321289,29.672706604003906,122.27852630615234,72.62723541259766
2023-05-25,35.6302490234375,58.80030059814453,35.60375213623047,30.238924026489258,93.10985565185547,78.37884521484375,66.97733306884766,31.552396774291992,29.273866653442383,121.02837371826172,72.30097961425781
2023-05-26,35.80873107910156,59.99715805053711,35.46418380737305,30.48577117919922,93.80619049072266,80.60456848144531,67.20613861083984,31.918977737426758,29.273866653442383,120.78215789794922,74.00041198730469
2023-05-30,35.61615753173828,60.09367370605469,35.09949493408203,30.476274490356445,93.66311645507812,81.03502655029297,66.43733978271484,32.0173225402832,29.160558700561523,120.03392791748047,74.49708557128906
2023-05-31,35.2357177734375,60.074378967285156,34.48269271850586,30.153472900390625,92.3848876953125,80.35997772216797,66.51055145263672,32.222965240478516,29.427959442138672,121.06626892089844,73.82511138916016
2023-06-01,35.70539855957031,60.8851432800293,34.910404205322266,30.476274490356445,93.5677261352539,81.1769027709961,66.45563507080078,32.23189926147461,29.21041488647461,121.86180877685547,74.69672393798828
2023-06-02,36.903099060058594,60.96236038208008,35.97293472290039,31.140871047973633,96.28633117675781,81.64158630371094,67.37088775634766,32.911415100097656,29.514076232910156,123.42450714111328,76.44971466064453
2023-06-05,36.87492370605469,61.116790771484375,35.73431396484375,30.97947120666504,95.61859893798828,81.17198181152344,67.12374877929688,32.75941467285156,29.654573440551758,123.86963653564453,76.67857360839844
2023-06-06,37.10975646972656,61.36775207519531,36.022457122802734,31.36873435974121,96.21956634521484,81.15241241455078,66.78512573242188,32.956119537353516,29.631916046142578,122.83731842041016,77.47716522216797
2023-06-07,37.551265716552734,60.68244934082031,36.976932525634766,31.492151260375977,97.76485443115234,79.93929290771484,66.56546783447266,33.5640983581543,30.134998321533203,122.35430908203125,76.95126342773438
2023-06-08,37.41505813598633,60.99131774902344,36.81936264038086,31.46366310119629,97.93656921386719,80.80510711669922,67.0230941772461,33.358463287353516,30.266427993774414,123.14039611816406,78.09071350097656
2023-06-09,37.10506057739258,61.0106201171875,36.616764068603516,31.47316551208496,97.67903137207031,81.20622253417969,66.91326904296875,33.188575744628906,30.089675903320312,123.51920318603516,78.49488067626953
2023-06-12,37.274147033691406,61.73452377319336,36.26558303833008,31.46366310119629,98.37535095214844,82.97211456298828,66.89495849609375,33.17069625854492,30.03528594970703,123.96435546875,79.84369659423828
2023-06-13,38.13836669921875,61.93722152709961,36.436668395996094,31.653553009033203,99.52005004882812,83.47594451904297,67.1695327758789,33.412105560302734,30.0307559967041,124.58942413330078,80.6714859008789
2023-06-14,37.97867202758789,62.043392181396484,36.0629768371582,31.530128479003906,99.2529525756836,84.33686065673828,67.58139038085938,33.590919494628906,30.01262855529785,123.31084442138672,80.61307525634766
2023-06-15,38.302757263183594,63.02790069580078,36.45917510986328,31.947877883911133,100.75056457519531,85.4228286743164,68.2586669921875,33.73396682739258,30.338947296142578,125.2239761352539,81.13898468017578
2023-06-16,38.39669418334961,62.506690979003906,36.405155181884766,31.88141441345215,100.5884017944336,84.71842193603516,68.3410415649414,33.69820785522461,30.502103805541992,125.21448516845703,81.01722717285156
2023-06-20,37.87703323364258,62.20215606689453,35.590335845947266,31.642995834350586,99.84138488769531,84.14588165283203,67.82118225097656,33.33623504638672,30.14437484741211,125.07376861572266,81.62419891357422
2023-06-21,37.999752044677734,61.58342361450195,35.8719367980957,31.604846954345703,100.3968505859375,82.90080261230469,68.06082916259766,33.191802978515625,30.386520385742188,125.0927963256836,80.64346313476562
2023-06-22,37.91007995605469,62.06680679321289,35.39048385620117,31.356889724731445,99.66899871826172,83.57726287841797,68.4571762084961,32.72240447998047,30.153520584106445,125.94868469238281,81.6729965209961
2023-06-23,37.603294372558594,61.931461334228516,35.13614273071289,31.2233829498291,98.91239929199219,82.67041778564453,68.00553131103516,32.370365142822266,29.710350036621094,125.53022766113281,80.72643280029297
2023-06-26,37.995033264160156,61.31272888183594,35.7674674987793,31.1566162109375,99.73603057861328,82.07727813720703,68.09769439697266,33.09251022338867,30.002750396728516,124.81698608398438,79.6920394897461
2023-06-27,38.533103942871094,62.3471794128418,35.84922409057617,31.404577255249023,100.93317413330078,83.6949234008789,68.30048370361328,33.453582763671875,30.011882781982422,124.5317153930664,81.40461730957031
2023-06-28,38.26878356933594,62.62754440307617,36.21257781982422,31.328277587890625,100.93317413330078,83.74393463134766,67.83961486816406,33.54384994506836,29.568721771240234,124.13229370117188,81.72665405273438
2023-06-29,38.75020980834961,62.28917694091797,36.630435943603516,31.871871948242188,101.91004180908203,83.89098358154297,67.77507019042969,33.85076141357422,29.568721771240234,124.94062805175781,81.81448364257812
2023-06-30,39.1136474609375,62.917564392089844,36.86660385131836,32.148441314697266,102.78154754638672,85.22430419921875,68.36499786376953,34.022274017333984,29.897674560546875,126.2244644165039,82.8537368774414
2023-07-03,39.25996017456055,63.13025665283203,36.952903747558594,32.32963943481445,102.80071258544922,85.04293823242188,68.89960479736328,34.29308319091797,30.121538162231445,125.18787384033203,83.85400390625
2023-07-05,38.29237747192383,63.613651275634766,36.7485237121582,32.26288986206055,102.2452392578125,84.51842498779297,68.77977752685547,34.464595794677734,30.464191436767578,125.1213150024414,83.88815307617188
2023-07-06,38.01390838623047,63.110923767089844,35.92189407348633,31.986316680908203,101.47905731201172,84.2929458618164,68.60464477539062,34.2750244140625,30.094127655029297,124.1227798461914,82.53660583496094
2023-07-07,38.34430694580078,62.888572692871094,36.69401168823242,32.034000396728516,101.70891571044922,83.92529296875,67.71057891845703,34.112545013427734,29.874826431274414,122.67728424072266,82.63906860351562
2023-07-10,38.33486557006836,62.72420883178711,36.98015213012695,32.177059173583984,103.15507507324219,84.14588165283203,67.692138671875,34.22989273071289,29.746902465820312,123.64729309082031,82.89278411865234
2023-07-11,38.71245574951172,63.816673278808594,37.793155670166016,32.55852127075195,104.37135314941406,84.32725524902344,67.79354858398438,34.618045806884766,30.11697006225586,123.67581176757812,83.58564758300781
2023-07-12,39.22220230102539,64.59009552001953,38.142887115478516,32.76833724975586,104.18939208984375,85.28311920166016,67.95022583007812,34.78053665161133,30.555559158325195,123.34297943115234,84.33704376220703
2023-07-13,39.52899932861328,65.53752899169922,37.9975471496582,32.88277816772461,104.32347106933594,86.39584350585938,68.23597717285156,35.01523208618164,30.660642623901367,123.39051055908203,85.12744903564453
2023-07-14,39.297725677490234,64.91878509521484,36.99378204345703,32.663429260253906,104.01699829101562,86.26841735839844,68.4664077758789,35.01523208618164,30.541854858398438,125.24491119384766,85.34703063964844
2023-07-17,39.33547592163086,64.686767578125,36.92110824584961,32.978145599365234,104.40966796875,87.371337890625,68.26361846923828,34.717342376708984,30.190065383911133,124.67434692382812,85.69345092773438
2023-07-18,39.64226150512695,65.1314926147461,37.29354476928711,33.35007858276367,104.9938735961914,88.36151885986328,68.18987274169922,34.42848587036133,29.95706558227539,125.5968246459961,86.04475402832031
2023-07-19,39.42987823486328,65.31517028808594,37.511558532714844,33.49312210083008,104.94598388671875,88.14093780517578,68.88117218017578,34.807613372802734,30.263164520263672,126.17691040039062,86.3472671508789
2023-07-20,39.52427673339844,64.01968383789062,37.952125549316406,33.741085052490234,105.41527557373047,86.38115692138672,69.4710922241211,34.69027328491211,30.815980911254883,128.26910400390625,83.40510559082031
2023-07-21,39.52899932861328,63.381629943847656,38.288230895996094,33.626644134521484,104.9172592163086,86.33704376220703,69.71073913574219,34.843719482421875,31.277421951293945,129.5624237060547,83.42461395263672
2023-07-24,39.65171432495117,63.49762725830078,38.90592575073242,33.950889587402344,105.15670013427734,86.4889907836914,69.97803497314453,35.1777229309082,31.195178985595703,129.2771453857422,83.97110748291016
2023-07-25,40.364410400390625,63.70065689086914,39.110313415527344,33.73154830932617,105.02259826660156,87.47917175292969,69.95960998535156,34.91593933105469,31.2500057220459,129.22007751464844,83.77591705322266
2023-07-26,40.2275390625,64.69644165039062,39.123924255371094,33.931819915771484,105.76004028320312,86.3027114868164,70.04257202148438,35.04230880737305,31.2500057220459,129.13446044921875,83.75640106201172
2023-07-27,39.96794509887695,65.2378158569336,38.874122619628906,33.50267028808594,104.8502197265625,86.05272674560547,69.42498779296875,34.30210876464844,30.69719696044922,128.18348693847656,82.88790893554688
2023-07-28,40.24641036987305,66.52363586425781,38.992218017578125,33.56942367553711,105.50144958496094,87.22428894042969,70.1439437866211,34.20281219482422,30.628660202026367,128.56385803222656,84.2931137084961
2023-07-31,40.45881271362305,66.50428009033203,39.732547760009766,33.69340133666992,105.7504653930664,87.42524719238281,69.82133483886719,34.47361755371094,30.64236831665039,127.57485961914062,84.77129364013672
2023-08-01,40.279457092285156,66.41728973388672,39.546329498291016,33.69340133666992,106.06651306152344,87.57231140136719,69.44342803955078,34.41042709350586,30.267738342285156,126.90916442871094,83.81008911132812
2023-08-02,39.779151916503906,65.170166015625,39.0285530090332,33.407291412353516,104.95556640625,85.40567779541016,69.69229888916016,34.2660026550293,30.267738342285156,126.99476623535156,82.30729675292969
2023-08-03,39.53371047973633,65.00580596923828,39.42369842529297,33.42636489868164,104.29474639892578,85.05764770507812,69.49873352050781,33.79660415649414,29.577857971191406,126.35761260986328,82.50244903564453
2023-08-04,39.444034576416016,64.86077117919922,39.478206634521484,33.29285430908203,103.66265106201172,83.90080261230469,68.80744934082031,33.462608337402344,29.235206604003906,125.91062927246094,83.70275115966797
2023-08-07,39.703636169433594,65.86621856689453,39.52361297607422,33.760162353515625,104.93640899658203,84.13607788085938,69.36969757080078,33.88687515258789,29.230636596679688,127.36563110351562,84.56147766113281
2023-08-08,39.28356170654297,65.68253326416016,39.71892547607422,33.45498275756836,104.45755767822266,83.48902893066406,68.8719482421875,33.715362548828125,29.367698669433594,128.34515380859375,83.88815307617188
2023-08-09,39.12308120727539,64.97679901123047,40.21853256225586,33.20702362060547,104.40009307861328,82.4106216430664,68.97335815429688,33.79660415649414,29.431657791137695,128.30711364746094,82.89278411865234
2023-08-10,39.15140151977539,65.19915771484375,40.21398162841797,33.235633850097656,104.11277770996094,82.42040252685547,68.83509063720703,33.68828201293945,29.34028434753418,128.2215576171875,83.09282684326172
2023-08-11,39.0428466796875,64.8897933959961,40.831695556640625,33.30238723754883,104.28516387939453,81.81258392333984,68.94570922851562,33.75146484375,29.50019073486328,129.0203857421875,82.80982971191406
2023-08-14,39.127803802490234,65.36351776123047,40.659095764160156,33.235633850097656,104.32347106933594,83.11648559570312,68.60464477539062,33.57093048095703,29.267183303833008,129.41024780273438,83.06356048583984
2023-08-15,38.490623474121094,64.78343200683594,39.814308166503906,32.62527847290039,102.99224853515625,82.29786682128906,67.86726379394531,33.22791290283203,28.79203987121582,128.9347686767578,81.93157958984375
2023-08-16,38.23102569580078,64.01002502441406,39.469112396240234,32.57760238647461,102.4176254272461,81.5135726928711,67.71057891845703,32.82170104980469,28.91996955871582,127.95523071289062,80.91670227050781
2023-08-17,38.15550231933594,63.2752799987793,39.94147872924805,32.415470123291016,101.5556869506836,80.73908233642578,67.05615234375,32.57797622680664,28.855998992919922,126.93769073486328,79.54564666748047
2023-08-18,38.150787353515625,62.898231506347656,40.33662414550781,32.40593338012695,101.74723815917969,80.86161804199219,67.30500793457031,32.668251037597656,29.006771087646484,126.98521423339844,79.36512756347656
2023-08-21,38.15550231933594,63.35261917114258,40.082279205322266,32.3677864074707,101.62272644042969,82.4057388305664,66.85335540771484,32.38841247558594,28.82402229309082,127.11839294433594,80.27753448486328
2023-08-22,38.12246322631836,63.35261917114258,39.77342224121094,32.0626106262207,101.38330078125,82.31257629394531,66.4754409790039,32.48771286010742,28.90625762939453,126.67141723632812,80.3946304321289
2023-08-23,38.18383026123047,64.37739562988281,39.67349624633789,32.377323150634766,102.42720031738281,83.7978515625,66.91787719726562,32.966129302978516,29.020477294921875,127.05182647705078,81.03868103027344
2023-08-24,38.023353576660156,63.13992691040039,39.4009895324707,32.26288986206055,101.18218994140625,81.86650848388672,66.3832778930664,32.81267547607422,28.85143280029297,125.94868469238281,79.45294189453125
2023-08-25,38.136634826660156,63.20759963989258,39.782508850097656,32.415470123291016,102.0345458984375,82.6998519897461,66.75196838378906,32.90294647216797,29.07073402404785,126.87110900878906,80.3409652709961
2023-08-28,38.41510772705078,63.98100662231445,40.050479888916016,32.5966682434082,102.86775207519531,83.37629699707031,67.05615234375,33.16472244262695,29.066162109375,127.16592407226562,80.66300201416016
2023-08-29,39.05228805541992,65.40217590332031,40.15949249267578,32.892311096191406,103.653076171875,85.04784393310547,67.2957992553711,33.54384994506836,29.175811767578125,128.30711364746094,82.6781005859375
2023-08-30,39.1419677734375,65.41184997558594,40.35932922363281,32.911380767822266,104.12236022949219,85.68997955322266,67.40640258789062,33.66120910644531,29.043315887451172,128.21202087402344,83.03428649902344
2023-08-31,39.12308120727539,65.47952270507812,40.3865852355957,32.787410736083984,103.653076171875,86.10665130615234,67.06534576416016,33.41747283935547,28.76462745666504,126.68092346191406,83.29287719726562
2023-09-01,39.562034606933594,64.87044525146484,41.21321105957031,33.083045959472656,104.19895935058594,86.37134552001953,66.49388122558594,33.3994255065918,28.61842918395996,127.02326965332031,82.78544616699219
2023-09-05,38.830448150634766,64.86077117919922,41.43122100830078,32.74925994873047,102.44635772705078,86.68016815185547,65.92240142822266,33.065425872802734,28.179832458496094,125.7109375,82.84397888183594
2023-09-06,38.74549102783203,64.65774536132812,41.44938659667969,32.730186462402344,102.00580596923828,85.7635269165039,65.84867095947266,33.00224685668945,28.243793487548828,125.02622985839844,82.10723876953125
2023-09-07,38.57085418701172,64.54175567626953,41.40850830078125,32.644351959228516,101.67060089111328,84.5233154296875,66.00537109375,33.27304458618164,28.613859176635742,125.58731842041016,82.33656311035156
2023-09-08,38.608619689941406,64.735107421875,41.80820083618164,32.71111297607422,101.16300201416016,84.69979858398438,66.08831024169922,33.056396484375,28.865137100219727,125.58731842041016,82.33656311035156
2023-09-11,38.773807525634766,65.71155548095703,41.258628845214844,32.86370086669922,101.19176483154297,85.1409683227539,66.6597900390625,33.07444763183594,28.98392677307129,126.45269775390625,84.55171203613281
2023-09-12,38.68413543701172,65.02513122558594,42.2305908203125,33.083045959472656,100.82782745361328,83.59687042236328,66.08831024169922,33.07444763183594,29.020477294921875,126.2910385131836,83.78568267822266
2023-09-13,38.45758056640625,65.2378158569336,41.912662506103516,33.083045959472656,100.15742492675781,83.80765533447266,66.29110717773438,32.740455627441406,29.367698669433594,126.31005859375,84.44926452636719
2023-09-14,39.000362396240234,66.1465835571289,42.4031867980957,33.38822555541992,101.14387512207031,84.41549682617188,66.96397399902344,33.33623504638672,29.79715919494629,126.70947265625,85.27870178222656
2023-09-15,38.566139221191406,65.26683044433594,41.79002380371094,33.21656799316406,100.55966186523438,82.79295349121094,66.41091918945312,33.20985794067383,29.669233322143555,125.7109375,83.81983184814453
2023-09-18,38.40584182739258,65.31336212158203,42.144168853759766,33.30757141113281,100.67122650146484,83.19087982177734,66.38773345947266,32.91960906982422,29.647127151489258,125.51994323730469,82.90824127197266
2023-09-19,38.37264633178711,65.36180114746094,41.75067901611328,33.26924133300781,100.24812316894531,83.14665985107422,66.22998046875,32.746726989746094,29.485918045043945,125.6249771118164,82.49276733398438
2023-09-20,37.96951675415039,64.47015380859375,41.36177062988281,33.03934097290039,99.85384368896484,81.8399658203125,66.29493713378906,32.8104133605957,29.513559341430664,125.63452911376953,81.6716079711914
2023-09-21,37.20594787597656,63.6754150390625,40.79441833496094,32.49332046508789,98.2191162109375,80.59223175048828,65.44119262695312,31.673065185546875,29.204971313476562,124.5363998413086,79.44274139404297
2023-09-22,37.168006896972656,63.59789276123047,40.86304473876953,32.24424743652344,97.8825454711914,80.76416778564453,65.08855438232422,31.45469093322754,29.14970588684082,124.27859497070312,78.66067504882812
2023-09-25,37.46205139160156,63.75295639038086,41.37549591064453,32.32088851928711,98.37297058105469,81.02450561523438,64.85655212402344,31.400100708007812,29.10824966430664,124.9565658569336,79.14458465576172
2023-09-26,36.92139434814453,63.04546356201172,41.1375732421875,31.889820098876953,96.87286376953125,79.56554412841797,64.37401580810547,30.84506607055664,28.23777198791504,123.8966293334961,77.7026596069336
2023-09-27,36.91665267944336,63.21022415161133,42.162471771240234,31.841920852661133,97.59405517578125,79.6883544921875,63.845069885253906,30.572099685668945,27.69429588317871,123.2759780883789,77.40450286865234
2023-09-28,37.31503677368164,63.90803527832031,42.208221435546875,32.07182312011719,98.00756072998047,80.25328826904297,64.03993225097656,30.89056396484375,27.09554672241211,123.86800384521484,78.2696533203125
2023-09-29,37.253379821777344,63.54942321777344,41.3571891784668,31.77486228942871,97.48828125,80.52835845947266,63.854331970214844,30.9997501373291,27.141605377197266,122.93219757080078,78.68511962890625
2023-10-02,36.76014709472656,64.02432250976562,40.53361511230469,31.50663948059082,96.5362777709961,81.39295196533203,63.41818618774414,30.435626983642578,25.879629135131836,122.76033020019531,78.74866485595703
2023-10-03,36.66054916381836,63.1617546081543,40.506168365478516,31.00851058959961,95.8631591796875,80.0125732421875,62.963470458984375,29.880592346191406,26.17900276184082,121.6717529296875,76.83260345458984
2023-10-04,37.09212875366211,63.76264953613281,39.23420715332031,31.238418579101562,96.17086029052734,81.0097885131836,63.4645881652832,30.199054718017578,26.151369094848633,122.18739318847656,78.34785461425781
2023-10-05,36.64158248901367,63.6754150390625,38.99169921875,31.382104873657227,95.603515625,81.11784362792969,62.211814880371094,30.417421340942383,25.999378204345703,122.8558120727539,77.95682525634766
2023-10-06,36.987789154052734,64.84813690185547,39.22504806518555,31.650331497192383,96.91130828857422,82.63578796386719,61.868465423583984,30.535709381103516,26.36783790588379,124.14488983154297,78.5042724609375
2023-10-09,37.035213470458984,65.54595184326172,40.53361511230469,31.669490814208984,98.43065643310547,83.06314086914062,61.92414855957031,30.936054229736328,26.630367279052734,124.57462310791016,78.58736419677734
2023-10-10,37.42885208129883,65.9239273071289,40.583953857421875,31.899398803710938,99.02686309814453,83.19087982177734,62.55517578125,31.045242309570312,26.994220733642578,125.16664123535156,79.44761657714844
2023-10-11,37.518959045410156,66.52482604980469,40.06235122680664,31.947290420532227,99.6230697631836,83.96211242675781,62.12830352783203,31.673065185546875,27.431764602661133,124.61282348632812,79.73112487792969
2023-10-12,36.95933151245117,65.73978424072266,40.10810852050781,31.746126174926758,98.71914672851562,84.04070281982422,61.45087432861328,31.2545166015625,27.008037567138672,123.54331970214844,78.86107635498047
2023-10-13,36.82179260253906,65.00321197509766,40.99116134643555,31.81317710876465,97.84406280517578,82.8371810913086,61.98909378051758,31.24541664123535,27.312015533447266,124.31680297851562,77.7026596069336
2023-10-16,37.1822395324707,66.04993438720703,41.265689849853516,32.148460388183594,98.88261413574219,83.63298797607422,62.6294059753418,31.563879013061523,27.592967987060547,125.25257110595703,78.9588394165039
2023-10-17,37.547420501708984,66.28253936767578,41.695770263671875,32.301734924316406,99.19033813476562,83.2448959350586,62.898521423339844,31.400100708007812,27.519275665283203,125.08069610595703,79.14458465576172
2023-10-18,36.57518005371094,65.13890075683594,42.07553482055664,31.746126174926758,96.7959213256836,82.39015197753906,63.130516052246094,30.70858383178711,27.279773712158203,123.99214172363281,77.28719329833984
2023-10-19,36.14834213256836,65.07106018066406,42.00232696533203,31.324634552001953,95.90162658691406,81.91856384277344,62.66653060913086,29.953380584716797,27.008037567138672,122.76988220214844,75.31246185302734
2023-10-20,35.71202850341797,64.47015380859375,41.29771423339844,30.845659255981445,94.9111557006836,80.53327178955078,62.42524719238281,29.798702239990234,26.727088928222656,122.28287506103516,74.14427185058594
2023-10-23,35.31364440917969,64.80939483642578,40.62970733642578,30.654071807861328,94.46881103515625,80.62661743164062,62.30460739135742,29.543935775756836,26.50140953063965,121.51896667480469,74.23223876953125
2023-10-24,35.730987548828125,65.57503509521484,40.05778503417969,30.86482048034668,95.18040466308594,81.18171691894531,62.83355712890625,29.916988372802734,27.183055877685547,121.89136505126953,75.02411651611328
2023-10-25,35.31364440917969,62.73531723022461,39.98457336425781,30.74986457824707,93.95915985107422,80.22380828857422,63.04700469970703,29.289167404174805,27.335044860839844,120.80281829833984,73.50885009765625
2023-10-26,35.56025695800781,61.3687629699707,39.673439025878906,30.682811737060547,93.56490325927734,78.69114685058594,62.63869094848633,29.907888412475586,27.5699405670166,119.60918426513672,72.3602066040039
2023-10-27,35.54602813720703,61.14585876464844,38.72175216674805,30.12720489501953,92.7379150390625,79.14797973632812,61.784942626953125,29.43474769592285,27.049489974975586,117.58482360839844,73.11782836914062
2023-10-30,35.91120910644531,62.405784606933594,38.8498649597168,30.66364860534668,93.89185333251953,79.99783325195312,62.75004959106445,29.52573585510254,27.256746292114258,118.24370574951172,73.78746795654297
2023-10-31,36.07246017456055,62.72563171386719,38.97797775268555,30.99892807006836,94.584228515625,80.56766510009766,62.9727668762207,30.11716079711914,27.491640090942383,118.92167663574219,74.34468078613281
2023-11-01,36.09143829345703,63.64635467529297,38.886474609375,31.20009994506836,94.89192962646484,82.12488555908203,62.907814025878906,30.271839141845703,27.804826736450195,119.16993713378906,75.26360321044922
2023-11-02,36.78860092163086,64.48954772949219,40.06235122680664,31.937707901000977,96.84398651123047,83.51507568359375,63.72441482543945,31.209020614624023,28.325281143188477,121.06062316894531,77.22853088378906
2023-11-03,37.36720275878906,65.47811126708984,39.65971374511719,32.35920333862305,97.69983673095703,84.374755859375,63.79866027832031,31.946025848388672,28.491085052490234,121.66220092773438,78.31364440917969
2023-11-06,37.1822395324707,65.30364990234375,39.21131896972656,32.26340866088867,97.4402084350586,84.92984771728516,63.9007453918457,31.5092830657959,28.417396545410156,122.4738540649414,78.4113998413086
2023-11-07,36.46135330200195,65.6525650024414,38.34199523925781,32.21552276611328,97.1998062133789,85.85829162597656,64.05850219726562,31.24541664123535,28.210134506225586,122.55979919433594,79.28633880615234
2023-11-08,36.57518005371094,65.3424072265625,37.861572265625,32.25382995605469,97.42096710205078,86.34461212158203,63.807945251464844,31.427392959594727,28.00287437438965,122.38792419433594,79.07615661621094
2023-11-09,36.262168884277344,65.32304382324219,37.747188568115234,32.11971664428711,97.20940399169922,85.94178009033203,63.54811477661133,30.94515609741211,27.634416580200195,119.85745239257812,77.5999984741211
2023-11-10,36.68901062011719,66.36007690429688,38.16355895996094,32.48373794555664,98.61336517333984,88.1867446899414,63.9935302734375,31.29090690612793,27.78180503845215,120.57361602783203,78.89041137695312
2023-11-13,36.63683319091797,66.2146987915039,38.43807601928711,32.43584060668945,98.69990539550781,87.67094421386719,64.19769287109375,31.02704429626465,27.45018768310547,121.27069091796875,79.22767639160156
2023-11-14,37.71815490722656,67.29048156738281,38.78124237060547,33.048919677734375,100.68083190917969,89.4246597290039,64.85655212402344,32.701229095458984,28.54635238647461,122.09191131591797,81.89645385742188
2023-11-15,37.884151458740234,67.62000274658203,38.70802307128906,33.230926513671875,100.89237976074219,89.53763580322266,65.37623596191406,32.77402114868164,28.458843231201172,122.18739318847656,81.99423217773438
2023-11-16,37.99796676635742,67.92045593261719,37.95307922363281,33.36504364013672,100.91162872314453,89.98465728759766,64.56890106201172,32.76492691040039,28.61083221435547,122.71256256103516,81.15351104736328
2023-11-17,38.0691032409668,67.91075134277344,38.74920654296875,33.537471771240234,101.55590057373047,89.79800415039062,64.48536682128906,32.7285270690918,28.689128875732422,122.46430206298828,81.69605255126953
2023-11-20,38.13551330566406,68.6764144897461,38.80411148071289,33.67157745361328,101.86360931396484,91.09976196289062,64.43896484375,32.98329544067383,28.601621627807617,123.2091293334961,82.11640930175781
2023-11-21,38.28253173828125,68.44380950927734,38.71718215942383,33.65243148803711,101.78668975830078,90.36290740966797,64.63385772705078,32.81951141357422,28.661495208740234,123.95391845703125,81.90624237060547
2023-11-22,38.30624008178711,69.00593566894531,38.698875427246094,33.786537170410156,102.00786590576172,90.76573181152344,65.09783935546875,32.91960906982422,28.79966926574707,124.54592895507812,82.155517578125
2023-11-24,38.47222900390625,68.77332305908203,38.8590202331543,33.89191436767578,102.25787353515625,90.5888671875,65.33910369873047,33.04698944091797,28.873361587524414,125.21435546875,82.23373413085938
2023-11-27,38.4248046875,68.3469009399414,38.72175216674805,33.77695846557617,101.68091583251953,90.58396911621094,65.15350341796875,33.16527557373047,28.919418334960938,124.43138885498047,82.3656997680664
2023-11-28,38.50069046020508,68.51165771484375,38.73090744018555,33.767372131347656,101.44052124023438,90.75591278076172,65.45046997070312,33.34725570678711,29.011531829833984,123.79161071777344,82.83979797363281
2023-11-29,38.69987869262695,68.01737976074219,38.44265365600586,34.00686264038086,101.82515716552734,90.82469177246094,64.9215087890625,33.602012634277344,28.78125,123.82978057861328,82.6149673461914
2023-11-30,39.08403396606445,67.62000274658203,38.698875427246094,34.39004135131836,102.94064331054688,90.95730590820312,65.57111358642578,33.87498474121094,28.90559959411621,125.38623046875,82.49766540527344
2023-12-01,39.52983474731445,67.75569152832031,38.90019989013672,34.648677825927734,104.56575775146484,91.16362762451172,65.84021759033203,34.58469009399414,29.26024055480957,125.88279724121094,83.62677001953125
2023-12-04,39.06980514526367,67.07725524902344,38.72175216674805,34.6103630065918,104.73882293701172,90.0534439086914,65.92373657226562,34.77576446533203,29.145095825195312,126.12150573730469,83.30906677246094
2023-12-05,38.53389358520508,66.76712036132812,38.04460144042969,34.437931060791016,103.89261627197266,90.59379577636719,65.4040756225586,34.630191802978516,28.937841415405273,125.95918273925781,83.45568084716797
2023-12-06,38.45326232910156,66.59266662597656,37.47724914550781,34.26551055908203,104.35419464111328,89.82747650146484,65.23703002929688,34.51190185546875,29.324722290039062,126.05467987060547,83.57788848876953
2023-12-07,38.714107513427734,67.9883041381836,37.22101593017578,34.428348541259766,104.45035552978516,90.91800689697266,65.51541900634766,34.557395935058594,29.26024055480957,125.90191650390625,84.2670669555664
2023-12-08,38.856388092041016,68.3081283569336,37.6236572265625,34.6103630065918,104.77729797363281,91.69417572021484,65.06072235107422,34.48460388183594,29.204971313476562,126.11199188232422,84.65322875976562
2023-12-11,39.131465911865234,67.78475952148438,37.66940689086914,34.82111740112305,105.7773666381836,92.494873046875,65.68246459960938,34.60289001464844,29.393808364868164,126.94273376464844,84.87806701660156
2023-12-12,39.359107971191406,68.06583404541016,37.15238952636719,35.07017135620117,106.2581787109375,93.10892486572266,65.89590454101562,34.59379196166992,29.274063110351562,127.48700714111328,85.14199829101562
2023-12-13,39.838111877441406,68.70549011230469,37.66940689086914,35.63536834716797,107.44097137451172,93.92928314208984,67.09300231933594,35.849430084228516,30.379440307617188,129.8360595703125,86.25643920898438
2023-12-14,40.497344970703125,69.00593566894531,38.77665710449219,35.989803314208984,108.82569122314453,93.69840240478516,66.10932159423828,36.841209411621094,29.98334312438965,129.20579528808594,87.41487121582031
2023-12-15,40.393001556396484,68.83148193359375,38.570770263671875,35.779048919677734,108.68144226074219,94.16999816894531,66.10932159423828,36.39535903930664,29.4628963470459,128.10768127441406,87.59573364257812
2023-12-18,40.455562591552734,69.68062591552734,38.885807037353516,35.8984260559082,108.6766128540039,94.45160675048828,66.79751586914062,36.29513168334961,29.396411895751953,128.31675720214844,88.13926696777344
2023-12-19,40.82807540893555,70.3898696899414,39.352359771728516,36.16797637939453,109.51778411865234,94.81100463867188,66.92840576171875,36.54340744018555,29.56378173828125,129.18002319335938,88.82968139648438
2023-12-20,40.20245361328125,69.84580993652344,38.98743438720703,35.522972106933594,107.74842071533203,93.37834930419922,65.62874603271484,36.08363723754883,28.96404457092285,127.30965423583984,87.2088851928711
2023-12-21,40.62749099731445,70.53560638427734,39.139869689941406,35.869537353515625,108.86031341552734,94.427001953125,66.08690643310547,36.3870849609375,29.015182495117188,128.86351013183594,88.53588104248047
2023-12-22,40.88060760498047,70.54531860351562,39.25535583496094,35.946556091308594,109.38243103027344,94.55007934570312,66.59181213378906,36.534210205078125,29.112815856933594,129.5061798095703,87.88463592529297
2023-12-26,41.07164001464844,70.8173599243164,39.592567443847656,36.09096145629883,110.15594482421875,94.94393157958984,66.87229919433594,36.8008918762207,29.28948211669922,129.7938995361328,88.25678253173828
2023-12-27,41.17192840576172,70.82707977294922,39.41703414916992,36.206485748291016,110.32029724121094,94.93900299072266,67.18085479736328,37.012386322021484,29.270885467529297,130.3406219482422,88.56036376953125
2023-12-28,41.01432418823242,71.02139282226562,38.81651306152344,36.3123779296875,110.34931182861328,95.05224609375,67.20891571044922,37.24228286743164,29.480093002319336,130.67633056640625,88.1000747680664
2023-12-29,40.851951599121094,70.59391021728516,38.72874450683594,36.19684982299805,110.21392822265625,94.76176452636719,67.34916687011719,36.83766555786133,29.442903518676758,130.81060791015625,87.55656433105469
2024-01-02,40.78032302856445,70.19556427001953,39.14448928833008,36.350887298583984,109.1020278930664,92.28047943115234,68.10652923583984,37.17790985107422,29.870624542236328,133.11260986328125,86.74370574951172
2024-01-03,40.3409423828125,69.93324279785156,39.78196716308594,36.042823791503906,107.47769165039062,91.34014892578125,67.57355499267578,36.29513168334961,29.982200622558594,132.89199829101562,84.99073028564453
2024-01-04,40.21199417114258,69.70005798339844,39.08443832397461,36.18722915649414,107.61305236816406,90.67057800292969,67.48004913330078,36.20317077636719,29.889217376708984,133.55381774902344,84.3933334350586
2024-01-05,40.27886199951172,69.99153137207031,39.11677169799805,36.34125900268555,107.7387466430664,90.64598083496094,67.3304672241211,36.129615783691406,30.000797271728516,133.438720703125,84.52554321289062
2024-01-08,40.450782775878906,71.07969665527344,38.6640739440918,36.57229995727539,108.44457244873047,92.92049407958984,67.82601165771484,36.62617492675781,30.219310760498047,134.6184844970703,85.96515655517578
2024-01-09,39.9875373840332,70.9339599609375,38.04508590698242,36.34125900268555,108.10614776611328,93.06818389892578,68.00367736816406,36.36869812011719,29.9729061126709,134.59930419921875,85.64688110351562
2024-01-10,39.935001373291016,71.5946044921875,37.67091369628906,36.39902114868164,108.65726470947266,93.8608169555664,67.86343383789062,36.423866271972656,29.968250274658203,135.21315002441406,86.3323974609375
2024-01-11,39.81561279296875,71.36143493652344,37.767921447753906,36.26423645019531,108.40589141845703,94.33836364746094,67.85407257080078,36.08363723754883,29.270885467529297,135.11724853515625,86.21977996826172
2024-01-12,39.85380935668945,71.71119689941406,38.192901611328125,36.19684982299805,108.3962173461914,94.64360809326172,68.06912231445312,36.359500885009766,29.43825340270996,134.7815399169922,85.18169403076172
2024-01-16,39.39533996582031,71.30315399169922,37.28288269042969,35.946556091308594,107.30365753173828,94.87993621826172,67.69512939453125,36.1388053894043,29.117464065551758,133.97584533691406,85.08375549316406
2024-01-17,39.10879135131836,70.86593627929688,36.973388671875,35.87916946411133,106.57850646972656,94.41221618652344,67.64836120605469,35.47671890258789,28.694393157958984,133.70729064941406,84.33946990966797
2024-01-18,39.23296356201172,71.73064422607422,36.9133415222168,35.93693161010742,108.01914978027344,96.32733154296875,67.564208984375,35.246826171875,28.387554168701172,133.68809509277344,84.81935119628906
2024-01-19,39.27117156982422,72.70219421386719,37.0334358215332,36.5145378112793,108.72496032714844,98.54771423339844,67.36785888671875,35.58706283569336,28.350360870361328,133.7648468017578,85.63706970214844
2024-01-22,39.38578796386719,72.84793853759766,37.172019958496094,36.68782424926758,109.56613159179688,98.98094177246094,67.04060363769531,35.752593994140625,28.206233978271484,134.3499298095703,85.26004028320312
2024-01-23,39.514732360839844,73.56688690185547,37.250553131103516,36.745582580566406,109.47911834716797,99.3797378540039,67.76992797851562,35.559478759765625,28.257373809814453,134.2540283203125,85.05438995361328
2024-01-24,38.97985076904297,74.02352905273438,37.781768798828125,36.889984130859375,108.80230712890625,100.06407165527344,66.93775939941406,35.07210922241211,27.871501922607422,133.02626037597656,84.731201171875
2024-01-25,39.39056396484375,75.22827911376953,38.63174057006836,37.07289505004883,109.84652709960938,100.48253631591797,67.58291625976562,35.5502815246582,28.37360191345215,132.8248291015625,83.68331909179688
2024-01-26,39.4048957824707,75.47116088867188,38.91814041137695,37.207672119140625,109.67249298095703,99.32556915283203,67.91015625,35.39395523071289,28.457292556762695,133.5825958251953,84.06525421142578
2024-01-29,39.60070037841797,76.10267639160156,38.862701416015625,37.30393981933594,110.38796997070312,100.23636627197266,68.3028793334961,35.651432037353516,28.63860321044922,134.52256774902344,85.29431915283203
2024-01-30,39.78217697143555,75.5877456665039,39.26459503173828,37.775665283203125,110.42666625976562,99.40927124023438,68.68624877929688,35.32038879394531,28.629310607910156,134.8295135498047,85.2453384399414
2024-01-31,39.26161575317383,73.72234344482422,38.53010940551758,37.31357192993164,109.15037536621094,97.32182312011719,68.18133544921875,35.06291198730469,28.568870544433594,134.64724731445312,83.69312286376953
2024-02-01,39.91590118408203,74.48017883300781,38.52549362182617,37.371334075927734,111.00678253173828,98.54771423339844,69.57450103759766,35.679019927978516,29.112815856933594,136.3929443359375,85.30411529541016
2024-02-02,39.681888580322266,77.47257995605469,38.58092498779297,37.52535629272461,111.75128936767578,99.56681823730469,69.35009765625,35.22844314575195,28.587465286254883,136.19151306152344,86.82695007324219
2024-02-05,38.67420196533203,76.38443756103516,38.48392105102539,37.30393981933594,111.14212799072266,99.79328155517578,68.91997528076172,34.529571533203125,27.99237632751465,136.613525390625,85.6028060913086
2024-02-06,39.35713577270508,76.15125274658203,38.60865020751953,37.380958557128906,112.13803100585938,99.33541870117188,69.07893371582031,35.053714752197266,28.09465980529785,138.1002655029297,86.12184143066406
2024-02-07,39.672340393066406,76.53988647460938,38.687171936035156,37.660125732421875,112.88252258300781,100.64990234375,69.01348114013672,35.03532409667969,28.113250732421875,138.4743194580078,87.08649444580078
2024-02-08,39.61980056762695,76.83134460449219,39.08443832397461,37.51573181152344,112.90185546875,100.96499633789062,68.99478149414062,35.22844314575195,27.913345336914062,138.23452758789062,87.46842193603516
2024-02-09,39.70576095581055,76.9188003540039,38.48392105102539,37.62163162231445,113.07588958740234,102.32379913330078,68.35897827148438,35.32038879394531,28.02027130126953,138.12901306152344,88.09028625488281
2024-02-12,40.02096939086914,77.16168212890625,38.90890884399414,37.79490661621094,113.24024963378906,101.54594421386719,68.84518432617188,35.210044860839844,28.345706939697266,138.31124877929688,88.0168228149414
2024-02-13,39.45743179321289,76.07353210449219,38.516258239746094,37.28468322753906,112.08000183105469,99.82282257080078,68.10652923583984,34.56635284423828,27.876148223876953,137.02598571777344,86.26383209228516
2024-02-14,39.71054458618164,77.28799438476562,38.479305267333984,37.64087677001953,113.95574951171875,100.86653900146484,67.97561645507812,34.79623794555664,28.02956771850586,138.21534729003906,87.17462158203125
2024-02-15,40.4603385925293,77.91950225830078,39.55099868774414,38.285865783691406,114.80658721923828,100.65483093261719,68.41506958007812,35.6330451965332,28.49913215637207,139.2224578857422,88.1833267211914
2024-02-16,40.67524719238281,76.70503997802734,39.527896881103516,38.151100158691406,114.12010192871094,99.72927856445312,68.51792907714844,35.26521682739258,28.46658706665039,139.67327880859375,87.65939331054688
2024-02-20,40.58928298950195,76.58846282958984,39.1675910949707,38.04520797729492,113.76236724853516,98.71509552001953,69.2378921508789,35.210044860839844,28.44799041748047,139.20330810546875,86.83186340332031
2024-02-21,40.813743591308594,76.50101470947266,39.90206527709961,38.16072463989258,114.216796875,98.09477233886719,69.4903564453125,35.467525482177734,28.824569702148438,139.51022338867188,87.47332000732422
2024-02-22,41.224464416503906,77.6474609375,39.97135925292969,38.603553771972656,115.62842559814453,101.3046875,69.70540618896484,35.559478759765625,28.601409912109375,141.150390625,89.17244720458984
2024-02-23,41.4680290222168,77.45316314697266,39.70805740356445,38.79609680175781,116.23756408691406,101.06838989257812,69.92045593261719,35.6054573059082,28.80597496032715,141.82176208496094,88.77090454101562
2024-02-26,41.21968460083008,76.32614135742188,39.84663772583008,38.603553771972656,116.06352996826172,101.1668472290039,69.63995361328125,35.20084762573242,28.238780975341797,141.09283447265625,89.04512786865234
2024-02-27,41.37250518798828,76.94792938232422,39.675716400146484,38.70945358276367,116.23756408691406,101.25546264648438,69.64929962158203,35.22844314575195,28.773427963256836,140.74752807617188,89.33893585205078
2024-02-28,41.50145721435547,76.42329406738281,39.59718322753906,38.85386657714844,116.63398742675781,100.77793884277344,69.7240982055664,35.679019927978516,28.861764907836914,140.04734802246094,89.69148254394531
2024-02-29,41.816654205322266,77.1033935546875,39.79119873046875,38.8346061706543,116.99172973632812,101.90042114257812,69.61189270019531,35.96408462524414,28.871061325073242,138.90594482421875,90.29866027832031
2024-03-01,42.00768280029297,77.74461364746094,40.25313949584961,38.78647994995117,117.49449920654297,103.7613754272461,69.62126159667969,36.359500885009766,28.694393157958984,140.36387634277344,90.59736633300781
2024-03-04,42.31333541870117,76.7244873046875,39.82353591918945,38.88274383544922,117.91991424560547,103.7613754272461,69.6773452758789,36.7733039855957,29.177898406982422,140.15284729003906,89.37321472167969
2024-03-05,42.08887481689453,76.10267639160156,40.11917495727539,38.892364501953125,116.95304870605469,101.2111587524414,69.84564971923828,36.3043212890625,29.094221115112305,139.1073760986328,88.26166534423828
2024-03-06,42.3993034362793,76.20954895019531,40.243896484375,39.09453201293945,117.56217956542969,102.0136489868164,70.43470764160156,36.506622314453125,29.3731689453125,140.0569610595703,87.94827270507812
2024-03-07,42.91986846923828,77.44344329833984,40.58573913574219,39.036766052246094,118.50970458984375,103.62352752685547,70.83676147460938,36.506622314453125,29.56378173828125,140.7091522216797,88.6191177368164
2024-03-08,42.671512603759766,77.32684326171875,40.72893142700195,39.104164123535156,118.2486572265625,102.08257293701172,70.2757568359375,36.93882369995117,29.638168334960938,140.4501953125,88.29104614257812
2024-03-11,43.15387725830078,77.18111419677734,41.149295806884766,39.17154312133789,117.63954162597656,101.80194854736328,70.65912628173828,36.75490951538086,29.786935806274414,140.37344360351562,88.0511245727539
2024-03-12,43.14910125732422,77.86121368408203,41.084617614746094,39.3351936340332,118.16163635253906,103.88939666748047,71.02378845214844,36.66294860839844,29.498693466186523,141.02569580078125,88.81009674072266
2024-03-13,43.57414245605469,77.9972152709961,41.740570068359375,39.624000549316406,118.48070526123047,102.76688385009766,71.20143127441406,36.43306350708008,29.698604583740234,140.4789581298828,88.6240234375
2024-03-14,43.34490203857422,77.81262969970703,42.170169830322266,39.30631637573242,117.9779281616211,102.7865982055664,70.64977264404297,35.91810989379883,29.46150016784668,139.9801788330078,88.0609130859375
2024-03-15,43.364009857177734,77.0353775024414,42.29489517211914,39.26781463623047,117.99727630615234,101.23577117919922,70.62171936035156,35.89971923828125,29.503341674804688,139.4239044189453,87.18441772460938
2024-03-18,43.443092346191406,78.61746215820312,42.44111251831055,39.49296188354492,118.20677185058594,101.73335266113281,71.07571411132812,35.89415740966797,29.639280319213867,139.40753173828125,87.85033416748047
2024-03-19,43.44788360595703,78.58824920654297,42.925411224365234,39.686222076416016,119.22511291503906,102.26100158691406,71.3394546508789,35.89415740966797,29.901782989501953,140.33163452148438,88.6109619140625
2024-03-20,43.884037017822266,79.51374053955078,42.86487579345703,40.15971374511719,120.66053009033203,103.40508270263672,71.55607604980469,36.04229736328125,29.93928337097168,140.0139923095703,89.93101501464844
2024-03-21,44.06617736816406,79.54295349121094,43.12099075317383,40.48825454711914,121.85344696044922,103.47904968261719,71.59375762939453,36.18116760253906,29.89240837097168,140.19688415527344,90.45610046386719
2024-03-22,43.79297637939453,79.70857238769531,43.027862548828125,40.0244255065918,121.4364013671875,103.51356506347656,71.24524688720703,35.75528335571289,29.934595108032227,140.0043487548828,89.66602325439453
2024-03-25,43.80735778808594,79.435791015625,43.42833709716797,39.869815826416016,120.65082550048828,102.82810974121094,71.04744720458984,35.61640930175781,30.075223922729492,139.8118438720703,89.37158203125
2024-03-26,43.7738037109375,79.27018737792969,43.093055725097656,40.005104064941406,120.21436309814453,102.40400695800781,71.08513641357422,35.468284606933594,29.7330322265625,140.322021484375,89.4844741821289
2024-03-27,44.40167236328125,79.67935180664062,43.49352264404297,40.47858810424805,122.1444091796875,102.9267349243164,71.82923126220703,36.366329193115234,30.56272315979004,142.1895294189453,90.5198974609375
2024-03-28,44.52150344848633,79.55270385742188,43.96385955810547,40.70084762573242,122.16380310058594,102.70482635498047,71.92341613769531,36.5977783203125,30.773662567138672,142.20877075195312,90.24018096923828
2024-04-01,44.41604995727539,80.16644287109375,44.289817810058594,40.47858810424805,121.22303771972656,102.99082946777344,71.34886169433594,35.95896911621094,30.586164474487305,140.995849609375,89.56788635253906
2024-04-02,44.25309753417969,80.03980255126953,44.9091682434082,40.26600646972656,120.66053009033203,101.99964141845703,70.9815444946289,35.56086349487305,30.637723922729492,138.8010711669922,88.2478256225586
2024-04-03,44.51670837402344,80.67301177978516,45.21650314331055,40.24668884277344,121.2812271118164,102.27085876464844,70.19974517822266,35.579376220703125,30.515850067138672,138.6470489501953,88.3116226196289
2024-04-04,44.06617736816406,79.5819320678711,45.18856430053711,39.792518615722656,120.21436309814453,100.65338897705078,69.89834594726562,35.301631927490234,30.454910278320312,136.64479064941406,87.27618408203125
2024-04-05,44.46398162841797,80.3905029296875,45.6728630065918,40.16937255859375,121.88253021240234,101.80731201171875,70.01136779785156,35.5330924987793,30.543975830078125,137.86732482910156,87.76200866699219
2024-04-08,44.49753952026367,80.40023803710938,45.384151458740234,40.34330749511719,121.6691665649414,101.68898010253906,69.90775299072266,35.83861541748047,30.745532989501953,137.4245147705078,88.59624481201172
2024-04-09,44.60297775268555,80.48792266845703,45.398109436035156,40.111392974853516,121.38790893554688,102.20182800292969,70.24684143066406,36.292266845703125,30.91428565979004,137.91546630859375,89.01335906982422
2024-04-10,43.90800857543945,79.85470581054688,45.537818908691406,39.51228332519531,120.35015869140625,100.94927215576172,69.9925308227539,34.801692962646484,30.38459587097168,136.29824829101562,87.63932037353516
2024-04-11,43.874454498291016,80.55611419677734,45.50522232055664,39.2320556640625,120.48594665527344,102.96617889404297,69.8229751586914,34.83872604370117,30.323659896850586,135.73992919921875,88.3459701538086
2024-04-12,43.097999572753906,79.23121643066406,44.764801025390625,38.71025085449219,119.19603729248047,101.29939270019531,69.11656188964844,34.47765350341797,30.09396743774414,133.71839904785156,86.91304016113281
2024-04-15,42.891902923583984,78.2278060913086,44.34571075439453,38.51699447631836,118.3425521850586,99.37618255615234,68.83399200439453,33.8758659362793,29.817405700683594,133.4488525390625,85.46538543701172
2024-04-16,42.56119155883789,77.96475219726562,43.959197998046875,38.25608825683594,118.07098388671875,99.49452209472656,68.86225128173828,33.35740661621094,29.423654556274414,133.49697875976562,84.97955322265625
2024-04-17,42.657047271728516,77.8965835571289,43.83346939086914,38.352718353271484,117.4599838256836,98.05950927734375,69.11656188964844,33.07965850830078,30.037721633911133,133.26596069335938,84.56735229492188
2024-04-18,42.67142868041992,78.27650451660156,43.69841384887695,38.488006591796875,117.05262756347656,96.94009399414062,69.43681335449219,33.08892059326172,30.20647430419922,133.25634765625,84.04227447509766
2024-04-19,42.63787841796875,77.4192123413086,44.224632263183594,39.019474029541016,116.8392562866211,94.9428939819336,70.11497497558594,33.21853256225586,30.670534133911133,133.7568817138672,83.3061752319336
2024-04-22,42.68101501464844,77.52637481689453,44.513343811035156,39.49296188354492,117.7218246459961,95.79109191894531,70.7837142944336,33.48701858520508,30.9517879486084,134.26708984375,83.67422485351562
2024-04-23,42.31195831298828,78.70514678955078,44.76015090942383,39.744205474853516,119.36091613769531,97.21131896972656,70.9815444946289,33.792537689208984,31.09709930419922,136.01907348632812,84.67040252685547
2024-04-24,42.34071731567383,78.75384521484375,44.792747497558594,39.734535217285156,118.41043853759766,97.65513610839844,71.5184097290039,33.92216110229492,31.284610748291016,135.59552001953125,85.48011016845703
2024-04-25,42.642669677734375,75.94818115234375,44.99763870239258,39.502628326416016,118.76929473876953,97.4430923461914,71.34886169433594,33.72774124145508,31.368982315063477,134.69064331054688,85.55371856689453
2024-04-26,42.906288146972656,78.04269409179688,44.583194732666016,39.44464874267578,118.9632568359375,98.54277038574219,71.19815826416016,33.75550842285156,31.026792526245117,134.7291717529297,86.32415771484375
2024-04-29,43.26575469970703,77.13668823242188,44.88588333129883,39.38666915893555,119.75853729248047,98.96687316894531,71.4242172241211,34.13509750366211,31.448667526245117,135.18162536621094,88.33126068115234
2024-04-30,42.479713439941406,75.85075378417969,43.549407958984375,39.00014877319336,117.85759735107422,96.78721618652344,71.11337280273438,33.505531311035156,31.284610748291016,135.08534240722656,86.18184661865234
2024-05-01,42.700191497802734,76.55216979980469,42.855560302734375,39.00014877319336,117.56665802001953,95.79602813720703,70.6612777709961,33.524051666259766,31.64554786682129,135.32598876953125,85.64205169677734
2024-05-02,42.479713439941406,77.3218002319336,43.10236740112305,39.09677505493164,118.24555969238281,97.17680358886719,71.25466918945312,34.0054817199707,31.814302444458008,135.22972106933594,86.72164916992188
2024-05-03,42.911075592041016,78.1401138305664,43.107025146484375,39.18374252319336,119.0699462890625,99.88411712646484,71.4713134765625,34.27397155761719,32.06742477416992,135.566650390625,87.30562591552734
2024-05-06,43.16989517211914,79.20198822021484,43.446964263916016,39.686222076416016,120.2725830078125,101.05775451660156,71.50897979736328,34.28322982788086,32.23149108886719,136.11534118652344,88.23800659179688
2024-05-07,43.6827392578125,79.28966522216797,43.40504837036133,39.821510314941406,120.60232543945312,100.72735595703125,72.29076385498047,34.6442985534668,32.59711456298828,137.2416229248047,87.60496520996094
2024-05-08,43.48143768310547,79.16301727294922,43.353824615478516,39.966453552246094,120.60232543945312,101.01338195800781,72.0741195678711,34.32026290893555,32.93930435180664,136.76995849609375,87.27618408203125
2024-05-09,43.96552276611328,79.56243896484375,43.9359130859375,40.26600646972656,121.80494689941406,100.98379516601562,72.69579315185547,35.13499069213867,33.44087219238281,137.9443359375,87.86995697021484
2024-05-10,44.01824188232422,79.67935180664062,43.69377136230469,40.42061996459961,121.8922348022461,101.35855865478516,73.11022186279297,35.00537109375,33.408058166503906,138.2234649658203,87.39886474609375
2024-05-13,43.98948669433594,79.53321075439453,43.57735061645508,40.256343841552734,121.37821960449219,101.83690643310547,72.90299987792969,35.09795379638672,33.408058166503906,138.08871459960938,87.2859878540039
2024-05-14,44.032630920410156,79.89366149902344,43.63322448730469,40.45926284790039,121.34911346435547,102.73933410644531,72.76171112060547,35.347930908203125,33.49712371826172,138.67591857910156,87.68346405029297
2024-05-15,44.10931396484375,80.40023803710938,43.73102951049805,40.75882339477539,122.1444091796875,105.05213165283203,72.80880737304688,35.949710845947266,33.998687744140625,140.73593139648438,87.81597900390625
2024-05-16,43.79297637939453,80.34180450439453,43.60994338989258,40.75882339477539,121.4170150756836,104.68720245361328,73.84490966796875,35.8848991394043,33.881500244140625,140.5723114013672,87.24674224853516
2024-05-17,44.16682434082031,80.47817993164062,44.219970703125,41.05837631225586,121.55279541015625,104.45545196533203,73.66593933105469,35.8848991394043,33.90962600708008,140.84182739257812,87.69330596923828
2024-05-20,44.22913360595703,80.71199035644531,43.93125534057617,40.497920989990234,121.78555297851562,105.68334197998047,73.15731048583984,35.6627082824707,33.85337448120117,140.54345703125,87.04063415527344
2024-05-21,44.22913360595703,80.60482788085938,43.717044830322266,40.75882339477539,121.38790893554688,105.85594940185547,73.59058380126953,35.63492965698242,34.15806198120117,140.7840576171875,87.60006713867188
2024-05-22,43.797767639160156,80.7022476196289,42.878841400146484,40.52690887451172,121.53338623046875,106.09263610839844,73.29859161376953,35.32940673828125,33.75493621826172,141.0343780517578,86.68730163574219
2024-05-23,43.409542083740234,79.78650665283203,42.4876823425293,39.966453552246094,120.09800720214844,105.22965240478516,72.43205261230469,34.579490661621094,33.18305587768555,139.49417114257812,85.2838134765625
2024-05-24,43.788185119628906,80.80939483642578,42.548221588134766,40.20802688598633,120.70901489257812,106.11730194091797,72.62043762207031,34.579490661621094,33.515865325927734,139.0224609375,86.14260864257812
2024-05-28,43.62042999267578,80.94578552246094,42.98594284057617,39.76353073120117,119.23481750488281,106.56605529785156,72.05529022216797,34.37580871582031,33.483055114746094,137.33790588378906,85.93157958984375
2024-05-29,42.997344970703125,80.51715850830078,42.226905822753906,39.44464874267578,117.54724884033203,105.89046478271484,71.5372314453125,34.05177688598633,33.05180740356445,136.26934814453125,85.36724090576172
2024-05-30,43.347232818603516,80.25411987304688,42.34798049926758,39.657230377197266,118.35224151611328,103.47410583496094,71.72563171386719,34.54246139526367,33.49712371826172,136.3367462158203,85.8727035522461
2024-05-31,43.86965560913086,81.11141204833984,43.400394439697266,40.23701477050781,119.78763580322266,103.6368637084961,72.84647369384766,35.227569580078125,34.08775329589844,138.32937622070312,86.3536148071289
2024-06-03,43.61084747314453,81.43287658691406,42.264163970947266,39.98577880859375,118.3231430053711,103.89820098876953,72.8182144165039,35.08869171142578,33.69868469238281,139.30165100097656,86.31434631347656
2024-06-04,43.12675476074219,81.74463653564453,41.85902786254883,39.80217742919922,118.03218841552734,104.11518859863281,73.44929504394531,35.42198944091797,33.68461990356445,139.70594787597656,86.4026870727539
2024-06-05,43.423919677734375,82.73831939697266,41.854373931884766,39.91813659667969,119.22511291503906,106.42797088623047,73.2891845703125,35.375701904296875,33.492435455322266,140.34127807617188,86.90814208984375
2024-06-06,43.47184753417969,82.78703308105469,42.07323455810547,39.89881134033203,118.51712036132812,106.07291412353516,73.51522827148438,35.43125534057617,33.14555740356445,140.8033447265625,87.5411605834961
2024-06-07,43.03569412231445,82.22198486328125,41.90559387207031,40.0824089050293,118.64321899414062,106.3194808959961,73.14788818359375,35.153507232666016,32.78461456298828,140.9573516845703,87.18293762207031
2024-06-10,42.9925537109375,82.42657470703125,42.22224807739258,39.92780303955078,119.01175689697266,106.5907211303711,73.09136199951172,35.32940673828125,33.20649337768555,141.4771728515625,87.46266174316406
2024-06-11,42.978172302246094,82.58243560791016,42.138427734375,39.47364044189453,118.33284759521484,108.57310485839844,73.05369567871094,35.21831512451172,33.00492858886719,140.8899688720703,87.23200225830078
2024-06-12,43.05965805053711,82.40707397460938,41.686729431152344,39.43498611450195,119.45787811279297,110.97465515136719,72.25308227539062,35.468284606933594,32.789306640625,140.591552734375,88.13985443115234
2024-06-13,43.0452766418457,81.69593048095703,41.30488204956055,39.4059944152832,118.69168090820312,111.85244750976562,72.34727478027344,35.64419174194336,32.86430358886719,140.47604370117188,88.20855712890625
2024-06-14,42.64746856689453,81.95894622802734,40.99753952026367,39.280372619628906,117.49877166748047,112.2716064453125,72.47913360595703,35.671966552734375,32.78461456298828,140.4279022216797,87.5117416381836
2024-06-17,42.963802337646484,82.34862518310547,41.104644775390625,39.628238677978516,118.79837799072266,113.97291564941406,73.1667251586914,35.48680114746094,32.42367172241211,140.2835235595703,89.04771423339844
2024-06-18,42.91586685180664,81.86152648925781,41.27693557739258,39.879486083984375,119.43849182128906,114.11592102050781,73.26091766357422,35.625667572021484,32.437740325927734,140.46641540527344,88.74835205078125
2024-06-20,42.95901107788086,82.21224975585938,42.035980224609375,40.092071533203125,119.51608276367188,112.83377838134766,73.10079193115234,35.5330924987793,32.71898651123047,140.92848205566406,88.86123657226562
2024-06-21,42.963802337646484,82.748046875,41.7938346862793,39.937461853027344,119.263916015625,112.63652038574219,73.15731048583984,35.625667572021484,32.52680206298828,141.32313537597656,89.61205291748047
2024-06-24,43.24070739746094,83.02545166015625,42.84765625,40.34783172607422,119.77094268798828,109.87507629394531,73.9374008178711,35.86602783203125,32.954444885253906,142.1475067138672,89.22943878173828
2024-06-25,42.69170379638672,83.95338439941406,42.946231842041016,40.04709243774414,118.74909210205078,111.89057922363281,73.46289825439453,35.36100387573242,32.642574310302734,141.70294189453125,88.87044525146484
2024-06-26,42.662811279296875,83.96315002441406,42.52376174926758,39.79485321044922,118.42793273925781,111.76214599609375,73.31105041503906,35.31424331665039,32.50553512573242,141.20042419433594,90.1589126586914
2024-06-27,42.54241943359375,84.44178009033203,42.62234878540039,39.74634552001953,118.55445861816406,111.81649017333984,72.99787139892578,35.63221740722656,32.56224060058594,140.96849060058594,90.70970916748047
2024-06-28,42.52796936035156,83.67012786865234,42.78664016723633,39.88216781616211,118.60311889648438,111.7572021484375,72.67522430419922,35.92213821411133,32.19839859008789,140.85252380371094,89.7015609741211
2024-07-01,41.87302780151367,83.3184814453125,42.81010437011719,39.969478607177734,117.32823181152344,112.60194396972656,72.1627426147461,35.57610321044922,31.976301193237305,140.06008911132812,90.0064697265625
2024-07-02,41.9500846862793,84.06082916259766,42.777244567871094,40.43514633178711,117.97054290771484,113.16510772705078,72.66573333740234,35.725738525390625,32.14168167114258,139.54788208007812,91.75723266601562
2024-07-03,42.26311111450195,84.09012603759766,42.96501541137695,40.309024810791016,118.39875030517578,114.6915512084961,72.54235076904297,35.688331604003906,32.335426330566406,138.48484802246094,92.34245300292969
2024-07-05,42.33052444458008,85.72134399414062,42.29375457763672,40.2993278503418,117.97054290771484,115.04229736328125,73.43441772460938,35.81925582885742,32.39213180541992,139.5575408935547,93.09486389160156
2024-07-08,42.45573806762695,84.94969940185547,42.035579681396484,40.19260787963867,118.11651611328125,115.82774353027344,73.32054901123047,35.9034309387207,32.425209045410156,139.40293884277344,93.13912963867188
2024-07-09,42.02231979370117,85.21342468261719,41.66474533081055,40.503047943115234,117.6007080078125,115.73390197753906,73.13072967529297,35.91279220581055,32.51971435546875,140.07940673828125,93.44894409179688
2024-07-10,42.58576202392578,85.75064849853516,41.94639205932617,40.658267974853516,118.65177154541016,117.41349029541016,73.45340728759766,36.16530227661133,32.82685852050781,141.40338134765625,94.1521987915039
2024-07-11,43.1684684753418,84.57849884033203,42.38294219970703,40.978416442871094,120.16022491455078,114.47419738769531,73.17819213867188,37.12858200073242,33.42697525024414,142.39874267578125,92.9571762084961
2024-07-12,43.58262252807617,84.30501556396484,42.49090576171875,41.11423110961914,120.8511962890625,115.49677276611328,73.50086212158203,37.39979934692383,33.672698974609375,143.287841796875,94.171875
2024-07-15,43.47186279296875,84.60783386230469,43.133995056152344,41.71571350097656,121.71733856201172,115.70425415039062,73.07380676269531,37.55878829956055,32.85521697998047,142.7853240966797,94.06369018554688
2024-07-16,44.31462097167969,84.83247375488281,43.32645797729492,42.19108200073242,124.75370025634766,115.31893920898438,73.77605438232422,37.91417694091797,33.11037826538086,144.8244171142578,95.7505111694336
2024-07-17,44.223121643066406,83.55290985107422,43.7583122253418,42.5112190246582,123.15766143798828,110.83344268798828,74.7250747680664,38.250858306884766,33.12928009033203,145.4815673828125,94.1521987915039
2024-07-18,43.78488540649414,83.50407409667969,43.838111877441406,41.99705123901367,122.19419860839844,110.84330749511719,74.35496520996094,37.93288040161133,33.10093307495117,142.17649841308594,93.1932373046875
2024-07-19,43.39480972290039,83.13289642333984,43.359317779541016,41.5701904296875,121.52269744873047,109.109375,74.10821533203125,37.8861198425293,33.13873291015625,142.90126037597656,92.36212158203125
2024-07-22,43.53927993774414,83.48454284667969,43.087059020996094,41.80302810668945,122.7586441040039,111.69298553466797,74.15567016601562,38.26021194458008,33.41752624511719,143.72274780273438,93.38011932373047
2024-07-23,43.712646484375,83.36732482910156,42.4017219543457,41.880638122558594,122.52508544921875,111.24838256835938,73.88994598388672,38.19474792480469,33.20960998535156,143.63575744628906,92.96210479736328
2024-07-24,43.15401840209961,81.18913269042969,42.40641403198242,41.30826187133789,119.88774108886719,106.64432525634766,73.8235092163086,37.671016693115234,33.58291244506836,144.8340606689453,89.16059112548828
2024-07-25,43.274417877197266,80.2514419555664,43.138694763183594,41.46348571777344,120.8511962890625,105.5031967163086,73.73809814453125,37.465267181396484,33.30411911010742,144.10926818847656,88.8114242553711
2024-07-26,43.982330322265625,81.75565338134766,43.274818420410156,42.113468170166016,122.91437530517578,106.8419189453125,74.48782348632812,38.09186935424805,33.63016128540039,144.92108154296875,89.80484008789062
2024-07-29,44.059383392333984,82.47846221923828,42.903987884521484,42.05526351928711,122.70026397705078,106.36769104003906,74.51628875732422,38.33503341674805,33.781375885009766,145.00804138183594,91.3047866821289
2024-07-30,43.914913177490234,82.8105697631836,43.570552825927734,42.54032897949219,123.06034088134766,103.69515991210938,74.0133056640625,38.6156005859375,33.95621109008789,145.1336669921875,90.7982406616211
2024-07-31,44.37240982055664,83.79710388183594,43.75362014770508,42.43360900878906,124.43254089355469,108.08679962158203,73.88045501708984,38.522071838378906,34.395668029785156,144.60215759277344,92.20474243164062
2024-08-01,44.19422912597656,84.13898468017578,42.59417724609375,41.83213424682617,122.1260757446289,104.05577087402344,74.5637435913086,39.12062454223633,35.014686584472656,146.0807342529297,89.9425277709961
2024-08-02,43.36109924316406,82.77149963378906,41.495765686035156,40.80379104614258,119.44007110595703,101.13130950927734,75.21857452392578,39.148677825927734,35.07139587402344,145.7908172607422,86.63282012939453
2024-08-05,42.393131256103516,80.39793395996094,40.580413818359375,39.6202278137207,117.36717224121094,97.7622299194336,73.73809814453125,38.01705551147461,34.14522933959961,141.896240234375,84.18372344970703
2024-08-06,42.60984420776367,81.34539794921875,40.82920455932617,40.2605094909668,118.7782974243164,99.0910873413086,74.25057983398438,38.858760833740234,34.4334716796875,142.55337524414062,85.11319732666016
2024-08-07,42.031951904296875,80.9156265258789,40.993492126464844,40.309024810791016,118.20410919189453,97.48560333251953,74.32648468017578,38.57819366455078,34.6272087097168,141.10379028320312,83.62800598144531
2024-08-08,42.68207931518555,82.52730560302734,41.8759765625,40.959007263183594,120.92903900146484,101.1263656616211,75.00028991699219,38.905521392822266,34.66501235961914,144.22525024414062,85.45252990722656
2024-08-09,42.64836502075195,83.23057556152344,41.96986389160156,41.133636474609375,120.9485092163086,101.58084869384766,75.11417388916016,39.10191345214844,34.78314971923828,144.94036865234375,85.73777770996094
2024-08-12,42.460548400878906,82.65428161621094,42.1764030456543,40.92021179199219,120.33539581298828,102.41075897216797,74.73457336425781,38.86811447143555,34.84457778930664,144.38954162597656,85.39844512939453
2024-08-13,42.88433837890625,83.72872924804688,41.76801300048828,41.25975799560547,121.60055541992188,105.55752563476562,75.07621002197266,39.13932418823242,35.047767639160156,146.1387176513672,87.5376968383789
2024-08-14,42.88433837890625,83.2501220703125,42.01211166381836,41.76422119140625,122.09687805175781,106.13551330566406,75.41786193847656,39.27960968017578,35.02413558959961,146.6605682373047,87.07051086425781
2024-08-15,43.56336212158203,84.00222778320312,42.51437759399414,42.152278900146484,123.74158477783203,109.18841552734375,76.196044921875,39.167381286621094,35.0194091796875,147.5786590576172,89.84909057617188
2024-08-16,43.616336822509766,84.25619506835938,42.46743392944336,42.46271896362305,123.56639862060547,109.37120819091797,76.40483856201172,39.148677825927734,35.17535400390625,147.7332763671875,90.06056213378906
2024-08-19,43.82341384887695,85.21342468261719,42.75377655029297,42.6955451965332,124.31575775146484,111.17428588867188,76.66104888916016,39.38248825073242,35.406890869140625,148.63201904296875,91.16707611083984
2024-08-20,43.66448974609375,85.15481567382812,41.62718963623047,42.559730529785156,123.97515106201172,110.78402709960938,77.0406723022461,39.419891357421875,35.331275939941406,149.23118591308594,91.08346557617188
2024-08-21,44.16533279418945,85.51622772216797,41.69760513305664,42.491825103759766,124.72449493408203,111.43610382080078,77.56262969970703,39.55082702636719,35.581729888916016,149.48245239257812,92.23424530029297
2024-08-22,44.07383346557617,84.87155151367188,41.80556869506836,42.73435974121094,124.56879425048828,108.87225341796875,77.44873809814453,39.793983459472656,35.53919982910156,149.57911682128906,90.64086151123047
2024-08-23,44.65653991699219,85.46737670898438,42.42988586425781,43.10300064086914,125.81448364257812,110.63582611083984,77.66699981689453,40.560874938964844,35.638427734375,150.22659301757812,92.39161682128906
2024-08-26,44.85398483276367,85.66273498535156,42.81010437011719,43.23882293701172,125.67823028564453,109.24768829345703,78.21742248535156,40.532814025878906,35.86997985839844,150.14927673339844,91.67361450195312
2024-08-27,44.858802795410156,85.46737670898438,42.41110610961914,43.46195983886719,125.75608825683594,109.90966796875,78.4072494506836,40.63569641113281,35.58645248413086,150.38119506835938,91.4326400756836
2024-08-28,44.66617202758789,84.9008560180664,42.13884735107422,43.56867218017578,125.69770050048828,108.39307403564453,78.07508087158203,40.49541091918945,35.58645248413086,150.55516052246094,90.54741668701172
2024-08-29,44.91177749633789,84.72503662109375,42.68805694580078,43.95672607421875,126.58332824707031,107.41496276855469,77.68599700927734,40.336421966552734,35.78019332885742,150.8740692138672,90.65560913085938
2024-08-30,45.402984619140625,85.29156494140625,42.84765625,44.37387466430664,127.93602752685547,108.84263610839844,78.30284118652344,40.72921371459961,36.04953384399414,151.91775512695312,92.02278137207031
2024-09-03,44.37240982055664,83.72872924804688,41.782100677490234,44.044036865234375,125.10405731201172,103.8433609008789,78.853271484375,40.82273864746094,35.99755859375,151.62783813476562,90.7588882446289
2024-09-04,44.18940734863281,83.32823944091797,41.20472717285156,44.09254455566406,125.23056030273438,103.57659912109375,79.22339630126953,40.916263580322266,36.30470657348633,151.36692810058594,90.99494934082031
2024-09-05,43.842674255371094,83.57244110107422,40.88552474975586,43.60747146606445,123.77078247070312,103.41853332519531,78.91970825195312,40.80403518676758,36.21492385864258,149.28916931152344,92.02769470214844
2024-09-06,43.28886413574219,81.82402801513672,40.37387466430664,42.96718978881836,122.51535034179688,100.7361068725586,78.75836944580078,40.80403518676758,35.86997985839844,148.7769775390625,89.7015609741211
2024-09-09,43.70783233642578,82.17565155029297,40.66490173339844,43.60747146606445,124.39361572265625,102.38605499267578,79.36573791503906,41.29035568237305,36.233821868896484,149.8206787109375,91.00969696044922
2024-09-10,43.72709655761719,82.15613555908203,39.96548843383789,43.16122055053711,124.60771179199219,103.91746520996094,79.34676361083984,42.019832611083984,36.40393829345703,150.5068359375,92.05228424072266
2024-09-11,43.83304214477539,82.49800109863281,39.59465408325195,42.95748519897461,124.83154296875,107.46435546875,78.60653686523438,41.90760803222656,36.51734161376953,150.0623016357422,92.971923828125
2024-09-12,44.23756408691406,84.04129791259766,39.9514045715332,43.054500579833984,125.79499816894531,108.35356140136719,79.09052276611328,41.982421875,36.59767532348633,150.6034698486328,94.0194320678711
2024-09-13,44.63727569580078,84.85202026367188,40.176719665527344,43.18061065673828,127.0699234008789,108.89695739746094,79.65044403076172,42.28169631958008,37.11273193359375,150.9127197265625,94.65873718261719
2024-09-16,45.05143356323242,85.74087524414062,40.63674545288086,43.74329376220703,127.72193908691406,108.48200988769531,79.96361541748047,42.42197799682617,37.3962516784668,151.95645141601562,94.49645233154297
2024-09-17,45.13811492919922,85.74087524414062,41.185951232910156,43.976131439208984,128.4226531982422,108.26958465576172,79.20440673828125,42.085296630859375,37.36790466308594,150.390869140625,94.97840881347656
2024-09-18,44.94548797607422,85.67249298095703,41.26575469970703,43.840309143066406,128.3155975341797,107.28158569335938,78.90071868896484,41.963714599609375,37.08438491821289,150.1396026611328,94.7915267944336
2024-09-19,45.62450408935547,86.83484649658203,41.758628845214844,44.32537078857422,130.5247344970703,110.46788787841797,78.43571472167969,41.860843658447266,36.86701583862305,150.68077087402344,96.9504623413086
2024-09-20,45.301856994628906,86.83484649658203,41.66474533081055,44.2962646484375,129.60992431640625,109.9294204711914,78.81531524658203,41.78602600097656,37.84043502807617,150.0623016357422,96.72915649414062
2024-09-23,45.69753646850586,87.02983856201172,42.1792106628418,44.24271774291992,130.47984313964844,109.90912628173828,79.27230072021484,42.248443603515625,38.21579360961914,149.76837158203125,97.90449523925781
2024-09-24,46.32154846191406,87.44132232666016,42.07508850097656,43.87273406982422,131.4171905517578,110.6613540649414,79.08149719238281,42.248443603515625,37.944618225097656,149.4676971435547,98.76197052001953
2024-09-25,46.011962890625,87.16698455810547,41.25157165527344,43.60984420776367,130.8020782470703,110.97807312011719,78.88114166259766,42.06949996948242,38.144432067871094,148.01266479492188,98.40715026855469
2024-09-26,46.96489334106445,87.6568603515625,40.4422492980957,43.83378219604492,131.45623779296875,112.44788360595703,79.06241607666016,41.65511703491211,37.882774353027344,148.5073699951172,98.8260269165039
2024-09-27,46.88267135620117,88.1859130859375,41.26577377319336,43.96036148071289,131.64170837402344,111.39873504638672,79.20551300048828,41.71162414550781,38.25860595703125,148.42979431152344,98.97386932373047
2024-09-30,46.6214599609375,88.5680160522461,41.554473876953125,44.125885009765625,132.2373046875,111.725341796875,79.18643951416016,42.06949996948242,38.42987060546875,149.39979553222656,98.74224853515625
2024-10-01,46.50536346435547,88.6365966796875,42.50104522705078,43.89220428466797,132.30564880371094,109.00347900390625,78.91930389404297,41.81522750854492,38.73910140991211,148.61410522460938,98.34308624267578
2024-10-02,46.32638168334961,88.36226654052734,42.936466217041016,43.94089126586914,132.06155395507812,109.81014251708984,78.25146484375,41.66453170776367,38.75813293457031,148.31338500976562,97.51024627685547
2024-10-03,45.81363296508789,88.05854797363281,43.693721771240234,43.70720672607422,131.38787841796875,110.26544952392578,77.46914672851562,41.25957107543945,38.743858337402344,146.9747772216797,96.3817367553711
2024-10-04,46.03614807128906,89.03828430175781,44.10074996948242,44.44718551635742,132.30564880371094,111.49275970458984,77.72673797607422,40.986446380615234,38.682010650634766,147.0911865234375,97.65807342529297
2024-10-07,45.90070343017578,87.84300231933594,44.25693130493164,43.90193557739258,131.98342895507812,110.72569274902344,76.95396423339844,40.685081481933594,37.79238510131836,146.44126892089844,96.1402587890625
2024-10-08,45.687870025634766,88.61698913574219,43.102115631103516,44.15507888793945,132.2763671875,112.7943115234375,77.3355712890625,40.80751037597656,37.81141662597656,147.23666381835938,97.07659149169922
2024-10-09,45.97809982299805,88.64639282226562,43.362422943115234,44.56402587890625,133.45774841308594,114.0562744140625,77.80306243896484,40.82634735107422,37.4879150390625,148.7401885986328,97.77143096923828
2024-10-10,46.08451461791992,87.98995971679688,43.65585708618164,44.427711486816406,132.77430725097656,114.02658081054688,77.45960998535156,40.4873046875,37.37373733520508,148.18728637695312,97.28849029541016
2024-10-11,46.384429931640625,88.59739685058594,43.92563247680664,45.28451919555664,135.14683532714844,114.22451782226562,77.88893127441406,40.90168762207031,37.701995849609375,149.27369689941406,96.8745346069336
2024-10-14,46.65047836303711,89.0088882446289,43.90670394897461,45.5668830871582,135.9571990966797,115.71414184570312,78.20376586914062,41.18422317504883,38.177734375,150.09817504882812,97.29835510253906
2024-10-15,46.60210418701172,89.20484161376953,42.491573333740234,45.66425323486328,134.91250610351562,113.17041778564453,78.69986724853516,41.702205657958984,38.348995208740234,148.26487731933594,97.51024627685547
2024-10-16,46.96489334106445,89.14604949951172,42.69508743286133,46.22896957397461,135.9571990966797,113.52178955078125,78.64262390136719,42.11659240722656,39.11017608642578,148.68197631835938,98.02276611328125
2024-10-17,47.03746032714844,88.72476196289062,42.89860153198242,46.35553741455078,135.56668090820312,113.86820983886719,78.28961944580078,41.84347152709961,38.76288604736328,147.8186798095703,97.93405151367188
2024-10-18,47.22610855102539,89.38118743896484,42.75661849975586,46.365272521972656,135.9767303466797,114.27401733398438,78.46135711669922,42.135433197021484,38.986480712890625,148.5364990234375,98.31844329833984
2024-10-21,46.86331558227539,89.02848815917969,42.62883377075195,45.995296478271484,135.498291015625,114.80850219726562,77.80306243896484,41.26898193359375,38.83424758911133,146.7904815673828,97.55461120605469
2024-10-22,46.432796478271484,89.15585327148438,42.72822570800781,45.90766525268555,133.85804748535156,114.68971252441406,78.2419204711914,41.33490753173828,38.696285247802734,146.5771026611328,97.16036224365234
2024-10-23,46.30703353881836,88.47982025146484,42.505775451660156,45.86871337890625,133.46751403808594,113.04668426513672,78.08927154541016,41.73988342285156,39.06735610961914,145.88836669921875,95.6326904296875
2024-10-24,45.7410774230957,88.7835464477539,42.50104522705078,45.90766525268555,132.5497283935547,113.37828063964844,77.98432922363281,41.834049224853516,38.815216064453125,144.92807006835938,98.64862060546875
2024-10-25,45.45083999633789,89.0088882446289,42.486846923828125,45.401363372802734,132.19822692871094,113.9671859741211,77.3355712890625,41.504432678222656,38.23957824707031,144.13265991210938,98.9590835571289
2024-10-28,45.82814407348633,89.57713317871094,42.21707534790039,45.96607971191406,132.58877563476562,113.93254852294922,77.47868347167969,41.63628005981445,38.53929138183594,144.34605407714844,99.1906967163086
2024-10-29,45.53307342529297,90.41970825195312,41.57339859008789,45.683719635009766,132.4130401611328,115.46669006347656,76.71544647216797,41.25957107543945,37.71626663208008,143.9483642578125,98.67325592041016
2024-10-30,45.77976989746094,90.9683609008789,41.668067932128906,45.88819122314453,132.1884765625,113.63067626953125,76.59140014648438,41.410255432128906,37.62587356567383,143.67674255371094,98.5352783203125
2024-10-31,45.17511749267578,90.17477416992188,41.92836380004883,45.25531768798828,130.66539001464844,109.98336029052734,76.43876647949219,40.685081481933594,38.01598358154297,142.46424865722656,97.02730560302734
2024-11-01,45.04934310913086,90.52747344970703,41.663326263427734,45.411102294921875,130.84112548828125,110.80982208251953,76.46739959716797,40.251861572265625,37.16917419433594,143.30816650390625,98.60426330566406
2024-11-04,45.24767303466797,90.2237548828125,42.392181396484375,45.06058120727539,130.69467163085938,110.72569274902344,76.67727661132812,40.70391845703125,36.72673797607422,142.3672637939453,98.26422119140625
2024-11-05,45.315391540527344,91.22309112548828,42.67616271972656,45.47925567626953,132.88169860839844,112.28457641601562,77.16383361816406,41.25957107543945,37.278594970703125,143.41485595703125,100.0038070678711
2024-11-06,45.93939971923828,93.46668243408203,44.28059387207031,48.24443054199219,138.0856475830078,115.48153686523438,75.90449523925781,40.15768051147461,36.89324951171875,143.5991668701172,103.20207977294922
2024-11-07,46.118377685546875,94.69135284423828,44.077083587646484,47.46549987792969,137.25576782226562,117.4957275390625,76.1811752319336,40.65681838989258,36.9598503112793,144.63706970214844,104.52771759033203
2024-11-08,45.69753646850586,94.23087310791016,44.370521545410156,47.8939094543457,138.7300567626953,117.3670654296875,77.10659790039062,41.35374069213867,37.668697357177734,145.6749725341797,106.01103210449219
2024-11-11,45.499210357666016,94.75994110107422,44.62136459350586,48.57546615600586,139.80404663085938,116.71876525878906,76.83946990966797,40.99586486816406,37.77335739135742,144.8213653564453,108.1498031616211
2024-11-12,44.72525405883789,95.1910171508789,44.38471984863281,48.42942428588867,138.60311889648438,116.86720275878906,76.92533874511719,40.477882385253906,37.34043884277344,142.80377197265625,106.70589447021484
2024-11-13,44.83167266845703,95.2302017211914,44.730220794677734,48.4586296081543,138.89601135253906,116.4614028930664,77.15431213378906,40.798095703125,37.273834228515625,142.42547607421875,107.61756896972656
2024-11-14,44.46403884887695,95.1224365234375,44.900604248046875,48.33205032348633,136.5527801513672,116.06550598144531,76.96349334716797,40.43080139160156,37.145389556884766,140.1847686767578,106.08988952636719
2024-11-15,44.154449462890625,93.22173309326172,44.83434295654297,48.55598831176758,135.8205108642578,113.18526458740234,76.2861099243164,40.477882385253906,37.701995849609375,137.58514404296875,105.18314361572266
2024-11-18,44.49789810180664,94.14269256591797,45.43067932128906,48.70204544067383,135.635009765625,113.55148315429688,76.82038116455078,40.83576583862305,38.030250549316406,137.68214416503906,106.15396118164062
2024-11-19,44.352783203125,94.75994110107422,45.1419792175293,48.3807373046875,135.51785278320312,114.48187255859375,76.92533874511719,41.00529098510742,38.27287292480469,136.97406005859375,106.23280334472656
2024-11-20,44.715576171875,95.36737060546875,45.59632873535156,48.23469161987305,135.66432189941406,114.38289642333984,76.53417205810547,40.93936538696289,38.29190444946289,138.59396362304688,105.76464080810547
2024-11-21,45.262184143066406,95.1224365234375,45.965492248535156,48.848087310791016,137.36317443847656,115.54586029052734,77.36418914794922,41.21247482299805,38.95793914794922,139.70945739746094,105.95191192626953
2024-11-22,45.51372528076172,94.91669464111328,46.03648376464844,49.393333435058594,139.2768096923828,115.60526275634766,78.0797348022461,41.52326583862305,38.74860763549805,139.83555603027344,107.47959899902344
2024-11-25,45.982933044433594,95.40656280517578,45.127777099609375,49.71464157104492,140.14576721191406,115.60029602050781,78.5090560913086,42.078922271728516,38.819976806640625,141.02867126464844,108.57852935791016
2024-11-26,45.639495849609375,95.75926971435547,45.066253662109375,49.812007904052734,140.31173706054688,116.1793212890625,78.83342742919922,42.28611373901367,39.43843078613281,141.78526306152344,108.97277069091797
2024-11-27,45.61531066894531,95.8866195678711,45.0189208984375,49.90936279296875,139.7942657470703,114.60558319091797,78.99563598632812,42.57806396484375,39.43843078613281,142.5418701171875,108.43561553955078
2024-11-29,45.847496032714844,96.4058837890625,45.21296691894531,49.98725509643555,140.5851287841797,115.66959381103516,79.39632415771484,42.380287170410156,39.452701568603516,142.98805236816406,109.5493392944336
2024-12-02,45.8184700012207,97.19947052001953,44.73495101928711,49.490699768066406,139.5501708984375,116.76824188232422,79.3009262084961,41.73988342285156,38.60589599609375,142.73585510253906,110.50537109375
2024-12-03,45.6733512878418,97.98326110839844,44.730220794677734,49.12070846557617,138.67147827148438,117.18890380859375,78.89068603515625,41.49501037597656,38.27287292480469,142.41578674316406,110.42160034179688
2024-12-04,45.22832489013672,98.2085952758789,43.651126861572266,48.93571472167969,139.2768096923828,119.33174896240234,78.6712417602539,41.381996154785156,38.26811981201172,142.3381805419922,111.44661712646484
2024-12-05,44.63334655761719,97.98326110839844,43.82151412963867,49.08176040649414,137.58770751953125,118.72798919677734,78.98609161376953,41.27840805053711,38.38705825805664,140.74737548828125,112.3582992553711
2024-12-06,44.45920181274414,98.8846206665039,43.078453063964844,49.0720329284668,137.23622131347656,119.18822479248047,78.59492492675781,41.22189712524414,37.91132354736328,139.9519500732422,114.7237319946289
2024-12-09,44.44953155517578,96.77819061279297,43.0074577331543,48.40020751953125,136.04507446289062,118.41126251220703,78.47090148925781,41.30665969848633,37.43558883666992,140.35935974121094,114.35906982421875
2024-12-10,43.99482345581055,98.29679107666016,42.714019775390625,48.390472412109375,135.71311950683594,116.76824188232422,78.84297943115234,40.63798522949219,37.164424896240234,139.77735900878906,114.54634094238281
2024-12-11,43.84003448486328,99.9035415649414,42.78501892089844,48.48783493041992,135.4006805419922,118.46073913574219,78.2419204711914,40.53439712524414,36.93130111694336,137.87615966796875,116.55695343017578
2024-12-12,43.5352897644043,100.08970642089844,42.43951416015625,48.27363204956055,134.53172302246094,117.79759979248047,78.47090148925781,40.50613784790039,36.91227340698242,136.78005981445312,115.59107208251953
2024-12-13,43.16282272338867,98.8944091796875,42.22654342651367,48.23469161987305,134.1802520751953,118.30239868164062,78.27054595947266,40.33662033081055,36.93606948852539,136.76065063476562,116.04937744140625
2024-12-16,42.780670166015625,99.27651977539062,41.29890060424805,48.147056579589844,134.2974090576172,119.48516082763672,77.86029815673828,40.12942886352539,36.641109466552734,135.13104248046875,117.62139892578125
2024-12-17,42.54364776611328,98.53191375732422,40.99125671386719,47.806278228759766,133.06719970703125,118.76262664794922,77.72673797607422,39.95048141479492,36.48887634277344,135.0340576171875,117.99099731445312
2024-12-18,41.33433151245117,95.7200698852539,39.7796516418457,46.37501525878906,129.30824279785156,114.93222045898438,76.54371643066406,38.387115478515625,35.62779235839844,133.20074462890625,112.6736831665039
2024-12-19,40.88930892944336,95.4555435180664,39.43415451049805,46.5405387878418,129.14227294921875,115.05593872070312,75.99990844726562,37.727874755859375,35.78954315185547,132.19195556640625,112.52092742919922
2024-12-20,41.397220611572266,95.97480010986328,39.822242736816406,47.23182678222656,130.6555938720703,116.77318572998047,76.26703643798828,38.41537857055664,36.36042785644531,133.86033630371094,112.8067398071289
2024-12-23,41.36513137817383,96.49934387207031,40.05610275268555,47.345252990722656,130.6261749267578,118.01043701171875,75.8652114868164,38.59053039550781,36.48417663574219,135.1972198486328,113.1489028930664
2024-12-24,41.588802337646484,97.41287231445312,40.394954681396484,47.9025993347168,131.6466827392578,119.22984313964844,76.36508178710938,38.84754943847656,36.685646057128906,135.7526092529297,115.76569366455078
2024-12-26,41.52558517456055,97.2851791381836,40.361549377441406,48.019935607910156,131.74481201171875,119.30917358398438,76.60541534423828,38.9046630859375,36.59930419921875,136.02545166015625,115.33615112304688
2024-12-27,41.301918029785156,96.42076110839844,40.35677719116211,47.66792678833008,130.7635498046875,117.72294616699219,76.23050689697266,38.59053039550781,36.4937744140625,135.39208984375,113.43032836914062
2024-12-30,40.74759292602539,95.40901947021484,40.35200500488281,47.20835876464844,129.44863891601562,116.22593688964844,75.33650970458984,38.40966796875,36.340274810791016,133.72589111328125,111.60845184326172
2024-12-31,40.91291427612305,95.09467315673828,40.88175964355469,47.25724792480469,129.29164123535156,115.25933074951172,75.56722259521484,38.714271545410156,36.306705474853516,134.0474395751953,110.76911163330078
2025-01-02,40.4607048034668,95.55635070800781,41.359012603759766,47.13990783691406,128.8402862548828,114.98670196533203,75.33650970458984,38.35255432128906,36.58491134643555,134.08639526367188,109.31259155273438
2025-01-03,40.450984954833984,96.14572143554688,41.74559020996094,47.511474609375,130.233642578125,116.86042785644531,75.29804992675781,38.87610626220703,36.97344970703125,135.40184020996094,111.52452850341797
2025-01-06,40.72328186035156,97.18694305419922,41.5546875,47.36480712890625,129.9490966796875,118.34751892089844,74.50979614257812,38.34303665161133,36.56092834472656,135.46029663085938,111.96393585205078
2025-01-07,40.69896697998047,96.10643768310547,41.96989822387695,47.25724792480469,129.82154846191406,115.97313690185547,74.250244140625,38.057464599609375,36.469791412353516,136.13262939453125,109.79645538330078
2025-01-08,40.92264175415039,95.53671264648438,42.01285171508789,47.413700103759766,130.33180236816406,115.9334716796875,74.38481903076172,38.21928787231445,36.46019744873047,136.83419799804688,110.10749816894531
2025-01-10,40.50446701049805,94.11239624023438,42.184661865234375,46.26966857910156,128.86972045898438,113.40542602539062,73.38507843017578,37.295928955078125,36.253936767578125,136.06442260742188,109.02623748779297
2025-01-13,41.40888977050781,94.15169525146484,43.072357177734375,46.60212326049805,130.380859375,112.60240173339844,73.51005554199219,37.771881103515625,35.831817626953125,137.83782958984375,109.64340209960938
2025-01-14,41.924312591552734,93.83736419677734,43.535301208496094,47.17902374267578,131.9214324951172,112.8998031616211,73.5292739868164,38.09553909301758,36.30190658569336,136.4152069091797,109.43109130859375
2025-01-15,42.323036193847656,95.3795394897461,44.17959213256836,48.38172912597656,132.75550842285156,115.14531707763672,73.27934265136719,38.257362365722656,36.834346771240234,136.9706268310547,112.21573638916016
2025-01-16,42.673133850097656,94.83929443359375,44.499359130859375,48.704402923583984,134.36477661132812,114.25801849365234,73.8272705078125,39.11408233642578,37.76491928100586,137.5162811279297,111.60845184326172
2025-01-17,42.95030212402344,95.66441345214844,44.842979431152344,49.11507797241211,135.16943359375,116.0474853515625,74.250244140625,39.10456848144531,37.81767654418945,136.59060668945312,113.173583984375
2025-01-21,43.499755859375,96.52880859375,44.61389923095703,49.5257568359375,137.94642639160156,117.01409149169922,74.59630584716797,39.81850051879883,38.398094177246094,138.85121154785156,114.00305938720703
2025-01-22,43.149654388427734,97.49144744873047,43.80256271362305,49.291072845458984,137.6226043701172,119.6561508178711,74.23101043701172,39.12360382080078,37.5682487487793,138.53936767578125,113.5735092163086
2025-01-23,43.38792419433594,97.7468490600586,44.003013610839844,49.574642181396484,139.01600646972656,119.86930847167969,74.50018310546875,39.43773651123047,37.745731353759766,140.39073181152344,114.25980377197266
2025-01-24,43.27608871459961,98.63089752197266,43.578250885009766,49.7213134765625,138.42724609375,118.62015533447266,74.88469696044922,39.551963806152344,38.12946701049805,140.61485290527344,113.56363677978516
2025-01-27,43.30039596557617,99.14168548583984,43.12486267089844,50.268882751464844,136.57264709472656,112.80563354492188,76.91300964355469,39.94224166870117,37.24686813354492,143.77186584472656,114.21043395996094
2025-01-28,43.159385681152344,99.62300109863281,42.71441650390625,50.180877685546875,135.66989135742188,115.81449890136719,75.7114028930664,39.45676803588867,36.73361587524414,142.7682647705078,114.34867858886719
2025-01-29,43.08158493041992,100.06503295898438,42.809871673583984,50.14176940917969,135.20867919921875,114.87269592285156,75.89404296875,38.999847412109375,36.81035614013672,141.93026733398438,114.02281951904297
2025-01-30,43.49003601074219,100.16325378417969,43.02941131591797,50.62089920043945,136.71983337402344,115.08583068847656,76.64385986328125,39.51388168334961,37.57783889770508,143.56724548339844,115.13863372802734
2025-01-31,43.173973083496094,100.56598663330078,41.826725006103516,50.32755661010742,135.75820922851562,114.41168975830078,75.92289733886719,39.4282112121582,37.3571891784668,143.10928344726562,114.6301040649414
2025-02-03,43.21773147583008,100.78208923339844,42.08921813964844,50.12221145629883,134.41384887695312,112.87007141113281,76.22089385986328,39.361576080322266,37.558658599853516,143.66470336914062,113.11434173583984
2025-02-04,43.344154357910156,101.685791015625,42.97214126586914,50.0048828125,134.45310974121094,114.49595642089844,75.57682037353516,39.361576080322266,37.227684020996094,143.27493286132812,114.44742584228516
2025-02-05,43.31011962890625,100.7035140991211,43.06281661987305,50.532894134521484,134.55120849609375,116.08714294433594,76.04786682128906,39.980323791503906,37.60182571411133,144.64883422851562,113.1489028930664
2025-02-06,43.460853576660156,101.1357192993164,42.27056884765625,50.95334243774414,135.1596221923828,116.40438079833984,76.3939208984375,40.09455490112305,37.558658599853516,143.35289001464844,113.59819793701172
2025-02-07,42.930843353271484,100.91960906982422,42.26579666137695,50.66978454589844,134.75732421875,115.40803527832031,76.27857208251953,39.95176696777344,37.481903076171875,142.68055725097656,111.37640380859375
2025-02-10,43.149654388427734,101.3714599609375,43.196449279785156,50.268882751464844,135.96426391601562,117.0934066772461,76.74958801269531,40.00887680053711,37.88963317871094,142.55389404296875,111.75658416748047
2025-02-11,43.40251159667969,101.5384521484375,43.54484176635742,50.39600372314453,136.01333618164062,117.14791870117188,77.48979949951172,40.227813720703125,38.08150100708008,142.29080200195312,110.4876708984375
2025-02-12,43.09130859375,101.64649963378906,42.4948844909668,50.21999740600586,135.16943359375,116.89512634277344,77.43211364746094,39.885128021240234,38.01435089111328,142.08619689941406,110.46793365478516
2025-02-13,43.84013748168945,102.81542205810547,42.81464385986328,50.55244827270508,135.3068084716797,118.55075073242188,78.26844024658203,40.19926071166992,38.10069274902344,142.64157104492188,112.12687683105469
2025-02-14,43.68939208984375,103.4440689086914,42.986454010009766,50.650230407714844,134.9731903076172,118.95225524902344,77.48979949951172,40.037437438964844,37.94240188598633,141.09230041503906,112.07749938964844
2025-02-18,44.243717193603516,102.9627685546875,43.573486328125,51.01200866699219,136.03294372558594,120.037841796875,77.76856994628906,40.18022537231445,38.29735565185547,140.8194580078125,111.76644897460938
2025-02-19,43.723426818847656,103.08063507080078,43.9171028137207,51.03157043457031,136.17031860351562,120.0477523803711,78.39341735839844,40.256378173828125,38.49882507324219,142.6513214111328,111.7022705078125
2025-02-20,43.62131118774414,102.59931182861328,44.3180046081543,50.249324798583984,135.27735900878906,119.66606903076172,78.08580780029297,40.532432556152344,38.494022369384766,143.45033264160156,110.7394790649414
2025-02-21,42.82386779785156,101.19465637207031,43.39689636230469,49.623531341552734,132.31394958496094,116.4242172241211,78.9990234375,40.19926071166992,38.50362014770508,142.68055725097656,107.82646179199219
2025-02-24,42.77524948120117,101.39110565185547,43.40644073486328,49.83864974975586,131.71536254882812,114.7586669921875,79.23934936523438,40.38011932373047,38.31174850463867,143.84007263183594,107.42160034179688
2025-02-25,43.10589599609375,99.88822174072266,42.78123474121094,49.82887649536133,132.39244079589844,113.27159118652344,80.36405944824219,40.8084831237793,38.119876861572266,145.07757568359375,106.85873413085938
2025-02-26,43.08644485473633,99.7114028930664,42.537837982177734,49.7213134765625,132.470947265625,114.505859375,78.82599639892578,40.608585357666016,38.27817153930664,144.03497314453125,106.4193115234375
2025-02-27,42.79469680786133,98.74876403808594,42.76691818237305,49.99510192871094,132.00975036621094,110.33706665039062,78.81637573242188,40.78944396972656,37.429141998291016,143.45033264160156,104.88380432128906
2025-02-28,43.159385681152344,100.1927261352539,43.43030548095703,51.021793365478516,133.7760467529297,111.7944107055664,79.86419677734375,41.075016021728516,37.99995803833008,145.11654663085938,106.6266860961914
2025-03-03,42.293861389160156,99.19081115722656,41.912628173828125,50.59156036376953,131.8723907470703,108.39393615722656,80.28715515136719,41.42722702026367,38.05272674560547,145.74989318847656,104.66162109375
2025-03-04,41.7200927734375,98.40496826171875,41.506961822509766,48.81195068359375,129.3014678955078,108.30966186523438,78.922119140625,40.95127487182617,37.43394088745117,144.39549255371094,102.8150634765625
2025-03-05,42.80928421020508,99.672119140625,40.90084457397461,49.09552001953125,131.34249877929688,109.83145904541016,79.24897003173828,41.33203125,37.17011642456055,145.8473358154297,104.38019561767578
2025-03-06,42.58561325073242,97.88435363769531,41.02493667602539,48.28394317626953,130.2140350341797,106.78291320800781,79.39315795898438,40.19926071166992,36.3978385925293,145.44786071777344,101.73377990722656
2025-03-07,42.70230484008789,98.51302337646484,41.72650146484375,48.02970886230469,131.73500061035156,108.3294906616211,79.6527099609375,40.4277229309082,37.074180603027344,145.4575958251953,101.54617309570312
2025-03-10,41.81247329711914,96.05732727050781,42.03671646118164,46.95413589477539,129.67433166503906,103.72445678710938,79.47967529296875,40.037437438964844,37.481903076171875,143.88880920410156,97.92216491699219
2025-03-11,41.49155807495117,94.64283752441406,41.702640533447266,46.55323028564453,127.68238067626953,103.3031234741211,78.31651306152344,39.618595123291016,37.131744384765625,142.3200225830078,96.96432495117188
2025-03-12,41.297054290771484,95.11432647705078,41.8935432434082,46.62167739868164,127.67255401611328,104.92901611328125,76.61502075195312,39.47581100463867,37.01662063598633,140.8974151611328,97.52717590332031
2025-03-13,41.267879486083984,93.15958404541016,41.60718536376953,46.36744689941406,126.36748504638672,102.93631744384766,76.25933837890625,38.70476150512695,37.10776138305664,140.1471405029297,95.09307098388672
2025-03-14,41.807613372802734,94.86875915527344,42.83850860595703,47.44302749633789,128.6734619140625,106.04927825927734,76.432373046875,39.45676803588867,37.83207702636719,141.21896362304688,97.11737823486328
2025-03-17,42.332763671875,95.5465316772461,43.52098083496094,48.00038146972656,130.44955444335938,106.78787994384766,77.54747772216797,40.15167236328125,37.990360260009766,143.01185607910156,97.27043151855469
2025-03-18,42.25982666015625,94.21063232421875,43.592567443847656,47.94171142578125,129.40939331054688,105.1619873046875,76.6630859375,39.90416717529297,37.72654342651367,143.08006286621094,95.53743743896484
2025-03-19,42.40083694458008,95.33043670654297,44.303680419921875,48.469722747802734,131.12661743164062,106.53012084960938,76.6630859375,39.95176696777344,37.86565017700195,143.15802001953125,97.36918640136719
2025-03-20,42.13340377807617,95.12415313720703,44.46595001220703,48.538169860839844,130.4691619873047,105.7717056274414,76.28817749023438,39.90416717529297,38.01914596557617,143.2456817626953,97.13713073730469
2025-03-21,41.71522521972656,95.87068176269531,44.155731201171875,48.36216735839844,129.77249145507812,106.0592041015625,76.25933837890625,39.51388168334961,37.774513244628906,142.84620666503906,97.48767852783203
2025-03-24,42.28050231933594,97.228271484375,44.658836364746094,49.2149658203125,132.1790313720703,108.06781768798828,76.7309341430664,40.06378173828125,37.76243209838867,143.93685913085938,101.14244842529297
2025-03-25,42.27072525024414,98.45976257324219,44.841609954833984,49.48974609375,132.3759002685547,108.42535400390625,76.03514099121094,39.584774017333984,37.15858459472656,142.09791564941406,101.9494400024414
2025-03-26,42.34889602661133,97.62235260009766,45.10614776611328,49.3425407409668,131.49989318847656,106.00707244873047,77.2141342163086,39.78595733642578,37.40495300292969,141.57948303222656,100.6176528930664
2025-03-27,42.3293571472168,97.18887329101562,44.668460845947266,49.244407653808594,130.80104064941406,105.02882385253906,78.09355163574219,39.69015884399414,37.39529037475586,141.80447387695312,100.6820068359375
2025-03-28,41.55253601074219,94.32197570800781,44.45682907104492,48.29248809814453,128.10411071777344,102.4814453125,77.70699310302734,39.670997619628906,37.67064666748047,141.36428833007812,97.55303192138672
2025-03-31,42.006900787353516,95.02145385742188,44.94742965698242,48.88130569458008,129.00965881347656,102.53109741210938,78.92463684082031,40.0925178527832,38.09092712402344,142.82177734375,97.76097106933594
2025-04-01,42.16324234008789,95.08056640625,45.21196365356445,48.822425842285156,129.73802185058594,103.28091430664062,79.04060363769531,40.12126541137695,38.18754196166992,140.2100372314453,98.7808609008789
2025-04-02,42.510128021240234,95.41553497314453,45.27449035644531,49.22478103637695,130.95852661132812,104.0456314086914,78.80866241455078,40.3128662109375,38.36628341674805,141.14907836914062,100.65725708007812
2025-04-03,40.590065002441406,91.15950775146484,41.72005844116211,46.80083084106445,123.8717041015625,96.94471740722656,79.26286315917969,39.105777740478516,38.12474060058594,140.004638671875,94.57752990722656
2025-04-04,38.04951858520508,85.93802642822266,37.88185501098633,43.37590408325195,116.0860595703125,90.55886840820312,75.82254028320312,37.323883056640625,36.0040168762207,132.32606506347656,90.49796295166016
2025-04-07,37.43880844116211,86.05623626708984,37.63655471801758,43.267948150634766,115.54469299316406,91.10013580322266,74.94313049316406,36.423362731933594,35.45330810546875,131.53375244140625,89.4285659790039
2025-04-08,36.28579330444336,84.85430145263672,36.76598358154297,43.10111999511719,114.5899429321289,89.24793243408203,73.7834701538086,35.52283477783203,35.308380126953125,130.07627868652344,87.30460357666016
2025-04-09,39.45658874511719,92.3515853881836,39.613372802734375,46.34940719604492,124.76740264892578,101.23008728027344,76.64395904541016,37.56338882446289,36.69965362548828,135.7300567626953,96.81038665771484
2025-04-10,38.19609069824219,89.15957641601562,37.02571487426758,45.05402374267578,121.54879760742188,96.5176773071289,76.68262481689453,36.768245697021484,36.42430114746094,131.94456481933594,93.02787780761719
2025-04-11,39.329559326171875,89.91818237304688,37.94438171386719,45.79984664916992,123.69452667236328,98.4940185546875,77.64899444580078,37.285560607910156,36.86873245239258,133.88134765625,93.92894744873047
2025-04-14,39.803466796875,90.5191421508789,38.07904815673828,46.27090072631836,124.98394775390625,99.39278411865234,78.97295379638672,38.10945129394531,37.530555725097656,135.51487731933594,94.20125579833984
2025-04-15,39.49079132080078,90.74574279785156,38.02133560180664,46.38866424560547,124.36384582519531,99.75528717041016,78.30613708496094,38.166927337646484,37.52572250366211,134.6834259033203,93.5229721069336
2025-04-16,39.182987213134766,88.3024673461914,38.33396911621094,45.66245651245117,122.66104125976562,96.28925323486328,77.46539306640625,38.14777374267578,37.18756866455078,133.31398010253906,91.2158432006836
2025-04-17,39.451698303222656,88.8738784790039,39.19973373413086,45.78022384643555,123.33036041259766,95.76785278320312,79.11790466308594,38.75131607055664,37.56919860839844,132.53146362304688,91.79014587402344
2025-04-21,38.85076904296875,86.87393951416016,38.17525100708008,44.79887008666992,120.56452178955078,93.29496002197266,78.36412048339844,37.94658660888672,36.680328369140625,129.67526245117188,89.33943939208984
2025-04-22,39.759498596191406,89.13987731933594,39.14683151245117,46.28071212768555,122.67088317871094,95.56922912597656,79.47547149658203,38.72257614135742,37.6803092956543,132.11087036132812,92.16642761230469
2025-04-23,39.80835723876953,90.56839752197266,39.074676513671875,46.83026885986328,124.20636749267578,98.3400650024414,79.02127075195312,38.77047348022461,37.839725494384766,132.7662353515625,94.22601318359375
2025-04-24,40.66823196411133,92.38114929199219,39.699951171875,47.35039138793945,126.99188995361328,102.00969696044922,78.32546997070312,38.88543701171875,37.8976936340332,134.38998413085938,96.10240936279297
2025-04-25,40.365318298339844,92.96241760253906,39.6278076171875,47.12467956542969,126.9820327758789,103.51927185058594,78.12252807617188,38.82794952392578,37.7817497253418,135.0355682373047,97.83028411865234
2025-04-28,40.43860626220703,93.31708526611328,39.90677261352539,47.27187728881836,127.40528869628906,103.35043334960938,77.86161041259766,39.06745529174805,38.013633728027344,135.5735626220703,97.86494445800781
2025-04-29,40.77571105957031,93.99685668945312,39.791343688964844,47.76255798339844,128.23207092285156,103.83210754394531,78.50908660888672,39.38359451293945,38.308319091796875,136.23870849609375,98.55806732177734
2025-04-30,40.98579406738281,94.02642059326172,38.718753814697266,47.85087966918945,129.15731811523438,104.26411437988281,79.07925415039062,39.56562042236328,38.115081787109375,137.40272521972656,97.66194152832031
2025-05-01,40.80502700805664,94.50916290283203,38.86305236816406,47.841064453125,130.13174438476562,105.79353332519531,78.39311981201172,39.680580139160156,38.22618865966797,133.65635681152344,98.20160675048828
2025-05-02,41.4939079284668,95.97708892822266,39.43060302734375,48.832237243652344,132.4644775390625,107.56131744384766,78.81832122802734,40.16916275024414,38.525699615478516,135.50509643554688,99.72648620605469
2025-05-05,41.18611145019531,96.20368194580078,38.718753814697266,48.51820373535156,132.53335571289062,106.99027252197266,78.75068664550781,40.12126541137695,38.4290885925293,135.12359619140625,98.66698455810547
2025-05-06,40.888084411621094,96.18397521972656,38.728370666503906,48.24342346191406,131.37191772460938,106.10140991210938,78.6153793334961,39.843441009521484,38.89767074584961,131.39682006835938,97.8055191040039
2025-05-07,40.66334533691406,96.00663757324219,38.74280548095703,48.52801513671875,132.04122924804688,107.1640625,78.74101257324219,39.81470489501953,39.00878143310547,132.40431213378906,98.56795501708984
2025-05-08,41.20565414428711,96.23324584960938,39.25263977050781,48.93037414550781,133.86215209960938,108.1869888305664,78.64437103271484,39.62310028076172,38.69477844238281,131.21095275878906,99.73143005371094
2025-05-09,41.31312942504883,95.74064636230469,39.64704513549805,48.93037414550781,133.97044372558594,108.05292510986328,78.19017791748047,39.86260223388672,38.76240921020508,129.78280639648438,100.21168518066406
2025-05-12,42.27072525024414,97.73072052001953,40.681148529052734,49.921539306640625,138.09457397460938,113.06824493408203,78.30613708496094,39.90092086791992,38.53053283691406,132.99122619628906,105.19231414794922
2025-05-13,42.060638427734375,98.68635559082031,41.25350570678711,50.12762451171875,139.05914306640625,115.5113525390625,77.25279235839844,39.364437103271484,38.47739028930664,128.99050903320312,106.58351135253906
2025-05-14,41.6746826171875,99.19866180419922,41.00339889526367,49.990230560302734,138.3898468017578,116.26116943359375,76.83724975585938,39.02914047241211,38.308319091796875,125.95821380615234,106.99444580078125
2025-05-15,42.0997314453125,99.59272003173828,41.17655563354492,50.32389831542969,139.9253387451172,116.4200668334961,78.4124526977539,39.747642517089844,39.124717712402344,127.61132049560547,106.75679779052734
2025-05-16,42.529666900634766,100.27250671386719,41.11402893066406,50.628116607666016,141.5198516845703,116.63855743408203,79.31117248535156,40.24580383300781,39.699588775634766,130.1838836669922,107.76678466796875
2025-05-19,42.637149810791016,100.37101745605469,40.580142974853516,50.657554626464844,142.0021514892578,116.46973419189453,79.5431137084961,40.3320198059082,39.8686637878418,131.4359130859375,107.51428985595703
2025-05-20,42.56386947631836,100.1247329711914,40.204978942871094,50.38277816772461,141.49034118652344,116.03275299072266,79.8233642578125,40.12126541137695,39.9846076965332,131.7587127685547,106.954833984375
2025-05-21,41.997127532958984,99.3759994506836,39.46427536010742,49.35235595703125,139.09852600097656,113.85282135009766,78.8956298828125,39.05788040161133,39.255149841308594,128.70684814453125,104.78632354736328
2025-05-22,41.95315933227539,99.15924072265625,39.310359954833984,49.29347229003906,139.06900024414062,113.88261413574219,78.56707763671875,38.92375946044922,38.69477844238281,127.6993408203125,105.23685455322266
2025-05-23,41.8701057434082,98.70606231689453,39.43540954589844,49.116825103759766,138.61622619628906,112.62629699707031,78.85697937011719,38.9333381652832,39.15853500366211,127.4939193725586,104.2912368774414
2025-05-27,42.60295104980469,100.3119125366211,39.77690124511719,49.98042297363281,141.0572509765625,115.30278778076172,79.57210540771484,39.575199127197266,39.453216552734375,129.274169921875,107.37071228027344
2025-05-28,42.02155685424805,100.29222106933594,39.271881103515625,49.646759033203125,140.35841369628906,114.82609558105469,79.03092956542969,39.575199127197266,38.90250015258789,128.60902404785156,106.38548278808594
2025-05-29,42.17790603637695,99.484375,39.565284729003906,49.90190887451172,140.4863739013672,115.0197525024414,79.34983825683594,39.93924331665039,39.173030853271484,129.46981811523438,106.43002319335938
2025-05-30,42.18278121948242,99.89814758300781,39.21416473388672,50.00986099243164,140.574951171875,114.66222381591797,80.04563903808594,39.977561950683594,39.5739860534668,129.7436981201172,105.85077667236328
2025-06-02,42.431949615478516,100.39073944091797,39.72880935668945,50.02948760986328,140.3977813720703,115.67520904541016,80.09395599365234,40.03504180908203,39.699588775634766,129.82196044921875,106.09832000732422
2025-06-03,42.86677932739258,100.10503387451172,40.20016860961914,50.12762451171875,141.4805145263672,117.41320037841797,80.01665496826172,39.89134216308594,39.80586624145508,130.12518310546875,106.66273498535156
2025-06-04,43.02799987792969,100.74540710449219,39.41617202758789,49.84303283691406,141.55923461914062,117.58700561523438,79.45614624023438,40.01588439941406,39.1102294921875,130.37948608398438,106.3805160522461
2025-06-05,42.77395248413086,100.88333129882812,39.37769317626953,49.70564270019531,141.46080017089844,117.25430297851562,78.69270324707031,40.00629806518555,39.047428131103516,130.20343017578125,103.6971206665039
2025-06-06,42.886322021484375,102.17391204833984,40.118404388427734,50.32389831542969,142.6517791748047,118.36164855957031,78.9439697265625,40.12126541137695,39.221336364746094,131.44570922851562,105.04377746582031
2025-06-09,43.17457580566406,101.87836456298828,40.19535446166992,50.04911804199219,142.52383422851562,118.942626953125,78.83765411376953,40.10210037231445,38.97013473510742,131.22073364257812,105.88542938232422
2025-06-10,43.44327926635742,103.1689682006836,40.912017822265625,50.108001708984375,141.9037322998047,119.60802459716797,79.01161193847656,40.45656204223633,39.06192398071289,132.71731567382812,107.15287017822266
2025-06-11,43.01334762573242,102.9325180053711,41.50362014770508,50.04911804199219,141.9726104736328,119.34483337402344,78.74101257324219,40.23622131347656,39.08607482910156,132.78578186035156,106.30626678466797
2025-06-12,43.19411849975586,102.09510803222656,41.647911071777344,50.04911804199219,141.59861755371094,120.45220184326172,79.20488739013672,40.45656204223633,39.55949401855469,133.8226318359375,105.80622100830078
2025-06-13,42.690895080566406,101.0606689453125,42.37419128417969,49.028507232666016,140.40762329101562,118.76386260986328,78.23848724365234,40.130836486816406,39.33244323730469,133.15750122070312,104.83088684082031
2025-06-16,43.052433013916016,102.79459381103516,42.2491340637207,49.5878791809082,141.37222290039062,120.68558502197266,78.48976135253906,40.16916275024414,39.13920593261719,132.74667358398438,105.9596939086914
2025-06-17,42.63227081298828,101.88821411132812,42.64353942871094,49.30328369140625,140.3092041015625,119.83148193359375,77.82295227050781,40.00629806518555,38.815547943115234,130.5555877685547,104.1328125
2025-06-18,42.510128021240234,101.9374771118164,42.36457061767578,49.28365707397461,139.97454833984375,119.9754867553711,77.72631072998047,40.08293914794922,38.916996002197266,130.3306121826172,104.18231201171875
2025-06-20,42.22187042236328,101.31681060791016,42.79745101928711,49.42104721069336,140.1320037841797,119.44416809082031,78.29647064208984,40.073368072509766,39.02327346801758,129.70457458496094,104.30608367919922
2025-06-23,42.69230270385742,102.59967803955078,41.71517562866211,50.043392181396484,142.02957153320312,120.80601501464844,79.20333099365234,40.658199310302734,39.51797866821289,129.8913116455078,106.37351989746094
2025-06-24,43.04586410522461,103.92304992675781,41.172096252441406,50.791778564453125,143.21429443359375,122.97463989257812,79.13522338867188,40.85152816772461,39.68822479248047,131.48348999023438,106.96393585205078
2025-06-25,42.63337326049805,103.90328979492188,40.9926872253418,50.62437438964844,141.95057678222656,124.02412414550781,78.07463836669922,39.85586166381836,39.158016204833984,131.60145568847656,105.70372772216797
2025-06-26,43.10478591918945,105.1081314086914,41.579402923583984,50.998573303222656,143.49073791503906,124.87964630126953,78.00652313232422,39.604522705078125,39.483924865722656,131.91595458984375,106.6761703491211
2025-06-27,43.15879821777344,106.34260559082031,41.3612060546875,51.146278381347656,144.92230224609375,124.73042297363281,78.37625885009766,39.7495231628418,39.5617561340332,131.6309356689453,108.4523696899414
2025-06-30,43.11951446533203,107.18205261230469,41.12360763549805,51.5697021484375,145.64300537109375,125.95399475097656,78.7849349975586,40.039527893066406,39.72228240966797,132.47616577148438,107.82722473144531
2025-07-01,44.23421096801758,106.42162322998047,41.43878936767578,51.85527420043945,146.12677001953125,124.82990264892578,79.7676773071289,40.31019592285156,39.858482360839844,134.3632049560547,108.28864288330078
2025-07-02,44.89713668823242,106.11546325683594,42.151580810546875,51.81588363647461,146.2748565673828,126.14797973632812,80.00120544433594,40.38752746582031,39.51311111450195,133.036376953125,109.15689086914062
2025-07-03,44.86767578125,106.69813537597656,42.20006561279297,52.377174377441406,147.51881408691406,127.80924987792969,79.9622802734375,40.4068603515625,39.809837341308594,133.17396545410156,109.75227355957031
2025-07-07,44.435543060302734,105.67105865478516,41.79275894165039,51.874969482421875,147.00543212890625,126.79458618164062,79.8941650390625,40.0975227355957,39.89253234863281,132.0535430908203,108.35810852050781
2025-07-08,44.798927307128906,105.45378112792969,42.91770553588867,51.41215133666992,146.96595764160156,127.47600555419922,79.15467071533203,40.039527893066406,39.46933364868164,132.653076171875,107.990966796875
2025-07-09,45.06900405883789,105.73031616210938,42.699501037597656,51.599246978759766,147.99270629882812,128.24197387695312,78.63897705078125,40.02019500732422,39.83902359008789,133.16415405273438,108.6309814453125
2025-07-10,45.30961990356445,105.3747787475586,43.024383544921875,51.90450668334961,148.82203674316406,127.81922149658203,78.92115020751953,40.22319793701172,40.16493225097656,133.9799041748047,109.83164978027344
2025-07-11,44.94132995605469,104.693359375,43.21833801269531,51.3629150390625,148.2888946533203,127.25716400146484,78.62925720214844,40.18452453613281,40.10655975341797,132.86929321289062,109.86141967773438
2025-07-14,44.69089126586914,105.7204360961914,42.74314498901367,51.746952056884766,149.08859252929688,127.15270233154297,78.69734954833984,40.45519256591797,40.267086029052734,132.71205139160156,110.26826477050781
2025-07-15,43.77261734008789,104.67359924316406,42.1273307800293,50.86071014404297,147.9729766845703,128.2817840576172,77.90921783447266,39.93319320678711,39.8828010559082,130.3237762451172,108.6905288696289
2025-07-16,43.89046859741211,104.98961639404297,41.7636604309082,51.215206146240234,148.49623107910156,128.67970275878906,78.18165588378906,40.36819076538086,39.902259826660156,131.9454345703125,108.88898468017578
2025-07-17,44.199832916259766,105.35502624511719,42.02065658569336,51.70756149291992,149.86854553222656,129.84854125976562,78.92115020751953,40.32952880859375,40.06764602661133,130.4416961669922,109.26109313964844
2025-07-18,44.302955627441406,104.87110900878906,41.68123245239258,51.73710632324219,149.53286743164062,129.76400756835938,78.70709228515625,40.445526123046875,40.738929748535156,129.57679748535156,110.22856140136719
2025-07-21,44.528846740722656,106.27347564697266,41.24967956542969,51.589393615722656,148.7430419921875,129.93312072753906,78.69734954833984,40.600196838378906,40.87026596069336,128.8396759033203,110.74952697753906
2025-07-22,45.142662048339844,106.52037048339844,41.44363784790039,51.874969482421875,149.0984649658203,128.7294464111328,79.41738891601562,41.30586242675781,41.371299743652344,131.23779296875,111.87081146240234
2025-07-23,45.29488754272461,107.10303497314453,42.093387603759766,52.28854751586914,151.7739715576172,129.46559143066406,79.44658660888672,41.4218635559082,41.05997848510742,133.93077087402344,112.40168762207031
2025-07-24,44.828392028808594,107.28080749511719,42.39402389526367,52.259010314941406,151.51727294921875,130.0126953125,79.1644058227539,41.363868713378906,41.006473541259766,133.42950439453125,110.5411376953125
2025-07-25,45.35872268676758,106.28335571289062,42.2340087890625,52.623348236083984,153.0179443359375,130.31112670898438,79.30062866210938,41.363868713378906,41.11347961425781,134.1371307373047,111.56816101074219
2025-07-28,44.700714111328125,105.71055603027344,42.71405029296875,52.259010314941406,152.5440673828125,131.3506622314453,78.48330688476562,40.648529052734375,40.67569351196289,132.96759033203125,112.21810913085938
2025-07-29,44.528846740722656,104.80198669433594,43.13105773925781,51.993133544921875,150.80645751953125,131.35565185546875,78.9990005493164,41.32520294189453,41.142677307128906,132.12234497070312,111.44412994384766
2025-07-30,43.630210876464844,105.12787628173828,42.51523971557617,51.89466094970703,150.06597900390625,131.64910888671875,78.29842376708984,40.745201110839844,41.44912338256836,131.88645935058594,110.7396011352539
2025-07-31,43.080238342285156,106.07597351074219,42.28734588623047,51.5697021484375,150.07586669921875,130.6841583251953,77.62704467773438,40.02985763549805,41.672882080078125,128.1909942626953,109.86141967773438
2025-08-01,42.584266662597656,104.80198669433594,41.50182342529297,50.61452865600586,147.8347625732422,127.86398315429688,77.99679565429688,39.91386413574219,41.736122131347656,128.87899780273438,107.21200561523438
2025-08-04,43.148983001708984,106.816650390625,41.40969467163086,51.11673355102539,149.1971893310547,130.4603729248047,78.37625885009766,40.252197265625,42.475502014160156,130.72671508789062,108.47222137451172
2025-08-05,43.453433990478516,105.98707580566406,41.46303176879883,50.909942626953125,148.89114379882812,129.3810272216797,78.29842376708984,40.38752746582031,42.02311325073242,130.22549438476562,108.61113739013672
2025-08-06,42.98202133178711,106.39198303222656,41.0799674987793,51.15612030029297,149.00961303710938,130.83836364746094,79.41738891601562,40.0491943359375,41.648563385009766,128.26963806152344,110.86860656738281
2025-08-07,43.16862869262695,105.93769836425781,40.91995620727539,50.584983825683594,148.79241943359375,130.95774841308594,80.0206527709961,40.203861236572266,42.100948333740234,126.79537963867188,110.83386993408203
2025-08-08,43.38468551635742,106.29322052001953,41.181793212890625,51.057647705078125,148.910888671875,132.265869140625,80.25418090820312,39.87519073486328,41.920963287353516,127.9256591796875,111.0273666381836
2025-08-11,43.286476135253906,106.8364028930664,40.85206985473633,51.03795623779297,148.4271240234375,131.37057495117188,80.18607330322266,39.643192291259766,41.78963088989258,128.0534210205078,111.31513214111328
2025-08-12,43.851192474365234,108.88069152832031,41.050872802734375,51.658329010009766,149.96725463867188,133.40489196777344,80.40013122558594,39.71086120605469,41.969608306884766,128.93797302246094,112.49595642089844
2025-08-13,44.6761589050293,109.73001098632812,41.526065826416016,51.953739166259766,150.53988647460938,133.45465087890625,80.40013122558594,39.97185516357422,42.062034606933594,131.0019073486328,114.0389633178711
2025-08-14,44.209659576416016,109.81889343261719,41.487274169921875,52.19992446899414,149.2070770263672,133.16615295410156,79.68010711669922,39.691524505615234,41.77016830444336,131.66041564941406,113.90995788574219
2025-08-15,44.209659576416016,110.09541320800781,41.487274169921875,51.658329010009766,148.52584838867188,132.1564483642578,79.80659484863281,39.95252990722656,41.648563385009766,133.87179565429688,113.6370849609375
2025-08-18,43.95431137084961,109.42385864257812,41.23998260498047,51.697715759277344,149.10833740234375,132.43995666503906,79.6995620727539,39.575523376464844,41.46857833862305,133.55728149414062,114.09354400634766
2025-08-19,44.219482421875,108.81156158447266,41.25453186035156,51.79618835449219,149.4341278076172,130.12710571289062,80.51689910888672,40.28118896484375,41.87232208251953,134.41233825683594,114.0389633178711
2025-08-20,44.253849029541016,108.48565673828125,41.59880065917969,52.06206512451172,149.29592895507812,129.2467041015625,80.97421264648438,40.43586730957031,41.916099548339844,135.1396484375,112.9127197265625
2025-08-21,44.38644027709961,108.36714172363281,41.884883880615234,51.89466094970703,148.76280212402344,128.77919006347656,80.24445343017578,40.29085922241211,41.62910461425781,134.6875457763672,112.242919921875
2025-08-22,45.26542282104492,109.92752838134766,42.7382926940918,52.751365661621094,151.1914825439453,130.52500915527344,80.24445343017578,40.928871154785156,41.852867126464844,135.7981414794922,115.65144348144531
2025-08-25,45.01498794555664,110.10529327392578,42.84981918334961,52.44610595703125,149.68096923828125,130.23153686523438,78.87249755859375,40.72586441040039,41.38102722167969,133.86195373535156,115.41825866699219
2025-08-26,45.137752532958984,109.62137603759766,42.78193664550781,52.84983825683594,151.2211151123047,130.82843017578125,78.35680389404297,40.60986328125,41.47344970703125,134.69737243652344,115.94913482666016
2025-08-27,45.250694274902344,109.80901336669922,43.2619743347168,52.95815658569336,151.20135498046875,131.53472900390625,78.59033203125,40.78386306762695,41.483177185058594,134.61874389648438,115.97393035888672
2025-08-28,45.250694274902344,110.22380828857422,43.591705322265625,53.02708435058594,151.46792602539062,132.57424926757812,78.0940933227539,40.67753219604492,41.1669921875,134.0880126953125,116.1723861694336
2025-08-29,45.31452941894531,110.00653076171875,43.82930374145508,53.16495132446289,150.07586669921875,130.53994750976562,78.60005950927734,40.89986801147461,41.016197204589844,135.0708465576172,114.97669219970703
2025-09-02,44.975704193115234,109.81889343261719,43.892337799072266,52.771060943603516,148.64431762695312,129.22183227539062,78.47357177734375,40.203861236572266,40.87999725341797,135.1986083984375,114.11834716796875
2025-09-03,44.67124938964844,111.6557846069336,42.90800476074219,52.682437896728516,147.8939971923828,129.99281311035156,78.4151840209961,40.0975227355957,40.7778434753418,134.55978393554688,114.57976531982422
2025-09-04,44.84312057495117,112.66312408447266,43.194095611572266,53.23387908935547,149.56248474121094,130.63442993164062,78.4638442993164,40.36819076538086,40.72920227050781,135.0708465576172,116.67350006103516
2025-09-05,45.15739440917969,113.26554107666016,42.360084533691406,52.259010314941406,149.00961303710938,130.7438507080078,78.68762969970703,40.774200439453125,40.602725982666016,135.5327911376953,116.64868927001953
2025-09-08,45.196678161621094,113.39392852783203,42.26310729980469,52.298397064208984,149.34530639648438,131.72372436523438,78.3957290649414,40.5035285949707,40.18925476074219,135.483642578125,117.10018920898438
2025-09-09,44.4600944519043,114.03585052490234,42.466758728027344,52.52488327026367,148.3382568359375,131.97738647460938,78.5514144897461,40.48419952392578,40.46652603149414,136.2109375,116.93646240234375
2025-09-10,44.543575286865234,113.19642639160156,43.20863723754883,52.34762954711914,149.4341278076172,134.36981201171875,77.78273010253906,40.46486282348633,41.16212463378906,134.97256469726562,115.53732299804688
2025-09-11,45.47657775878906,114.93455505371094,43.21833801269531,53.2043342590332,150.85581970214844,134.82244873046875,78.4151840209961,41.12220001220703,41.38102722167969,137.32154846191406,117.78485107421875
2025-09-12,45.0198974609375,115.89250183105469,42.96134948730469,52.97785186767578,149.65133666992188,134.73292541503906,78.15247344970703,40.93852996826172,41.590187072753906,135.73916625976562,118.3951187133789
2025-09-15,44.65652084350586,117.52201080322266,42.815879821777344,52.85969161987305,150.34243774414062,135.9465789794922,77.2573013305664,40.890193939208984,41.687477111816406,134.57943725585938,119.4221420288086
2025-09-16,44.51902389526367,117.0479736328125,43.53351974487305,52.741519927978516,149.8981475830078,135.4740447998047,77.60758972167969,40.648529052734375,40.92863845825195,134.57943725585938,120.15643310546875
2025-09-17,44.62214660644531,117.35411834716797,43.635345458984375,53.253578186035156,149.21693420410156,135.00648498535156,78.07463836669922,40.62919235229492,41.03078842163086,134.84478759765625,119.85379028320312
2025-09-18,44.62214660644531,117.44300842285156,43.49957275390625,53.30281448364258,150.80645751953125,137.33924865722656,77.39352416992188,40.658199310302734,41.05997848510742,135.1101531982422,119.31298828125
2025-09-19,44.60250473022461,117.92692565917969,42.92255401611328,53.42097473144531,151.17173767089844,138.73194885253906,77.23783874511719,40.45519256591797,41.32264709472656,134.93324279785156,119.76448059082031
2025-09-22,44.58721160888672,117.51565551757812,42.8731575012207,53.3498420715332,151.67735290527344,140.77285766601562,76.37669372558594,40.58863830566406,41.72323226928711,134.89869689941406,119.37432861328125
2025-09-23,44.444129943847656,117.34717559814453,43.61159133911133,53.11273193359375,151.7169952392578,139.5576629638672,76.7587661743164,40.91007614135742,41.93870162963867,135.20477294921875,118.25106048583984
2025-09-24,43.90140151977539,116.37596893310547,44.17886734008789,52.96453857421875,150.93382263183594,138.69607543945312,76.92532348632812,40.491233825683594,42.2374267578125,134.6617431640625,119.08605194091797
2025-09-25,43.329078674316406,115.97956085205078,44.574981689453125,52.82622528076172,149.91273498535156,138.45204162597656,76.19054412841797,40.39383316040039,41.830963134765625,132.43038940429688,117.4061279296875
2025-09-26,43.83232879638672,117.10932159423828,44.98576354980469,53.21153259277344,151.260986328125,138.87039184570312,76.37669372558594,40.793190002441406,42.51166534423828,133.7830047607422,119.14073181152344
2025-09-29,44.00008010864258,117.48591613769531,44.15930938720703,53.47827911376953,151.72691345214844,139.61245727539062,76.52364349365234,40.87111282348633,42.634090423583984,134.1779327392578,119.66259002685547
2025-09-30,44.21717071533203,117.30753326416016,43.68983459472656,53.22140884399414,152.89669799804688,140.3744354248047,76.77836608886719,41.036705017089844,42.707550048828125,137.40650939941406,119.1059341430664
2025-10-01,43.753387451171875,115.66242980957031,43.68983459472656,52.74718475341797,152.47044372558594,141.74900817871094,76.66080474853516,41.036705017089844,43.11890411376953,141.6520233154297,119.8514633178711
2025-10-02,44.261573791503906,115.4047622680664,43.249717712402344,52.707672119140625,152.86695861816406,142.51596069335938,76.35710144042969,40.82241439819336,43.04055404663086,141.3755645751953,118.98664855957031
2025-10-03,44.3355827331543,115.34530639648438,43.47956085205078,53.07321548461914,153.0751495361328,141.79881286621094,76.44526672363281,40.98800277709961,43.54005813598633,142.98492431640625,118.22123718261719
2025-10-06,44.296112060546875,115.4642333984375,43.69472885131836,53.0534553527832,153.78892517089844,143.23312377929688,75.88684844970703,40.57889938354492,43.961204528808594,142.29379272460938,119.23515319824219
2025-10-07,44.118492126464844,115.01825714111328,43.76319122314453,53.12261199951172,152.91653442382812,142.2769012451172,76.59222412109375,40.4522705078125,44.161983489990234,142.4023895263672,117.14766693115234
2025-10-08,44.355316162109375,114.54257202148438,43.50890350341797,52.86574172973633,154.2449493408203,144.77203369140625,76.21014404296875,40.24772262573242,44.465606689453125,142.6788330078125,117.4955825805664
2025-10-09,43.74845504760742,113.88850402832031,42.917171478271484,52.67802810668945,151.96482849121094,144.5279998779297,76.45507049560547,40.062652587890625,44.35297393798828,142.3629150390625,116.90911102294922
2025-10-10,42.85049057006836,111.78752899169922,41.6750373840332,51.53199768066406,148.6041259765625,138.64630126953125,76.51384735107422,39.624332427978516,44.17177963256836,140.30926513671875,113.6933822631836
2025-10-13,43.531368255615234,112.81819152832031,42.2423095703125,52.02597427368164,150.15066528320312,142.02291870117188,76.25911712646484,39.84836196899414,44.50967788696289,140.15127563476562,116.23316192626953
2025-10-14,43.965545654296875,113.56145477294922,42.237422943115234,52.598995208740234,151.91526794433594,140.20013427734375,77.48373413085938,40.22824478149414,44.906341552734375,140.5363311767578,116.47669982910156
2025-10-15,43.7681884765625,114.36418914794922,42.21297073364258,52.598995208740234,151.2808074951172,141.58963012695312,77.62090301513672,40.81267166137695,45.493995666503906,140.75355529785156,116.64568328857422
2025-10-16,43.44255447387695,113.14522552490234,41.70438003540039,51.136810302734375,150.28944396972656,141.6942138671875,77.08206939697266,40.6860466003418,44.9993896484375,140.5166015625,115.51744079589844
2025-10-17,43.358680725097656,113.90831756591797,42.04670715332031,51.551753997802734,150.41831970214844,141.9432373046875,78.11074829101562,40.94904327392578,44.842681884765625,141.45455932617188,116.51148223876953
2025-10-20,43.87673568725586,115.19664764404297,42.491722106933594,52.15441131591797,152.19285583496094,143.52696228027344,78.04216766357422,41.377620697021484,44.8279914855957,142.95529174804688,117.43594360351562
2025-10-21,43.708984375,115.60296630859375,42.39391326904297,52.09513473510742,153.5410919189453,143.60166931152344,77.67967987060547,41.25099563598633,44.37255859375,143.29100036621094,118.8723373413086
2025-10-22,43.57577133178711,114.60203552246094,42.93673324584961,51.798744201660156,151.5484619140625,142.18228149414062,78.12053680419922,41.43606185913086,44.26972198486328,144.1104736328125,117.94290161132812
2025-10-23,44.0987548828125,114.21553802490234,43.50890350341797,51.90742492675781,153.4419403076172,143.9751739501953,77.73846435546875,41.39710235595703,44.235443115234375,144.189453125,118.4747085571289
2025-10-24,43.91620635986328,114.51284790039062,43.06877517700195,52.470558166503906,153.57083129882812,146.21133422851562,77.48373413085938,41.543209075927734,44.75453567504883,144.17958068847656,118.12183380126953
2025-10-27,43.89646911621094,116.1083984375,43.17146682739258,52.68791198730469,154.44322204589844,148.91064453125,77.6111068725586,41.63087463378906,44.87696075439453,144.51527404785156,119.82164764404297
2025-10-28,43.95567321777344,115.53359985351562,42.72156524658203,52.35200500488281,153.3428192138672,150.3848114013672,76.83714294433594,40.70552444458008,44.13749313354492,143.60691833496094,119.8514633178711
2025-10-29,43.09225082397461,115.24620056152344,43.039432525634766,51.46284103393555,153.73934936523438,151.46554565429688,75.02471923828125,39.59511184692383,44.122806549072266,142.1555633544922,118.86238861083984
2025-10-30,42.514991760253906,113.29388427734375,42.78513717651367,51.60115432739258,153.3527374267578,149.60292053222656,74.94634246826172,39.81914138793945,43.93671798706055,142.4715118408203,116.17848205566406
2025-10-31,42.26829528808594,113.77947998046875,43.098114013671875,51.739463806152344,153.7195281982422,149.74734497070312,74.73080444335938,39.838626861572266,43.63309860229492,142.42213439941406,119.25006103515625
2025-11-03,42.006805419921875,112.5704345703125,43.103004455566406,51.522117614746094,153.0652313232422,150.35992431640625,74.14299011230469,39.77043914794922,43.65758514404297,142.61959838867188,120.36836242675781
2025-11-04,41.79958724975586,111.79743194580078,42.638427734375,51.78886795043945,151.29071044921875,146.39064025878906,74.44670104980469,39.87758255004883,43.500877380371094,143.26138305664062,118.37034606933594
2025-11-05,42.0462760925293,112.4019546508789,42.75090789794922,51.966697692871094,151.8756103515625,146.96336364746094,74.39772033691406,39.86783981323242,43.51066970825195,143.8142852783203,119.81169891357422
2025-11-06,41.83905792236328,111.39111328125,43.16657638549805,51.778987884521484,151.2708740234375,144.01004028320312,74.06462097167969,39.673030853271484,43.31968307495117,144.09071350097656,117.04330444335938
2025-11-07,42.34230422973633,111.10372161865234,43.78764724731445,52.144527435302734,152.00450134277344,143.51202392578125,75.15206909179688,40.19902420043945,43.922027587890625,144.28819274902344,117.22720336914062
2025-11-10,42.741947174072266,112.26321411132812,44.18376159667969,52.33224105834961,152.86695861816406,147.1824951171875,74.87776947021484,40.1697998046875,43.9073371887207,145.41372680664062,118.76795959472656
2025-11-11,43.18599319458008,113.17495727539062,44.76081466674805,52.56935501098633,152.9066162109375,145.92745971679688,75.85746002197266,40.61786651611328,43.931819915771484,148.77064514160156,119.06120300292969
2025-11-12,43.49189376831055,112.52088928222656,44.134857177734375,53.02381896972656,153.05532836914062,146.38067626953125,75.74968719482422,40.29642105102539,44.03466033935547,150.88356018066406,118.26100158691406
2025-11-13,43.205726623535156,110.92533874511719,44.24733352661133,52.34212112426758,150.68597412109375,142.73011779785156,75.74968719482422,39.77043914794922,43.42742156982422,150.8045654296875,115.30870056152344
2025-11-14,42.81101989746094,110.33071899414062,45.00043869018555,51.818504333496094,150.69589233398438,143.5070343017578,75.69091033935547,39.8873291015625,43.46659469604492,149.90609741210938,114.75700378417969
2025-11-17,42.159751892089844,110.18206787109375,44.17886734008789,50.830543518066406,149.21878051757812,141.2609405517578,75.21085357666016,39.624332427978516,43.85836410522461,149.77774047851562,113.678466796875
2025-11-18,42.19428634643555,110.80640411376953,44.530967712402344,50.75150680541992,148.55458068847656,138.96502685546875,75.5341567993164,39.77043914794922,43.69186019897461,150.6564483642578,111.58104705810547
2025-11-19,42.302833557128906,110.19197845458984,43.953914642333984,50.93922424316406,149.0502471923828,139.9311981201172,74.95613861083984,39.458740234375,43.324581146240234,150.39974975585938,111.58601379394531
2025-11-20,41.671302795410156,108.98292541503906,43.45510482788086,50.4946403503418,146.55203247070312,135.53857421875,75.4949722290039,39.3223762512207,43.104209899902344,149.50128173828125,109.92100524902344
2025-11-21,42.60380172729492,110.89561462402344,43.72895812988281,51.04789352416992,148.3364715576172,136.06150817871094,76.31790924072266,39.838626861572266,43.167877197265625,152.65086364746094,112.07806396484375
2025-11-24,42.68767166137695,111.99564361572266,43.60670471191406,51.2652473449707,148.70327758789062,139.3036651611328,75.43619537353516,39.897064208984375,43.65758514404297,153.29261779785156,113.5740966796875
2025-11-25,43.32414245605469,113.27406311035156,43.332847595214844,51.90742492675781,150.60667419433594,139.6772003173828,76.47466278076172,40.218505859375,43.491085052490234,156.75814819335938,116.00452423095703
2025-11-26,43.856998443603516,113.43262481689453,43.66049575805664,52.3124885559082,151.4790802001953,141.33065795898438,77.3073959350586,40.39383316040039,44.068939208984375,156.41259765625,116.79975891113281
2025-11-28,44.10862731933594,114.35428619384766,44.232662200927734,52.68791198730469,152.3613739013672,142.5458526611328,77.758056640625,40.58863830566406,44.38235092163086,155.65232849121094,117.5254135131836
2025-12-01,44.00008010864258,113.81912994384766,44.65811538696289,52.25320816040039,150.13084411621094,142.610595703125,77.67967987060547,40.0236930847168,43.34416961669922,153.32223510742188,117.5949935913086
2025-12-02,43.600440979003906,114.19571685791016,44.08106231689453,52.20381164550781,151.4394073486328,144.07977294921875,77.17023468017578,39.92628860473633,43.03565216064453,152.40402221679688,117.51546478271484
2025-12-03,43.90633773803711,114.09661102294922,44.90752029418945,52.9052619934082,152.87689208984375,144.4234161376953,77.22901916503906,40.004215240478516,42.89853286743164,153.1149139404297,118.78287506103516
2025-12-04,43.6497802734375,114.75069427490234,45.098243713378906,53.013938903808594,153.66995239257812,144.96128845214844,76.85674285888672,39.93602752685547,42.81038284301758,151.94984436035156,118.36040496826172
2025-12-05,43.50669479370117,116.07865905761719,44.912410736083984,53.033695220947266,153.24368286132812,146.02210998535156,76.86653900146484,39.92628860473633,42.4088249206543,151.31796264648438,119.01647186279297
2025-12-08,42.904762268066406,115.21647644042969,44.42338180541992,52.83610153198242,153.05532836914062,147.04803466796875,76.22972869873047,39.682777404785156,41.840763092041016,149.5111541748047,117.28683471679688
2025-12-09,42.815956115722656,115.34530639648438,44.69723892211914,52.638511657714844,151.93508911132812,147.43649291992188,76.40608215332031,39.449005126953125,41.870147705078125,148.05979919433594,117.27690887451172
2025-12-10,43.65471267700195,116.01920318603516,45.16670608520508,53.24116516113281,154.71087646484375,148.14370727539062,76.63141632080078,39.52692794799805,41.85055923461914,150.212158203125,118.99658966064453
2025-12-11,44.523067474365234,115.76153564453125,44.951534271240234,54.20936965942383,156.366455078125,147.38668823242188,77.19963073730469,39.741214752197266,42.1541748046875,151.63392639160156,119.46378326416016
2025-12-12,44.55267333984375,115.50386810302734,44.51140594482422,54.28840255737305,155.38502502441406,143.12356567382812,77.8070297241211,39.6925163269043,41.94850158691406,152.10781860351562,119.98068237304688
2025-12-15,44.523067474365234,115.52368927001953,44.198429107666016,54.32792663574219,155.6328582763672,141.73904418945312,78.02257537841797,39.84836196899414,42.33047103881836,154.12197875976562,121.00454711914062
2025-12-16,44.404659271240234,115.60296630859375,42.84870910644531,53.98213577270508,154.71087646484375,141.9980010986328,77.66988372802734,39.49770736694336,42.1541748046875,152.1177215576172,121.20336151123047
2025-12-17,44.592140197753906,114.77050018310547,43.79742431640625,53.972259521484375,152.2027587890625,138.84051513671875,78.03237915039062,39.673030853271484,41.87993240356445,151.8412322998047,119.8017578125
2025-12-18,44.57240676879883,115.4245834350586,43.16168975830078,53.88334274291992,153.19410705566406,140.98202514648438,77.58171081542969,39.42951965332031,42.29129409790039,151.95973205566406,121.61090850830078
2025-12-19,44.76976013183594,115.47412872314453,43.16168975830078,54.17972946166992,154.5126190185547,144.0299835205078,77.18003845214844,39.283416748046875,41.75261688232422,152.9766845703125,121.12383270263672
2025-12-22,45.298423767089844,115.98716735839844,43.608524322509766,54.844970703125,156.22557067871094,144.8070831298828,76.91043090820312,39.57487869262695,41.907535552978516,153.98507690429688,121.85191345214844
2025-12-23,45.37777328491211,116.71295166015625,43.89457702636719,54.95402526855469,156.1658935546875,145.5951385498047,76.54505157470703,39.56503677368164,42.055545806884766,153.67770385742188,121.68260192871094
2025-12-24,45.467041015625,117.4089126586914,43.76634979248047,55.25144958496094,156.6732177734375,145.94430541992188,77.14745330810547,39.8210563659668,42.24303436279297,154.4808349609375,122.10092163085938
2025-12-26,45.73484420776367,117.28961181640625,43.598663330078125,55.142391204833984,156.38475036621094,146.17373657226562,77.2560806274414,39.89983367919922,42.21342849731445,154.72872924804688,121.56307983398438
2025-12-29,45.367855072021484,117.21006774902344,44.01294708251953,54.844970703125,156.04652404785156,145.51535034179688,77.30545806884766,40.00815200805664,42.2923698425293,154.49075317382812,120.36786651611328
2025-12-30,45.357933044433594,117.60775756835938,44.348323822021484,54.706172943115234,155.598876953125,145.0564727783203,77.17707824707031,40.09677505493164,42.39104461669922,154.36184692382812,119.87981414794922
2025-12-31,44.98102569580078,117.04105377197266,44.101722717285156,54.29969024658203,154.3057098388672,143.61996459960938,76.71292877197266,39.7324333190918,42.1246223449707,153.4893035888672,118.9336166381836
2026-01-02,45.74475860595703,116.22578430175781,45.028934478759766,54.45832061767578,157.15069580078125,143.94915771484375,76.7228012084961,39.76197814941406,42.608131408691406,154.1932830810547,117.87783813476562
2026-01-05,46.201019287109375,117.07087707519531,46.2520637512207,55.648014068603516,159.01087951660156,144.26837158203125,76.38703155517578,39.81121063232422,42.134490966796875,153.7272491455078,119.82006072998047
2026-01-06,47.1135368347168,116.65330505371094,45.01906967163086,55.91569900512695,161.16949462890625,146.29344177246094,76.50554656982422,40.07707977294922,42.341705322265625,156.75144958496094,120.58698272705078
2026-01-07,46.300209045410156,116.41468048095703,44.51601028442383,55.13248062133789,158.135498046875,146.17373657226562,75.66612243652344,39.5256462097168,41.31547927856445,158.3081512451172,120.41767120361328
2026-01-08,47.1135368347168,116.80243682861328,45.916690826416016,55.41999053955078,159.32920837402344,143.88931274414062,77.46347045898438,39.8210563659668,41.433895111083984,156.78118896484375,122.42960357666016
2026-01-09,47.86735153198242,117.2299575805664,46.035057067871094,55.25144958496094,161.0799560546875,145.79466247558594,78.26338195800781,39.88014221191406,41.94700241088867,155.97804260253906,123.91366577148438
2026-01-12,48.12523651123047,116.87203216552734,45.70954513549805,54.81522750854492,162.31346130371094,146.43310546875,79.18180847167969,39.99829864501953,42.016082763671875,156.04745483398438,124.02322387695312
2026-01-13,48.333526611328125,116.21583557128906,46.360565185546875,53.76432800292969,163.14903259277344,146.1238555908203,80.10022735595703,40.30355453491211,42.28250503540039,155.41287231445312,123.71446228027344
2026-01-14,48.353363037109375,115.96727752685547,47.40614700317383,53.685020446777344,163.40768432617188,144.3481903076172,81.20629119873047,40.75651550292969,42.598262786865234,156.5233917236328,121.76228332519531
2026-01-15,48.56165313720703,115.53976440429688,46.9622688293457,53.90312576293945,164.9097442626953,145.10635375976562,81.34454345703125,41.06177520751953,43.03243637084961,155.6310272216797,122.21048736572266
2026-01-16,48.283931732177734,114.50575256347656,47.04117965698242,53.9725227355957,166.02386474609375,145.2659454345703,81.08777618408203,41.563968658447266,42.81535339355469,154.4213409423828,121.81208801269531
2026-01-20,47.79792022705078,112.81555938720703,46.9524040222168,52.7431755065918,162.67156982421875,141.49513244628906,81.33466339111328,40.76636505126953,42.39104461669922,154.08421325683594,118.644775390625
2026-01-21,48.83938217163086,113.96886444091797,48.08675765991211,53.000938415527344,165.48670959472656,143.46035766601562,81.4136734008789,40.91407012939453,42.450252532958984,156.9199981689453,120.9156723022461
2026-01-22,49.11709976196289,115.57952880859375,48.24458312988281,53.347938537597656,164.6312255859375,144.5277557373047,81.24578094482422,40.51034164428711,42.14435577392578,156.94973754882812,122.13080596923828
2026-01-23,49.56344223022461,116.28543090820312,48.52077102661133,52.614288330078125,163.35794067382812,144.73724365234375,81.87782287597656,40.61865997314453,41.99634552001953,156.1466064453125,122.63876342773438
2026-01-26,49.622947692871094,117.09075927734375,48.55036544799805,52.95137023925781,163.51710510253906,145.72483825683594,81.74943542480469,40.58911895751953,42.30223846435547,156.76136779785156,121.83200073242188
2026-01-27,49.57335662841797,116.22578430175781,48.994239807128906,52.544891357421875,164.19354248046875,147.6900634765625,82.12470245361328,40.61865997314453,42.85482406616211,154.1337890625,122.20052337646484
2026-01-28,49.543601989746094,116.07664489746094,49.36907196044922,52.534976959228516,163.2783660888672,148.86717224121094,81.295166015625,40.22478103637695,42.75614929199219,153.00343322753906,121.28419494628906
2026-01-29,49.59319305419922,119.09911346435547,49.822811126708984,53.09016799926758,164.9893341064453,146.51292419433594,81.1075210571289,40.736820220947266,42.75614929199219,152.51759338378906,120.70651245117188
2026-01-30,48.86913299560547,119.38744354248047,50.355464935302734,52.981109619140625,164.57154846191406,143.5301971435547,82.47035217285156,40.79590606689453,42.677207946777344,153.42982482910156,120.68658447265625
2026-02-02,49.24604415893555,118.97980499267578,49.36907196044922,53.566043853759766,166.6505584716797,144.9068145751953,83.4480209350586,40.33309555053711,42.055545806884766,154.37176513671875,121.4833984375
2026-02-03,50.28750228881836,117.0609359741211,50.9670295715332,53.07033920288086,168.05316162109375,141.7345733642578,84.80096435546875,40.18539810180664,42.66733932495117,152.7952423095703,120.5073013305664
2026-02-04,51.46781921386719,116.12635803222656,52.11125183105469,53.49664306640625,168.50079345703125,137.78419494628906,85.90702056884766,40.825443267822266,42.50946044921875,154.70889282226562,119.62085723876953
2026-02-05,50.08912658691406,115.53976440429688,51.49968719482422,52.8323974609375,167.4861602783203,135.3002471923828,85.837890625,40.59896469116211,42.52919387817383,153.52896118164062,117.04119110107422
2026-02-06,51.09090805053711,115.09235382080078,52.525535583496094,53.794071197509766,172.27088928222656,140.78688049316406,86.84519958496094,41.34733581542969,42.775882720947266,156.37466430664062,117.51927185058594
2026-02-09,51.75545883178711,116.20588684082031,52.91022872924805,53.4768180847168,172.78817749023438,143.00148010253906,86.34154510498047,41.60335159301758,42.90415954589844,154.99644470214844,117.0810317993164
2026-02-10,52.47951889038086,116.90185546875,52.85104751586914,53.09016799926758,172.9970703125,142.20343017578125,86.06503295898438,42.184326171875,43.614627838134766,154.0148162841797,117.85792541503906
2026-02-11,53.183738708496094,116.06670379638672,54.231998443603516,52.28712463378906,173.9221954345703,142.62240600585938,87.29946899414062,42.144935607910156,43.99946212768555,154.92701721191406,117.29019165039062
2026-02-12,52.40017318725586,113.97881317138672,53.24560546875,51.24613952636719,171.84315490722656,138.87155151367188,88.0993881225586,42.2138671875,44.650718688964844,154.67913818359375,115.66669464111328
2026-02-13,52.87626647949219,113.91915893554688,53.61056900024414,51.20648193359375,173.25570678710938,139.22068786621094,88.3956527709961,42.834224700927734,45.8841667175293,156.3350067138672,115.71649932861328
2026-02-17,52.2712287902832,113.74019622802734,53.018733978271484,51.75176239013672,174.1609344482422,139.140869140625,87.10195922851562,43.267486572265625,45.76575469970703,156.03753662109375,115.57705688476562
2026-02-18,52.588623046875,113.9291000366211,54.03471755981445,52.13841247558594,174.1211395263672,140.56741333007812,86.9439468383789,42.686519622802734,45.005950927734375,156.3350067138672,116.55313873291016
2026-02-19,52.40017318725586,114.4759292602539,54.42927932739258,51.70219039916992,175.414306640625,139.86911010742188,86.57855987548828,42.538814544677734,45.49932861328125,155.928466796875,115.77625274658203
2026-02-20,52.529109954833984,116.12635803222656,54.13336181640625,52.03927230834961,176.29965209960938,140.5374755859375,86.79581451416016,42.89330291748047,45.71641540527344,155.49220275878906,116.98143005371094
2026-02-23,52.529109954833984,114.69466400146484,54.399688720703125,50.29438400268555,173.9122314453125,138.18321228027344,87.86237335205078,42.942543029785156,46.0617790222168,157.1976318359375,114.53124237060547
2026-02-24,52.92585754394531,115.49005126953125,54.35036849975586,50.542236328125,176.05096435546875,139.97885131835938,88.62278747558594,43.060699462890625,46.574893951416016,156.53329467773438,116.27426147460938
2026-02-25,52.628299713134766,115.82808685302734,54.12349319458008,51.42459487915039,174.67820739746094,142.66229248046875,87.9018783569336,42.775142669677734,46.73277282714844,156.49365234375,116.62286376953125
2026-02-26,52.56878662109375,116.04682159423828,54.301048278808594,52.0491828918457,175.77243041992188,140.6671600341797,87.75374603271484,42.96223449707031,46.55515670776367,156.08712768554688,116.5830307006836
2026-02-27,52.97544860839844,117.36915588378906,55.15920639038086,50.988372802734375,176.21011352539062,138.42263793945312,88.8894271850586,43.16902160644531,47.09787368774414,158.8435821533203,116.39378356933594
2026-03-02,52.81675338745117,117.19019317626953,56.26397705078125,50.8594856262207,177.96087646484375,139.2007293701172,87.6056137084961,43.24779510498047,46.74264144897461,157.18771362304688,114.95952606201172
2026-03-03,51.51741027832031,117.2796630859375,55.75104522705078,50.770259857177734,174.51904296875,137.1656951904297,86.6476821899414,43.031166076660156,46.44661331176758,155.41287231445312,113.90375518798828
2026-03-04,51.4975700378418,118.1048812866211,55.425537109375,51.057769775390625,175.0462646484375,139.5,86.07491302490234,43.090240478515625,46.64396667480469,155.7202606201172,115.9256591796875
2026-03-05,50.41644287109375,117.75690460205078,55.71158981323242,50.79009246826172,171.1567840576172,139.83917236328125,84.3467025756836,42.67667007446289,46.27886962890625,152.60684204101562,116.08502960205078
2026-03-06,49.4543342590332,116.78255462646484,55.80036544799805,50.1357536315918,169.04791259765625,136.95619201660156,84.71208190917969,42.233558654785156,46.12098693847656,151.40708923339844,113.98344421386719
2026-03-09,49.583274841308594,116.88197326660156,55.553768157958984,49.89781951904297,170.04266357421875,139.42019653320312,84.89972686767578,42.322181701660156,46.229530334472656,152.95387268066406,114.13284301757812
2026-03-10,49.47417449951172,116.70301055908203,54.843563079833984,49.6301383972168,169.12750244140625,139.42019653320312,84.65283203125,42.263099670410156,45.9433708190918,151.85325622558594,113.98344421386719
2026-03-11,49.43449783325195,116.32520294189453,56.20479202270508,49.2137451171875,168.60028076171875,140.08856201171875,83.53689575195312,41.76090621948242,45.55853271484375,151.5558319091797,113.68463897705078
2026-03-12,49.27579879760742,114.60517883300781,56.727577209472656,48.410701751708984,164.3726043701172,137.50486755371094,83.20113372802734,41.49503707885742,45.8841667175293,148.8885955810547,111.07508850097656
2026-03-13,48.7897834777832,113.78990936279297,56.91499328613281,48.470184326171875,163.78567504882812,136.4674072265625,83.68502807617188,41.60335159301758,46.338069915771484,148.52171325683594,110.417724609375
2026-03-16,48.998077392578125,114.66484069824219,57.112274169921875,48.87666320800781,165.1882781982422,138.4425811767578,83.92205047607422,41.928306579589844,46.63409423828125,149.73138427734375,111.75236511230469
2026-03-17,49.11709976196289,114.70460510253906,57.71397399902344,49.13443374633789,165.6259765625,139.2007293701172,83.6455307006836,42.066162109375,46.505821228027344,148.37298583984375,112.72846221923828
2026-03-18,48.08556365966797,113.00447082519531,57.63506317138672,48.54949951171875,164.31289672851562,137.6245880126953,81.61117553710938,41.37687301635742,46.11111831665039,145.8941650390625,110.12887573242188
2026-03-19,47.35158157348633,112.48746490478516,58.55241012573242,48.5693244934082,163.1987762451172,138.0934295654297,80.94951629638672,41.278404235839844,45.92363739013672,145.36863708496094,109.26234436035156
2026-03-20,46.5977668762207,111.58271789550781,58.50309371948242,48.65855407714844,160.82131958007812,134.96107482910156,80.27798461914062,39.9687614440918,44.05866622924805,144.0994873046875,107.31016540527344
2026-03-23,47.372867584228516,112.41754150390625,59.203041076660156,49.0980110168457,162.6498260498047,136.78689575195312,80.62060546875,40.26714324951172,44.495872497558594,144.13433837890625,109.90100860595703
2026-03-24,48.26951599121094,110.84164428710938,60.40437698364258,49.107975006103516,163.59750366210938,135.9878387451172,80.55108642578125,39.94001388549805,44.80390548706055,144.15423583984375,109.46187591552734
2026-03-25,49.2259407043457,111.15084075927734,60.13631057739258,49.16776657104492,164.69480895996094,136.5971221923828,80.94833374023438,39.92018508911133,44.962890625,145.59788513183594,110.50979614257812
2026-03-26,48.90713119506836,108.52766418457031,61.07950973510742,48.87877655029297,160.87420654296875,132.34219360351562,80.58087921142578,39.94001388549805,45.04238510131836,145.10008239746094,108.61357116699219
2026-03-27,48.72780227661133,106.76226043701172,62.112064361572266,47.64310836791992,158.8092803955078,129.76527404785156,81.21646881103516,39.66244125366211,45.30073165893555,142.63095092773438,105.46983337402344
2026-03-30,48.90713119506836,107.67987060546875,61.516357421875,48.19118881225586,156.2256317138672,127.34815216064453,81.31578063964844,39.8607063293457,45.62863540649414,143.18850708007812,105.44987487792969
2026-03-31,49.78385543823242,110.57234191894531,60.82136917114258,49.197662353515625,161.33306884765625,132.74171447753906,81.41510009765625,40.47532272338867,45.59882736206055,145.96624755859375,108.76327514648438
2026-04-01,50.27202606201172,110.95135498046875,58.547767639160156,49.267417907714844,164.02642822265625,134.74932861328125,80.89867401123047,40.59428024291992,45.81743240356445,147.08132934570312,109.5816421508789
2026-04-02,50.22221374511719,111.41016387939453,58.82576370239258,49.35710144042969,163.36807250976562,135.8280487060547,81.32571411132812,41.2485466003418,46.04597473144531,146.16537475585938,107.93492126464844
2026-04-06,50.03292465209961,111.47000885009766,59.252685546875,49.70588302612305,164.2060089111328,136.61709594726562,82.09041595458984,41.397239685058594,45.877052307128906,145.6376953125,108.82315063476562
2026-04-07,49.8934440612793,111.52985382080078,59.729248046875,49.70588302612305,163.87681579589844,137.2663116455078,80.70005798339844,41.35758972167969,45.976417541503906,145.9264373779297,107.55567169189453
2026-04-08,51.55722427368164,113.51468658447266,57.63435363769531,51.02127456665039,170.02169799804688,141.52125549316406,82.20957946777344,42.07133483886719,46.48318099975586,149.0128173828125,110.599609375
2026-04-09,51.47751998901367,113.97349548339844,56.91950988769531,51.150821685791016,171.76739501953125,141.9008026123047,82.87496185302734,42.35881423950195,46.85083770751953,148.67431640625,112.51579284667969
2026-04-10,51.76643753051758,113.6543197631836,56.53230285644531,50.5927734375,171.0990447998047,142.45013427734375,81.80240631103516,42.448036193847656,46.66204071044922,146.66317749023438,112.66549682617188
2026-04-13,51.995582580566406,114.5220718383789,56.70108413696289,51.47966766357422,172.30606079101562,145.43658447265625,80.9880599975586,42.646297454833984,46.09565734863281,147.32028198242188,113.69344329833984
2026-04-14,51.816253662109375,116.25755310058594,55.54939270019531,51.599246978759766,172.924560546875,147.76380920410156,80.90860748291016,43.052734375,46.17515182495117,148.17649841308594,116.20843505859375
2026-04-15,51.188602447509766,117.05548095703125,55.360748291015625,51.987884521484375,170.75987243652344,150.12100219726562,80.50143432617188,43.03290939331055,45.728004455566406,147.12115478515625,117.94497680664062
2026-04-16,51.55722427368164,118.52166748046875,56.17488098144531,51.84837341308594,169.91195678710938,151.83895874023438,80.86888122558594,43.42943572998047,46.055908203125,145.96624755859375,117.39606475830078
2026-04-17,51.68674087524414,118.79096221923828,54.62604904174805,52.246978759765625,173.0841522216797,154.1661834716797,81.89178466796875,44.09361267089844,45.86711502075195,148.14663696289062,120.17053985595703
2026-04-20,52.03543472290039,118.4418716430664,54.675689697265625,52.44628143310547,173.4731903076172,154.37591552734375,81.822265625,44.25222396850586,45.459716796875,146.77268981933594,119.6316146850586
2026-04-21,51.5771484375,116.85600280761719,55.46996307373047,52.117431640625,171.0192413330078,154.50576782226562,81.27605438232422,43.39969253540039,44.664794921875,145.27928161621094,118.73340606689453
2026-04-22,51.636924743652344,117.57412719726562,56.13516616821289,52.027748107910156,170.62020874023438,157.90171813964844,81.54419708251953,43.08247375488281,44.58530044555664,145.7372589111328,118.6934814453125
2026-04-23,51.617000579833984,117.08539581298828,56.57201385498047,51.619178771972656,173.64279174804688,155.65440368652344,82.9047622680664,43.57813262939453,45.79756164550781,145.59788513183594,117.50584411621094
2026-04-24,51.726585388183594,115.24020385742188,56.46280288696289,51.24050521850586,172.0467071533203,160.02919006347656,82.65648651123047,43.44926452636719,45.88698959350586,143.5469207763672,118.45396423339844
2026-04-27,51.58710861206055,115.5094985961914,56.363521575927734,51.629146575927734,172.08660888671875,160.37876892089844,81.77261352539062,43.11221694946289,45.89692306518555,142.83009338378906,117.60564422607422
2026-04-28,51.208526611328125,115.44965362548828,57.29678726196289,51.669002532958984,170.56036376953125,157.66201782226562,82.50751495361328,43.528564453125,45.956546783447266,143.20840454101562,116.77730560302734
2026-04-29,50.770164489746094,114.99085235595703,58.607337951660156,51.7387580871582,169.512939453125,158.92050170898438,82.34861755371094,43.26091003417969,45.39016342163086,142.21279907226562,116.60763549804688
2026-04-30,51.27826690673828,116.20768737792969,59.222900390625,51.948028564453125,174.1515350341797,159.31004333496094,83.72903442382812,44.014312744140625,46.552738189697266,145.34898376464844,118.11463165283203
2026-05-01,51.15871047973633,116.4171371459961,58.42862319946289,51.7387580871582,172.53550720214844,161.67721557617188,83.59000396728516,43.93500518798828,46.254642486572266,144.5226287841797,118.39407348632812
2026-05-04,50.46132278442383,115.79874420166016,58.964759826660156,51.39994812011719,170.56036376953125,161.8570098876953,82.96434783935547,43.69709014892578,46.075782775878906,144.09449768066406,117.48589324951172
2026-05-05,51.33803939819336,115.32996368408203,59.024330139160156,51.409912109375,171.9868621826172,165.4327392578125,83.48075866699219,43.78630447387695,46.075782775878906,144.66200256347656,117.83518981933594
2026-05-06,52.21476364135742,117.04550170898438,56.59187316894531,51.65903854370117,176.4359130859375,169.82749938964844,83.65951538085938,44.351356506347656,45.41997146606445,144.7615509033203,119.6316146850586
2026-05-07,51.208526611328125,117.07542419433594,55.54939270019531,51.370052337646484,173.5729522705078,169.4879150390625,83.40131378173828,44.014312744140625,44.83371353149414,144.0845489501953,119.64159393310547
2026-05-08,51.39781951904297,116.6365737915039,55.30118179321289,51.061134338378906,172.77491760253906,175.31097412109375,83.59993743896484,44.02422332763672,44.43625259399414,142.85995483398438,119.96095275878906
2026-05-11,52.0653190612793,115.28009796142578,56.76065444946289,51.0013427734375,174.6103973388672,177.66815185546875,82.79551696777344,44.182830810546875,44.85358810424805,142.41192626953125,119.13261413574219
2026-05-12,51.945770263671875,115.55937194824219,57.15779113769531,51.39994812011719,173.92210388183594,174.99134826660156,83.85814666748047,44.1927490234375,44.90327072143555,145.2095947265625,118.05475616455078
2026-05-13,51.86606979370117,116.45703887939453,57.21736145019531,50.812007904052734,173.19387817382812,176.63938903808594,84.13621520996094,43.825958251953125,44.38656997680664,146.06581115722656,118.48390197753906
2026-05-14,51.47751998901367,116.8061294555664,57.654212951660156,51.1109619140625,174.08169555664062,179.28622436523438,84.39442443847656,43.528564453125,44.6151123046875,145.9861602783203,118.43399810791016
2026-05-15,50.11262130737305,115.77880096435547,59.014400482177734,50.92162322998047,170.9793243408203,176.05007934570312,84.0567626953125,42.85447311401367,43.591644287109375,144.462890625,116.29825592041016
2026-05-18,50.03292465209961,116.67646789550781,60.146240234375,51.559391021728516,170.3309326171875,174.15234375,85.3080825805664,43.369956970214844,43.66120147705078,145.0801544189453,116.08867645263672
2026-05-19,48.85731887817383,115.54939270019531,60.851158142089844,50.92162322998047,168.32586669921875,173.03367614746094,85.49677276611328,43.55830383300781,44.05866241455078,146.6731414794922,114.80123901367188
2026-05-20,49.534786224365234,115.79874420166016,59.371822357177734,51.47966766357422,170.31097412109375,176.9290313720703,84.93069458007812,44.04404830932617,44.22758483886719,146.48397827148438,117.70545196533203
2026-05-21,49.83366775512695,115.79874420166016,58.70662307739258,51.54942321777344,170.11146545410156,178.38729858398438,84.07662963867188,44.113441467285156,44.7144775390625,147.49948120117188,118.46393585205078
2026-05-22,50.1026611328125,115.16040802001953,59.06404495239258,51.758689880371094,171.3484344482422,180.17515563964844,84.21566772460938,44.17292022705078,45.062252044677734,149.23184204101562,118.94298553466797
2026-05-26,50.80005645751953,115.25017547607422,57.43578338623047,51.669002532958984,173.87222290039062,184.9195098876953,83.05371856689453,44.321617126464844,45.04238510131836,147.85791015625,119.21244812011719
2026-05-27,50.98934555053711,115.95833587646484,56.581947326660156,51.24050521850586,173.87222290039062,184.21034240722656,83.99717712402344,44.242313385009766,44.85358810424805,148.1366729736328,121.30827331542969
2026-05-28,51.16867446899414,116.36726379394531,56.542232513427734,51.09103012084961,173.37344360351562,186.62747192382812,83.84821319580078,44.02422332763672,44.346824645996094,150.21751403808594,121.81725311279297
2026-05-29,50.95945739746094,115.38981628417969,55.886959075927734,51.39994812011719,172.70509338378906,190.79251098632812,82.33869171142578,43.607872009277344,44.138153076171875,148.81369018554688,120.62963104248047
2026-06-01,50.73031234741211,115.31002044677734,56.88972473144531,51.25047302246094,171.9768829345703,195.52685546875,81.46475219726562,42.894126892089844,42.82653045654297,147.1908416748047,117.9549560546875
2026-06-02,51.32807922363281,113.27531433105469,57.54499816894531,51.280364990234375,173.7624969482422,197.9739532470703,81.26612854003906,43.11221694946289,43.621456146240234,145.75717163085938,117.35614776611328
2026-06-03,51.43767166137695,111.78917694091797,58.28962707519531,50.69242477416992,173.62283325195312,195.9962921142578,81.59385681152344,43.13203811645508,43.43265914916992,146.90213012695312,116.49786376953125
2026-06-04,51.427703857421875,112.8165054321289,58.329341888427734,52.007816314697266,175.7276611328125,192.93994140625,81.47467803955078,44.014312744140625,43.66120147705078,151.4122314453125,117.02680969238281
2026-06-05,50.4413948059082,111.38024139404297,57.25707244873047,52.117431640625,173.75250244140625,180.08526611328125,82.86503601074219,44.311702728271484,44.068599700927734,152.33815002441406,114.63157653808594
2026-06-08,49.773887634277344,110.80174255371094,57.912349700927734,51.7885856628418,173.20387268066406,183.9606475830078,82.4975814819336,43.64752197265625,43.243865966796875,151.97972106933594,115.1605224609375
2026-06-09,50.580875396728516,111.19073486328125,56.97908020019531,52.27687454223633,175.16903686523438,180.55471801757812,83.5204849243164,44.57936096191406,43.70094680786133,153.8913116455078,115.63957214355469
2026-06-10,49.41522979736328,110.72195434570312,57.832923889160156,52.04767608642578,169.2436065673828,176.41964721679688,84.90090942382812,44.599185943603516,43.720821380615234,152.17886352539062,113.26429748535156
2026-06-11,51.029197692871094,111.8290786743164,56.71101379394531,52.436317443847656,174.72012329101562,182.99180603027344,84.68241882324219,44.529788970947266,43.770503997802734,153.4134063720703,116.06871795654297
2026-06-12,51.98562240600586,111.36029815673828,57.137935638427734,53.153804779052734,175.7476043701172,184.5799102783203,85.22863006591797,44.96596908569336,44.24745559692383,153.13462829589844,116.36811828613281
2026-06-15,52.30442810058594,111.89889526367188,55.15225601196289,53.3730354309082,178.241455078125,191.56158447265625,84.89098358154297,44.599185943603516,44.45612716674805,152.2186737060547,118.33419799804688
2026-06-16,52.52360916137695,112.02855682373047,54.96361541748047,54.1602783203125,179.40859985351562,186.21795654296875,85.00021362304688,44.708229064941406,44.77409744262695,152.26846313476562,118.22441864013672
2026-06-17,51.82621765136719,108.9166488647461,54.2785530090332,53.861324310302734,179.15921020507812,185.57872009277344,83.10337829589844,43.58804702758789,44.17790222167969,150.04824829101562,115.26032257080078
2026-06-18,51.617000579833984,109.16600036621094,53.38500213623047,53.382999420166016,180.46600341796875,191.21200561523438,82.72599792480469,43.479000091552734,44.47599792480469,148.74398803710938,116.92700958251953
2026-06-22,51.619998931884766,106.86000061035156,54.060001373291016,53.70000076293945,181.8000030517578,192.14999389648438,82.18000030517578,44.02000045776367,44.720001220703125,150.05999755859375,114.94000244140625
2026-06-23,50.869998931884766,107.2699966430664,54.459999084472656,53.880001068115234,178.14999389648438,184.19000244140625,83.72000122070312,44.63999938964844,45.06999969482422,152.17999267578125,113.76000213623047
2026-06-24,51.15999984741211,106.54000091552734,53.56999969482422,53.720001220703125,180.2100067138672,183.0500030517578,84.44000244140625,44.5099983215332,45.540000915527344,153.35000610351562,115.06999969482422
2026-06-25,51.84000015258789,105.58000183105469,54.09000015258789,53.45000076293945,184.1199951171875,184.57000732421875,83.94000244140625,44.59000015258789,45.849998474121094,155.6300048828125,113.3499984741211
2026-06-26,51.599998474121094,106.18000030517578,53.84000015258789,53.56999969482422,181.1999969482422,181.11000061035156,84.70999908447266,45.2400016784668,46.20000076293945,160.33999633789062,114.37000274658203
2026-06-29,50.65999984741211,107.87999725341797,53.58000183105469,53.720001220703125,182.75999450683594,185.41000366210938,84.37000274658203,44.91999816894531,46.02000045776367,160.74000549316406,117.12000274658203
2026-06-30,50.83000183105469,107.12999725341797,53.11000061035156,53.61000061035156,185.22999572753906,190.52000427246094,83.06999969482422,44.029998779296875,45.34000015258789,158.66000366210938,117.27999877929688
2026-07-01,51.02000045776367,109.73999786376953,52.810001373291016,54.779998779296875,183.36000061035156,185.6199951171875,83.30000305175781,44.18000030517578,44.77000045776367,159.5399932861328,118.08999633789062
2026-07-02,52.0099983215332,109.5999984741211,53.220001220703125,55.619998931884766,183.91000366210938,180.58999633789062,84.98999786376953,44.68000030517578,45.7599983215332,163.74000549316406,117.12000274658203
2026-07-06,51.97999954223633,110.20999908447266,53.130001068115234,56.13999938964844,185.55999755859375,183.57000732421875,84.0999984741211,44.290000915527344,45.29999923706055,161.9600067138672,118.01000213623047
2026-07-07,51.5099983215332,111.0199966430664,54.63999938964844,56.04999923706055,182.3800048828125,179.17999267578125,84.86000061035156,44.88999938964844,45.70000076293945,164.44000244140625,117.38999938964844
2026-07-08,50.15999984741211,109.45999908447266,55.599998474121094,54.970001220703125,180.4199981689453,181.39999389648438,84.38999938964844,44.150001525878906,45.36000061035156,162.3000030517578,115.30000305175781
2026-07-09,50.2599983215332,110.51000213623047,54.81999969482422,55.540000915527344,181.11000061035156,185.35000610351562,83.19999694824219,44.22999954223633,45.130001068115234,162.1699981689453,116.8499984741211
2026-07-10,50.88999938964844,111.63999938964844,55.08000183105469,55.709999084472656,181.9199981689453,185.77999877929688,84.12000274658203,44.45000076293945,45.40999984741211,160.83999633789062,117.23999786376953
2026-07-13,50.58000183105469,111.58999633789062,56.7400016784668,56.06999969482422,180.3699951171875,181.27999877929688,84.58999633789062,44.70000076293945,45.720001220703125,161.41000366210938,116.04000091552734
2026-07-14,50.63999938964844,111.44999694824219,56.95000076293945,56.18000030517578,180.4499969482422,183.6199951171875,83.41999816894531,44.47999954223633,45.689998626708984,158.2899932861328,115.9000015258789
2026-07-15,50.5,113.37999725341797,56.5,56.560001373291016,180.05999755859375,181.5800018310547,83.47000122070312,44.560001373291016,45.220001220703125,158.2899932861328,117.0
2026-07-16,50.88999938964844,112.6500015258789,57.02000045776367,56.75,180.14999389648438,177.52000427246094,85.80999755859375,45.459999084472656,45.470001220703125,161.8000030517578,117.33999633789062
2026-07-17,50.529998779296875,110.6500015258789,57.68000030517578,56.2599983215332,179.41000366210938,175.58999633789062,85.19000244140625,45.41999816894531,45.16999816894531,161.08999633789062,115.44000244140625
2026-07-20,50.029998779296875,110.80000305175781,57.939998626708984,56.040000915527344,178.1199951171875,175.7100067138672,84.86000061035156,45.22999954223633,44.939998626708984,159.25,114.61000061035156
2026-07-21,50.099998474121094,110.02999877929688,58.5,56.11000061035156,178.66000366210938,180.77999877929688,84.05999755859375,45.20000076293945,44.91999816894531,160.25,114.87000274658203
2026-07-22,50.81999969482422,109.19999694824219,59.20000076293945,56.04999923706055,178.85000610351562,180.27000427246094,84.37999725341797,45.0099983215332,45.93000030517578,159.42999267578125,114.0199966430664
2026-07-23,50.290000915527344,105.37999725341797,59.380001068115234,55.83000183105469,181.94000244140625,178.4499969482422,83.20999908447266,44.95000076293945,46.189998626708984,161.44000244140625,108.76000213623047
2026-07-24,51.2599983215332,106.30000305175781,59.619998931884766,56.310001373291016,182.66000366210938,175.8800048828125,84.12999725341797,45.95000076293945,46.290000915527344,162.57000732421875,109.41000366210938
2026-07-27,51.38999938964844,107.66000366210938,58.36000061035156,56.880001068115234,183.1999969482422,174.3000030517578,85.36000061035156,45.7599983215332,45.68000030517578,163.39999389648438,110.83999633789062
2026-07-28,52.34000015258789,109.66999816894531,57.56999969482422,57.599998474121094,182.49000549316406,171.08999633789062,87.05999755859375,46.0099983215332,45.52000045776367,167.25999450683594,112.4800033569336
2026-07-29,51.7400016784668,109.51000213623047,58.650001525878906,56.68000030517578,176.66000366210938,166.57000732421875,87.36000061035156,45.959999084472656,44.90999984741211,166.24000549316406,111.61000061035156
2026-07-30,51.63999938964844,106.58000183105469,58.959999084472656,57.0,178.38999938964844,175.72999572753906,85.47000122070312,45.29999923706055,44.65999984741211,163.52000427246094,112.38999938964844
2026-07-31,50.43000030517578,108.23999786376953,59.54999923706055,56.939998626708984,179.83999633789062,175.35000610351562,85.05000305175781,45.06999969482422,44.349998474121094,162.5500030517578,116.08999633789062
2026-08-03,51.0099983215332,111.33999633789062,58.790000915527344,57.380001068115234,183.16000366210938,178.0399932861328,84.86000061035156,45.18000030517578,44.36000061035156,162.24000549316406,118.20999908447266
2026-08-04,52.0,112.04000091552734,58.52000045776367,57.880001068115234,186.39999389648438,186.89999389648438,85.37000274658203,45.16999816894531,44.11000061035156,162.10000610351562,118.29000091552734
2026-08-05,52.63999938964844,110.87000274658203,57.310001373291016,58.0,186.35000610351562,185.91000366210938,85.33000183105469,45.20000076293945,43.65999984741211,164.16000366210938,118.63999938964844
2026-08-06,52.16999816894531,111.18000030517578,58.15999984741211,57.810001373291016,184.75999450683594,185.3300018310547,85.11000061035156,44.810001373291016,43.380001068115234,164.4499969482422,118.0999984741211
2026-08-07,52.86000061035156,111.25,57.5,57.599998474121094,185.17999267578125,187.97000122070312,85.12000274658203,44.97999954223633,43.61000061035156,165.67999267578125,119.86000061035156
2026-08-10,53.18000030517578,111.83000183105469,60.18000030517578,57.810001373291016,184.60000610351562,186.32000732421875,84.94999694824219,44.400001525878906,43.130001068115234,168.44000244140625,119.66999816894531
2026-08-11,53.2400016784668,111.2699966430664,60.93000030517578,57.79999923706055,185.6999969482422,186.08999633789062,84.69000244140625,44.08000183105469,43.630001068115234,168.00999450683594,119.23999786376953
2026-08-12,52.58000183105469,110.2699966430664,61.029998779296875,57.91999816894531,185.8800048828125,188.86000061035156,85.08000183105469,44.4900016784668,43.84000015258789,168.44000244140625,117.88999938964844
2026-08-13,52.310001373291016,112.55000305175781,61.060001373291016,58.2599983215332,185.7899932861328,190.77000427246094,86.0,45.119998931884766,44.040000915527344,168.3800048828125,118.44999694824219
2026-08-14,52.540000915527344,112.94999694824219,61.90999984741211,58.15999984741211,186.50999450683594,190.00999450683594,86.08999633789062,45.27000045776367,44.310001373291016,167.3699951171875,118.19999694824219
2026-08-17,52.2400016784668,110.81999969482422,62.58000183105469,57.58000183105469,186.32000732421875,190.32000732421875,84.68000030517578,44.83000183105469,44.18000030517578,167.0500030517578,116.75
2026-08-18,51.779998779296875,110.4800033569336,63.68000030517578,57.84000015258789,183.57000732421875,185.6199951171875,85.58000183105469,44.630001068115234,44.02000045776367,169.72999572753906,116.36000061035156
2026-08-19,52.52000045776367,111.31999969482422,63.58000183105469,57.47999954223633,181.9499969482422,183.63999938964844,86.54000091552734,44.9900016784668,44.02000045776367,175.67999267578125,118.58999633789062
2026-08-20,52.41999816894531,110.68000030517578,63.75,56.95000076293945,179.77000427246094,183.10000610351562,85.31999969482422,45.08000183105469,43.77000045776367,172.38999938964844,116.68000030517578
2026-08-21,53.540000915527344,111.4000015258789,63.63999938964844,57.47999954223633,180.25,183.30999755859375,85.98999786376953,45.08000183105469,42.77000045776367,174.6199951171875,118.0199966430664
2026-08-24,53.58000183105469,112.31999969482422,63.11000061035156,58.220001220703125,179.0,180.0500030517578,87.44999694824219,45.33000183105469,43.220001220703125,174.6999969482422,118.30000305175781
2026-08-25,53.58000183105469,113.18000030517578,62.060001373291016,58.310001373291016,178.39999389648438,181.74000549316406,86.5199966430664,45.36000061035156,43.310001373291016,175.2899932861328,117.94999694824219
2026-08-26,53.66999816894531,112.61000061035156,62.43000030517578,58.2599983215332,180.33999633789062,182.83999633789062,86.2699966430664,45.09000015258789,43.5099983215332,173.5399932861328,117.16000366210938
2026-08-27,53.22999954223633,111.41000366210938,62.290000915527344,57.880001068115234,178.8000030517578,188.61000061035156,85.08000183105469,44.65999984741211,43.18000030517578,171.5800018310547,115.87999725341797
2026-08-28,53.18000030517578,112.98999786376953,62.68000030517578,58.099998474121094,177.13999938964844,185.69000244140625,85.44999694824219,44.47999954223633,42.72999954223633,171.16000366210938,117.20999908447266
2026-08-31,52.689998626708984,111.45999908447266,63.959999084472656,57.709999084472656,175.1300048828125,186.5,84.9800033569336,44.11000061035156,42.22999954223633,170.5399932861328,116.58999633789062
2026-09-01,52.06999969482422,110.87999725341797,64.7699966430664,57.20000076293945,172.72999572753906,183.63999938964844,85.25,44.040000915527344,42.560001373291016,171.6699981689453,114.58999633789062
