date,arm,strategy,etf,weight
2023-01-03,A_multi,MV,XLB,0.0
2023-01-03,A_multi,MV,XLC,3.3164852891067613e-17
2023-01-03,A_multi,MV,XLE,0.04848359962220439
2023-01-03,A_multi,MV,XLF,2.7253811136067787e-17
2023-01-03,A_multi,MV,XLI,1.2556544494189706e-15
2023-01-03,A_multi,MV,XLK,6.859434332891403e-17
2023-01-03,A_multi,MV,XLP,0.0
2023-01-03,A_multi,MV,XLRE,4.361987714279495e-17
2023-01-03,A_multi,MV,XLU,0.0
2023-01-03,A_multi,MV,XLV,0.9515164003777945
2023-01-03,A_multi,MV,XLY,1.0081540164252228e-16
2023-01-03,A_multi,EW,XLB,0.09090909090909091
2023-01-03,A_multi,EW,XLC,0.09090909090909091
2023-01-03,A_multi,EW,XLE,0.09090909090909091
2023-01-03,A_multi,EW,XLF,0.09090909090909091
2023-01-03,A_multi,EW,XLI,0.09090909090909091
2023-01-03,A_multi,EW,XLK,0.09090909090909091
2023-01-03,A_multi,EW,XLP,0.09090909090909091
2023-01-03,A_multi,EW,XLRE,0.09090909090909091
2023-01-03,A_multi,EW,XLU,0.09090909090909091
2023-01-03,A_multi,EW,XLV,0.09090909090909091
2023-01-03,A_multi,EW,XLY,0.09090909090909091
2023-02-01,A_multi,MV,XLB,0.0
2023-02-01,A_multi,MV,XLC,0.2146342646521875
2023-02-01,A_multi,MV,XLE,0.01806052061630531
2023-02-01,A_multi,MV,XLF,0.0
2023-02-01,A_multi,MV,XLI,0.0
2023-02-01,A_multi,MV,XLK,3.924811864397526e-17
2023-02-01,A_multi,MV,XLP,0.02535693505446754
2023-02-01,A_multi,MV,XLRE,4.163336342344337e-17
2023-02-01,A_multi,MV,XLU,0.2914070080985916
2023-02-01,A_multi,MV,XLV,0.38389329979204295
2023-02-01,A_multi,MV,XLY,0.06664797178640511
2023-02-01,A_multi,EW,XLB,0.09090909090909091
2023-02-01,A_multi,EW,XLC,0.09090909090909091
2023-02-01,A_multi,EW,XLE,0.09090909090909091
2023-02-01,A_multi,EW,XLF,0.09090909090909091
2023-02-01,A_multi,EW,XLI,0.09090909090909091
2023-02-01,A_multi,EW,XLK,0.09090909090909091
2023-02-01,A_multi,EW,XLP,0.09090909090909091
2023-02-01,A_multi,EW,XLRE,0.09090909090909091
2023-02-01,A_multi,EW,XLU,0.09090909090909091
2023-02-01,A_multi,EW,XLV,0.09090909090909091
2023-02-01,A_multi,EW,XLY,0.09090909090909091
2023-03-01,A_multi,MV,XLB,0.0
2023-03-01,A_multi,MV,XLC,0.5544704815382553
2023-03-01,A_multi,MV,XLE,0.3205163419035282
2023-03-01,A_multi,MV,XLF,0.06362061951205675
2023-03-01,A_multi,MV,XLI,2.9436088982981445e-17
2023-03-01,A_multi,MV,XLK,0.0
2023-03-01,A_multi,MV,XLP,0.0
2023-03-01,A_multi,MV,XLRE,0.05608821353898259
2023-03-01,A_multi,MV,XLU,0.0
2023-03-01,A_multi,MV,XLV,2.0816681711721685e-17
2023-03-01,A_multi,MV,XLY,0.005304343507177137
2023-03-01,A_multi,EW,XLB,0.09090909090909091
2023-03-01,A_multi,EW,XLC,0.09090909090909091
2023-03-01,A_multi,EW,XLE,0.09090909090909091
2023-03-01,A_multi,EW,XLF,0.09090909090909091
2023-03-01,A_multi,EW,XLI,0.09090909090909091
2023-03-01,A_multi,EW,XLK,0.09090909090909091
2023-03-01,A_multi,EW,XLP,0.09090909090909091
2023-03-01,A_multi,EW,XLRE,0.09090909090909091
2023-03-01,A_multi,EW,XLU,0.09090909090909091
2023-03-01,A_multi,EW,XLV,0.09090909090909091
2023-03-01,A_multi,EW,XLY,0.09090909090909091
2023-04-03,A_multi,MV,XLB,0.0
2023-04-03,A_multi,MV,XLC,0.37963301516162923
2023-04-03,A_multi,MV,XLE,0.0
2023-04-03,A_multi,MV,XLF,0.0
2023-04-03,A_multi,MV,XLI,0.0
2023-04-03,A_multi,MV,XLK,0.0
2023-04-03,A_multi,MV,XLP,0.04630840076174954
2023-04-03,A_multi,MV,XLRE,1.0593625584648024e-16
2023-04-03,A_multi,MV,XLU,0.31494421955248453
2023-04-03,A_multi,MV,XLV,0.2591143645241369
2023-04-03,A_multi,MV,XLY,0.0
2023-04-03,A_multi,EW,XLB,0.09090909090909091
2023-04-03,A_multi,EW,XLC,0.09090909090909091
2023-04-03,A_multi,EW,XLE,0.09090909090909091
2023-04-03,A_multi,EW,XLF,0.09090909090909091
2023-04-03,A_multi,EW,XLI,0.09090909090909091
2023-04-03,A_multi,EW,XLK,0.09090909090909091
2023-04-03,A_multi,EW,XLP,0.09090909090909091
2023-04-03,A_multi,EW,XLRE,0.09090909090909091
2023-04-03,A_multi,EW,XLU,0.09090909090909091
2023-04-03,A_multi,EW,XLV,0.09090909090909091
2023-04-03,A_multi,EW,XLY,0.09090909090909091
2023-05-01,A_multi,MV,XLB,0.0
2023-05-01,A_multi,MV,XLC,0.0
2023-05-01,A_multi,MV,XLE,0.0
2023-05-01,A_multi,MV,XLF,0.0
2023-05-01,A_multi,MV,XLI,1.7780915628762273e-17
2023-05-01,A_multi,MV,XLK,0.19057449428306192
2023-05-01,A_multi,MV,XLP,0.378228851409974
2023-05-01,A_multi,MV,XLRE,1.3660947373317356e-17
2023-05-01,A_multi,MV,XLU,0.0
2023-05-01,A_multi,MV,XLV,0.39545115586608215
2023-05-01,A_multi,MV,XLY,0.035745498440882456
2023-05-01,A_multi,EW,XLB,0.09090909090909091
2023-05-01,A_multi,EW,XLC,0.09090909090909091
2023-05-01,A_multi,EW,XLE,0.09090909090909091
2023-05-01,A_multi,EW,XLF,0.09090909090909091
2023-05-01,A_multi,EW,XLI,0.09090909090909091
2023-05-01,A_multi,EW,XLK,0.09090909090909091
2023-05-01,A_multi,EW,XLP,0.09090909090909091
2023-05-01,A_multi,EW,XLRE,0.09090909090909091
2023-05-01,A_multi,EW,XLU,0.09090909090909091
2023-05-01,A_multi,EW,XLV,0.09090909090909091
2023-05-01,A_multi,EW,XLY,0.09090909090909091
2023-06-01,A_multi,MV,XLB,0.14674849137801738
2023-06-01,A_multi,MV,XLC,0.8532515086219826
2023-06-01,A_multi,MV,XLE,3.122502256758253e-17
2023-06-01,A_multi,MV,XLF,4.163336342344337e-17
2023-06-01,A_multi,MV,XLI,6.765421556309548e-17
2023-06-01,A_multi,MV,XLK,3.469446951953614e-17
2023-06-01,A_multi,MV,XLP,0.0
2023-06-01,A_multi,MV,XLRE,0.0
2023-06-01,A_multi,MV,XLU,0.0
2023-06-01,A_multi,MV,XLV,0.0
2023-06-01,A_multi,MV,XLY,0.0
2023-06-01,A_multi,EW,XLB,0.09090909090909091
2023-06-01,A_multi,EW,XLC,0.09090909090909091
2023-06-01,A_multi,EW,XLE,0.09090909090909091
2023-06-01,A_multi,EW,XLF,0.09090909090909091
2023-06-01,A_multi,EW,XLI,0.09090909090909091
2023-06-01,A_multi,EW,XLK,0.09090909090909091
2023-06-01,A_multi,EW,XLP,0.09090909090909091
2023-06-01,A_multi,EW,XLRE,0.09090909090909091
2023-06-01,A_multi,EW,XLU,0.09090909090909091
2023-06-01,A_multi,EW,XLV,0.09090909090909091
2023-06-01,A_multi,EW,XLY,0.09090909090909091
2023-07-03,A_multi,MV,XLB,0.0
2023-07-03,A_multi,MV,XLC,0.0
2023-07-03,A_multi,MV,XLE,0.0
2023-07-03,A_multi,MV,XLF,0.0
2023-07-03,A_multi,MV,XLI,1.3277881431088952e-17
2023-07-03,A_multi,MV,XLK,0.05360293640526647
2023-07-03,A_multi,MV,XLP,0.946397063594734
2023-07-03,A_multi,MV,XLRE,6.895653283789067e-17
2023-07-03,A_multi,MV,XLU,0.0
2023-07-03,A_multi,MV,XLV,2.3794131099673136e-16
2023-07-03,A_multi,MV,XLY,0.0
2023-07-03,A_multi,EW,XLB,0.09090909090909091
2023-07-03,A_multi,EW,XLC,0.09090909090909091
2023-07-03,A_multi,EW,XLE,0.09090909090909091
2023-07-03,A_multi,EW,XLF,0.09090909090909091
2023-07-03,A_multi,EW,XLI,0.09090909090909091
2023-07-03,A_multi,EW,XLK,0.09090909090909091
2023-07-03,A_multi,EW,XLP,0.09090909090909091
2023-07-03,A_multi,EW,XLRE,0.09090909090909091
2023-07-03,A_multi,EW,XLU,0.09090909090909091
2023-07-03,A_multi,EW,XLV,0.09090909090909091
2023-07-03,A_multi,EW,XLY,0.09090909090909091
2023-08-01,A_multi,MV,XLB,0.0
2023-08-01,A_multi,MV,XLC,5.404006513886467e-18
2023-08-01,A_multi,MV,XLE,0.0
2023-08-01,A_multi,MV,XLF,0.0
2023-08-01,A_multi,MV,XLI,0.0
2023-08-01,A_multi,MV,XLK,9.275807438042784e-18
2023-08-01,A_multi,MV,XLP,0.024083632677438738
2023-08-01,A_multi,MV,XLRE,0.37206851213200537
2023-08-01,A_multi,MV,XLU,0.0
2023-08-01,A_multi,MV,XLV,0.6038478551905558
2023-08-01,A_multi,MV,XLY,3.082477084815752e-17
2023-08-01,A_multi,EW,XLB,0.09090909090909091
2023-08-01,A_multi,EW,XLC,0.09090909090909091
2023-08-01,A_multi,EW,XLE,0.09090909090909091
2023-08-01,A_multi,EW,XLF,0.09090909090909091
2023-08-01,A_multi,EW,XLI,0.09090909090909091
2023-08-01,A_multi,EW,XLK,0.09090909090909091
2023-08-01,A_multi,EW,XLP,0.09090909090909091
2023-08-01,A_multi,EW,XLRE,0.09090909090909091
2023-08-01,A_multi,EW,XLU,0.09090909090909091
2023-08-01,A_multi,EW,XLV,0.09090909090909091
2023-08-01,A_multi,EW,XLY,0.09090909090909091
2023-09-01,A_multi,MV,XLB,1.734723475976807e-17
2023-09-01,A_multi,MV,XLC,0.026953598925150667
2023-09-01,A_multi,MV,XLE,2.5153490401663703e-17
2023-09-01,A_multi,MV,XLF,3.707971429900425e-17
2023-09-01,A_multi,MV,XLI,4.228388472693467e-18
2023-09-01,A_multi,MV,XLK,3.8272336688738307e-17
2023-09-01,A_multi,MV,XLP,0.7983315694720938
2023-09-01,A_multi,MV,XLRE,8.586881206085195e-17
2023-09-01,A_multi,MV,XLU,0.005613928032978319
2023-09-01,A_multi,MV,XLV,0.0
2023-09-01,A_multi,MV,XLY,0.16910090356977714
2023-09-01,A_multi,EW,XLB,0.09090909090909091
2023-09-01,A_multi,EW,XLC,0.09090909090909091
2023-09-01,A_multi,EW,XLE,0.09090909090909091
2023-09-01,A_multi,EW,XLF,0.09090909090909091
2023-09-01,A_multi,EW,XLI,0.09090909090909091
2023-09-01,A_multi,EW,XLK,0.09090909090909091
2023-09-01,A_multi,EW,XLP,0.09090909090909091
2023-09-01,A_multi,EW,XLRE,0.09090909090909091
2023-09-01,A_multi,EW,XLU,0.09090909090909091
2023-09-01,A_multi,EW,XLV,0.09090909090909091
2023-09-01,A_multi,EW,XLY,0.09090909090909091
2023-10-02,A_multi,MV,XLB,1.3077103854197532e-16
2023-10-02,A_multi,MV,XLC,0.2688488101257489
2023-10-02,A_multi,MV,XLE,9.856795489097475e-17
2023-10-02,A_multi,MV,XLF,0.0
2023-10-02,A_multi,MV,XLI,0.0
2023-10-02,A_multi,MV,XLK,2.1149450335136637e-17
2023-10-02,A_multi,MV,XLP,0.0
2023-10-02,A_multi,MV,XLRE,8.47767707104364e-17
2023-10-02,A_multi,MV,XLU,0.46856845864065544
2023-10-02,A_multi,MV,XLV,0.26258273123359555
2023-10-02,A_multi,MV,XLY,0.0
2023-10-02,A_multi,EW,XLB,0.09090909090909091
2023-10-02,A_multi,EW,XLC,0.09090909090909091
2023-10-02,A_multi,EW,XLE,0.09090909090909091
2023-10-02,A_multi,EW,XLF,0.09090909090909091
2023-10-02,A_multi,EW,XLI,0.09090909090909091
2023-10-02,A_multi,EW,XLK,0.09090909090909091
2023-10-02,A_multi,EW,XLP,0.09090909090909091
2023-10-02,A_multi,EW,XLRE,0.09090909090909091
2023-10-02,A_multi,EW,XLU,0.09090909090909091
2023-10-02,A_multi,EW,XLV,0.09090909090909091
2023-10-02,A_multi,EW,XLY,0.09090909090909091
2023-11-01,A_multi,MV,XLB,0.310038475109059
2023-11-01,A_multi,MV,XLC,0.0
2023-11-01,A_multi,MV,XLE,0.14404898808356215
2023-11-01,A_multi,MV,XLF,0.0
2023-11-01,A_multi,MV,XLI,0.0
2023-11-01,A_multi,MV,XLK,1.734723475976807e-18
2023-11-01,A_multi,MV,XLP,0.0
2023-11-01,A_multi,MV,XLRE,0.0
2023-11-01,A_multi,MV,XLU,0.08663157243981331
2023-11-01,A_multi,MV,XLV,0.0
2023-11-01,A_multi,MV,XLY,0.4592809643675659
2023-11-01,A_multi,EW,XLB,0.09090909090909091
2023-11-01,A_multi,EW,XLC,0.09090909090909091
2023-11-01,A_multi,EW,XLE,0.09090909090909091
2023-11-01,A_multi,EW,XLF,0.09090909090909091
2023-11-01,A_multi,EW,XLI,0.09090909090909091
2023-11-01,A_multi,EW,XLK,0.09090909090909091
2023-11-01,A_multi,EW,XLP,0.09090909090909091
2023-11-01,A_multi,EW,XLRE,0.09090909090909091
2023-11-01,A_multi,EW,XLU,0.09090909090909091
2023-11-01,A_multi,EW,XLV,0.09090909090909091
2023-11-01,A_multi,EW,XLY,0.09090909090909091
2023-12-01,A_multi,MV,XLB,7.867475551372766e-17
2023-12-01,A_multi,MV,XLC,0.39980238578688376
2023-12-01,A_multi,MV,XLE,1.9832903934555625e-17
2023-12-01,A_multi,MV,XLF,6.7476963959720736e-18
2023-12-01,A_multi,MV,XLI,0.0
2023-12-01,A_multi,MV,XLK,3.5758301368543704e-17
2023-12-01,A_multi,MV,XLP,0.6001976142131163
2023-12-01,A_multi,MV,XLRE,3.560669242921653e-18
2023-12-01,A_multi,MV,XLU,0.0
2023-12-01,A_multi,MV,XLV,4.4486077631803916e-17
2023-12-01,A_multi,MV,XLY,0.0
2023-12-01,A_multi,EW,XLB,0.09090909090909091
2023-12-01,A_multi,EW,XLC,0.09090909090909091
2023-12-01,A_multi,EW,XLE,0.09090909090909091
2023-12-01,A_multi,EW,XLF,0.09090909090909091
2023-12-01,A_multi,EW,XLI,0.09090909090909091
2023-12-01,A_multi,EW,XLK,0.09090909090909091
2023-12-01,A_multi,EW,XLP,0.09090909090909091
2023-12-01,A_multi,EW,XLRE,0.09090909090909091
2023-12-01,A_multi,EW,XLU,0.09090909090909091
2023-12-01,A_multi,EW,XLV,0.09090909090909091
2023-12-01,A_multi,EW,XLY,0.09090909090909091
2024-01-02,A_multi,MV,XLB,0.0
2024-01-02,A_multi,MV,XLC,0.03888160150131034
2024-01-02,A_multi,MV,XLE,0.0
2024-01-02,A_multi,MV,XLF,0.0
2024-01-02,A_multi,MV,XLI,3.7608262858090935e-17
2024-01-02,A_multi,MV,XLK,3.7048585838192656e-17
2024-01-02,A_multi,MV,XLP,0.5414432025395176
2024-01-02,A_multi,MV,XLRE,4.006317609747071e-17
2024-01-02,A_multi,MV,XLU,0.20505483676683584
2024-01-02,A_multi,MV,XLV,1.326792408579136e-16
2024-01-02,A_multi,MV,XLY,0.21462035919233588
2024-01-02,A_multi,EW,XLB,0.09090909090909091
2024-01-02,A_multi,EW,XLC,0.09090909090909091
2024-01-02,A_multi,EW,XLE,0.09090909090909091
2024-01-02,A_multi,EW,XLF,0.09090909090909091
2024-01-02,A_multi,EW,XLI,0.09090909090909091
2024-01-02,A_multi,EW,XLK,0.09090909090909091
2024-01-02,A_multi,EW,XLP,0.09090909090909091
2024-01-02,A_multi,EW,XLRE,0.09090909090909091
2024-01-02,A_multi,EW,XLU,0.09090909090909091
2024-01-02,A_multi,EW,XLV,0.09090909090909091
2024-01-02,A_multi,EW,XLY,0.09090909090909091
2024-02-01,A_multi,MV,XLB,8.573598902325046e-18
2024-02-01,A_multi,MV,XLC,0.7205705523281243
2024-02-01,A_multi,MV,XLE,2.8242079632523623e-17
2024-02-01,A_multi,MV,XLF,0.09720729334158093
2024-02-01,A_multi,MV,XLI,1.801289095257066e-17
2024-02-01,A_multi,MV,XLK,0.0
2024-02-01,A_multi,MV,XLP,0.029569874480710287
2024-02-01,A_multi,MV,XLRE,2.853920017194427e-17
2024-02-01,A_multi,MV,XLU,7.446008623024644e-17
2024-02-01,A_multi,MV,XLV,0.1526522798495844
2024-02-01,A_multi,MV,XLY,7.450615536174313e-17
2024-02-01,A_multi,EW,XLB,0.09090909090909091
2024-02-01,A_multi,EW,XLC,0.09090909090909091
2024-02-01,A_multi,EW,XLE,0.09090909090909091
2024-02-01,A_multi,EW,XLF,0.09090909090909091
2024-02-01,A_multi,EW,XLI,0.09090909090909091
2024-02-01,A_multi,EW,XLK,0.09090909090909091
2024-02-01,A_multi,EW,XLP,0.09090909090909091
2024-02-01,A_multi,EW,XLRE,0.09090909090909091
2024-02-01,A_multi,EW,XLU,0.09090909090909091
2024-02-01,A_multi,EW,XLV,0.09090909090909091
2024-02-01,A_multi,EW,XLY,0.09090909090909091
2024-03-01,A_multi,MV,XLB,0.0
2024-03-01,A_multi,MV,XLC,0.0
2024-03-01,A_multi,MV,XLE,1.9558016304149548e-17
2024-03-01,A_multi,MV,XLF,0.3066964596437211
2024-03-01,A_multi,MV,XLI,0.0
2024-03-01,A_multi,MV,XLK,0.0
2024-03-01,A_multi,MV,XLP,2.0122792321330962e-16
2024-03-01,A_multi,MV,XLRE,1.834582875872035e-17
2024-03-01,A_multi,MV,XLU,0.0
2024-03-01,A_multi,MV,XLV,0.693303540356279
2024-03-01,A_multi,MV,XLY,1.8752058306220513e-17
2024-03-01,A_multi,EW,XLB,0.09090909090909091
2024-03-01,A_multi,EW,XLC,0.09090909090909091
2024-03-01,A_multi,EW,XLE,0.09090909090909091
2024-03-01,A_multi,EW,XLF,0.09090909090909091
2024-03-01,A_multi,EW,XLI,0.09090909090909091
2024-03-01,A_multi,EW,XLK,0.09090909090909091
2024-03-01,A_multi,EW,XLP,0.09090909090909091
2024-03-01,A_multi,EW,XLRE,0.09090909090909091
2024-03-01,A_multi,EW,XLU,0.09090909090909091
2024-03-01,A_multi,EW,XLV,0.09090909090909091
2024-03-01,A_multi,EW,XLY,0.09090909090909091
2024-04-01,A_multi,MV,XLB,4.5102810375396984e-17
2024-04-01,A_multi,MV,XLC,7.260777839388057e-18
2024-04-01,A_multi,MV,XLE,0.467689582571692
2024-04-01,A_multi,MV,XLF,0.27033133163889894
2024-04-01,A_multi,MV,XLI,1.7491357996496966e-17
2024-04-01,A_multi,MV,XLK,4.100967306900397e-17
2024-04-01,A_multi,MV,XLP,0.2619790857894089
2024-04-01,A_multi,MV,XLRE,0.0
2024-04-01,A_multi,MV,XLU,0.0
2024-04-01,A_multi,MV,XLV,8.4890074977086e-18
2024-04-01,A_multi,MV,XLY,8.876649977603242e-18
2024-04-01,A_multi,EW,XLB,0.09090909090909091
2024-04-01,A_multi,EW,XLC,0.09090909090909091
2024-04-01,A_multi,EW,XLE,0.09090909090909091
2024-04-01,A_multi,EW,XLF,0.09090909090909091
2024-04-01,A_multi,EW,XLI,0.09090909090909091
2024-04-01,A_multi,EW,XLK,0.09090909090909091
2024-04-01,A_multi,EW,XLP,0.09090909090909091
2024-04-01,A_multi,EW,XLRE,0.09090909090909091
2024-04-01,A_multi,EW,XLU,0.09090909090909091
2024-04-01,A_multi,EW,XLV,0.09090909090909091
2024-04-01,A_multi,EW,XLY,0.09090909090909091
2024-05-01,A_multi,MV,XLB,0.0
2024-05-01,A_multi,MV,XLC,0.0
2024-05-01,A_multi,MV,XLE,0.23291792316260604
2024-05-01,A_multi,MV,XLF,0.0
2024-05-01,A_multi,MV,XLI,6.981360065134587e-18
2024-05-01,A_multi,MV,XLK,0.767082076837394
2024-05-01,A_multi,MV,XLP,5.632935686703994e-17
2024-05-01,A_multi,MV,XLRE,0.0
2024-05-01,A_multi,MV,XLU,0.0
2024-05-01,A_multi,MV,XLV,1.0087342890681973e-16
2024-05-01,A_multi,MV,XLY,0.0
2024-05-01,A_multi,EW,XLB,0.09090909090909091
2024-05-01,A_multi,EW,XLC,0.09090909090909091
2024-05-01,A_multi,EW,XLE,0.09090909090909091
2024-05-01,A_multi,EW,XLF,0.09090909090909091
2024-05-01,A_multi,EW,XLI,0.09090909090909091
2024-05-01,A_multi,EW,XLK,0.09090909090909091
2024-05-01,A_multi,EW,XLP,0.09090909090909091
2024-05-01,A_multi,EW,XLRE,0.09090909090909091
2024-05-01,A_multi,EW,XLU,0.09090909090909091
2024-05-01,A_multi,EW,XLV,0.09090909090909091
2024-05-01,A_multi,EW,XLY,0.09090909090909091
2024-06-03,A_multi,MV,XLB,4.209150298013264e-17
2024-06-03,A_multi,MV,XLC,0.0
2024-06-03,A_multi,MV,XLE,0.03380861587116614
2024-06-03,A_multi,MV,XLF,4.715676438905415e-17
2024-06-03,A_multi,MV,XLI,0.0
2024-06-03,A_multi,MV,XLK,0.5928227721039441
2024-06-03,A_multi,MV,XLP,4.91227217470281e-17
2024-06-03,A_multi,MV,XLRE,3.593560237988291e-18
2024-06-03,A_multi,MV,XLU,0.0
2024-06-03,A_multi,MV,XLV,0.37336861202488975
2024-06-03,A_multi,MV,XLY,0.0
2024-06-03,A_multi,EW,XLB,0.09090909090909091
2024-06-03,A_multi,EW,XLC,0.09090909090909091
2024-06-03,A_multi,EW,XLE,0.09090909090909091
2024-06-03,A_multi,EW,XLF,0.09090909090909091
2024-06-03,A_multi,EW,XLI,0.09090909090909091
2024-06-03,A_multi,EW,XLK,0.09090909090909091
2024-06-03,A_multi,EW,XLP,0.09090909090909091
2024-06-03,A_multi,EW,XLRE,0.09090909090909091
2024-06-03,A_multi,EW,XLU,0.09090909090909091
2024-06-03,A_multi,EW,XLV,0.09090909090909091
2024-06-03,A_multi,EW,XLY,0.09090909090909091
2024-07-01,A_multi,MV,XLB,1.5215043598937546e-17
2024-07-01,A_multi,MV,XLC,0.7031243673430879
2024-07-01,A_multi,MV,XLE,4.760553868386698e-17
2024-07-01,A_multi,MV,XLF,4.654091332998306e-17
2024-07-01,A_multi,MV,XLI,0.0
2024-07-01,A_multi,MV,XLK,0.0
2024-07-01,A_multi,MV,XLP,0.10804097567559394
2024-07-01,A_multi,MV,XLRE,0.0
2024-07-01,A_multi,MV,XLU,8.394258935526384e-18
2024-07-01,A_multi,MV,XLV,0.18883465698131827
2024-07-01,A_multi,MV,XLY,0.0
2024-07-01,A_multi,EW,XLB,0.09090909090909091
2024-07-01,A_multi,EW,XLC,0.09090909090909091
2024-07-01,A_multi,EW,XLE,0.09090909090909091
2024-07-01,A_multi,EW,XLF,0.09090909090909091
2024-07-01,A_multi,EW,XLI,0.09090909090909091
2024-07-01,A_multi,EW,XLK,0.09090909090909091
2024-07-01,A_multi,EW,XLP,0.09090909090909091
2024-07-01,A_multi,EW,XLRE,0.09090909090909091
2024-07-01,A_multi,EW,XLU,0.09090909090909091
2024-07-01,A_multi,EW,XLV,0.09090909090909091
2024-07-01,A_multi,EW,XLY,0.09090909090909091
2024-08-01,A_multi,MV,XLB,1.9071846351842616e-17
2024-08-01,A_multi,MV,XLC,8.439923408067487e-17
2024-08-01,A_multi,MV,XLE,8.286567381951895e-17
2024-08-01,A_multi,MV,XLF,2.057575881406907e-18
2024-08-01,A_multi,MV,XLI,0.0
2024-08-01,A_multi,MV,XLK,0.709648476596116
2024-08-01,A_multi,MV,XLP,0.2903515234038834
2024-08-01,A_multi,MV,XLRE,2.0420686491723194e-16
2024-08-01,A_multi,MV,XLU,0.0
2024-08-01,A_multi,MV,XLV,1.5959455978986625e-16
2024-08-01,A_multi,MV,XLY,6.390730398000422e-17
2024-08-01,A_multi,EW,XLB,0.09090909090909091
2024-08-01,A_multi,EW,XLC,0.09090909090909091
2024-08-01,A_multi,EW,XLE,0.09090909090909091
2024-08-01,A_multi,EW,XLF,0.09090909090909091
2024-08-01,A_multi,EW,XLI,0.09090909090909091
2024-08-01,A_multi,EW,XLK,0.09090909090909091
2024-08-01,A_multi,EW,XLP,0.09090909090909091
2024-08-01,A_multi,EW,XLRE,0.09090909090909091
2024-08-01,A_multi,EW,XLU,0.09090909090909091
2024-08-01,A_multi,EW,XLV,0.09090909090909091
2024-08-01,A_multi,EW,XLY,0.09090909090909091
2024-09-03,A_multi,MV,XLB,2.7862597138292655e-17
2024-09-03,A_multi,MV,XLC,9.773498567200466e-18
2024-09-03,A_multi,MV,XLE,0.03702715698689326
2024-09-03,A_multi,MV,XLF,0.0
2024-09-03,A_multi,MV,XLI,3.4428602908198545e-17
2024-09-03,A_multi,MV,XLK,0.7530707925455828
2024-09-03,A_multi,MV,XLP,2.1476561985431966e-17
2024-09-03,A_multi,MV,XLRE,3.1014807152080436e-17
2024-09-03,A_multi,MV,XLU,0.20990205046752383
2024-09-03,A_multi,MV,XLV,3.7174930330706424e-17
2024-09-03,A_multi,MV,XLY,2.3204823140706517e-17
2024-09-03,A_multi,EW,XLB,0.09090909090909091
2024-09-03,A_multi,EW,XLC,0.09090909090909091
2024-09-03,A_multi,EW,XLE,0.09090909090909091
2024-09-03,A_multi,EW,XLF,0.09090909090909091
2024-09-03,A_multi,EW,XLI,0.09090909090909091
2024-09-03,A_multi,EW,XLK,0.09090909090909091
2024-09-03,A_multi,EW,XLP,0.09090909090909091
2024-09-03,A_multi,EW,XLRE,0.09090909090909091
2024-09-03,A_multi,EW,XLU,0.09090909090909091
2024-09-03,A_multi,EW,XLV,0.09090909090909091
2024-09-03,A_multi,EW,XLY,0.09090909090909091
2024-10-01,A_multi,MV,XLB,0.0
2024-10-01,A_multi,MV,XLC,0.5328994007624402
2024-10-01,A_multi,MV,XLE,0.16060452817065188
2024-10-01,A_multi,MV,XLF,1.1287690766044897e-16
2024-10-01,A_multi,MV,XLI,0.0
2024-10-01,A_multi,MV,XLK,0.0
2024-10-01,A_multi,MV,XLP,0.014044013781942088
2024-10-01,A_multi,MV,XLRE,6.749286727250963e-18
2024-10-01,A_multi,MV,XLU,0.29245205728496576
2024-10-01,A_multi,MV,XLV,0.0
2024-10-01,A_multi,MV,XLY,1.9316498877142808e-17
2024-10-01,A_multi,EW,XLB,0.09090909090909091
2024-10-01,A_multi,EW,XLC,0.09090909090909091
2024-10-01,A_multi,EW,XLE,0.09090909090909091
2024-10-01,A_multi,EW,XLF,0.09090909090909091
2024-10-01,A_multi,EW,XLI,0.09090909090909091
2024-10-01,A_multi,EW,XLK,0.09090909090909091
2024-10-01,A_multi,EW,XLP,0.09090909090909091
2024-10-01,A_multi,EW,XLRE,0.09090909090909091
2024-10-01,A_multi,EW,XLU,0.09090909090909091
2024-10-01,A_multi,EW,XLV,0.09090909090909091
2024-10-01,A_multi,EW,XLY,0.09090909090909091
2024-11-01,A_multi,MV,XLB,0.0
2024-11-01,A_multi,MV,XLC,1.7810120927191378e-17
2024-11-01,A_multi,MV,XLE,0.0
2024-11-01,A_multi,MV,XLF,0.0
2024-11-01,A_multi,MV,XLI,0.0
2024-11-01,A_multi,MV,XLK,1.0
2024-11-01,A_multi,MV,XLP,4.6980317078838064e-17
2024-11-01,A_multi,MV,XLRE,2.3548754706949296e-17
2024-11-01,A_multi,MV,XLU,0.0
2024-11-01,A_multi,MV,XLV,1.44681215991504e-17
2024-11-01,A_multi,MV,XLY,0.0
2024-11-01,A_multi,EW,XLB,0.09090909090909091
2024-11-01,A_multi,EW,XLC,0.09090909090909091
2024-11-01,A_multi,EW,XLE,0.09090909090909091
2024-11-01,A_multi,EW,XLF,0.09090909090909091
2024-11-01,A_multi,EW,XLI,0.09090909090909091
2024-11-01,A_multi,EW,XLK,0.09090909090909091
2024-11-01,A_multi,EW,XLP,0.09090909090909091
2024-11-01,A_multi,EW,XLRE,0.09090909090909091
2024-11-01,A_multi,EW,XLU,0.09090909090909091
2024-11-01,A_multi,EW,XLV,0.09090909090909091
2024-11-01,A_multi,EW,XLY,0.09090909090909091
2024-12-02,A_multi,MV,XLB,0.0
2024-12-02,A_multi,MV,XLC,0.3886932897979734
2024-12-02,A_multi,MV,XLE,5.1010112523270855e-17
2024-12-02,A_multi,MV,XLF,1.5982632412145463e-16
2024-12-02,A_multi,MV,XLI,1.2875678310164415e-16
2024-12-02,A_multi,MV,XLK,0.07006601683701133
2024-12-02,A_multi,MV,XLP,1.0774392637317586e-16
2024-12-02,A_multi,MV,XLRE,0.311780470532227
2024-12-02,A_multi,MV,XLU,0.22005970080747556
2024-12-02,A_multi,MV,XLV,0.009400522025312372
2024-12-02,A_multi,MV,XLY,3.934634380641136e-17
2024-12-02,A_multi,EW,XLB,0.09090909090909091
2024-12-02,A_multi,EW,XLC,0.09090909090909091
2024-12-02,A_multi,EW,XLE,0.09090909090909091
2024-12-02,A_multi,EW,XLF,0.09090909090909091
2024-12-02,A_multi,EW,XLI,0.09090909090909091
2024-12-02,A_multi,EW,XLK,0.09090909090909091
2024-12-02,A_multi,EW,XLP,0.09090909090909091
2024-12-02,A_multi,EW,XLRE,0.09090909090909091
2024-12-02,A_multi,EW,XLU,0.09090909090909091
2024-12-02,A_multi,EW,XLV,0.09090909090909091
2024-12-02,A_multi,EW,XLY,0.09090909090909091
2025-01-02,A_multi,MV,XLB,0.0
2025-01-02,A_multi,MV,XLC,0.6843547023353992
2025-01-02,A_multi,MV,XLE,0.14745378433964176
2025-01-02,A_multi,MV,XLF,3.410526778239516e-17
2025-01-02,A_multi,MV,XLI,0.16819151332495935
2025-01-02,A_multi,MV,XLK,0.0
2025-01-02,A_multi,MV,XLP,3.671125571451448e-17
2025-01-02,A_multi,MV,XLRE,3.652550881382557e-17
2025-01-02,A_multi,MV,XLU,0.0
2025-01-02,A_multi,MV,XLV,9.373920322095043e-18
2025-01-02,A_multi,MV,XLY,1.0741266455299777e-16
2025-01-02,A_multi,EW,XLB,0.09090909090909091
2025-01-02,A_multi,EW,XLC,0.09090909090909091
2025-01-02,A_multi,EW,XLE,0.09090909090909091
2025-01-02,A_multi,EW,XLF,0.09090909090909091
2025-01-02,A_multi,EW,XLI,0.09090909090909091
2025-01-02,A_multi,EW,XLK,0.09090909090909091
2025-01-02,A_multi,EW,XLP,0.09090909090909091
2025-01-02,A_multi,EW,XLRE,0.09090909090909091
2025-01-02,A_multi,EW,XLU,0.09090909090909091
2025-01-02,A_multi,EW,XLV,0.09090909090909091
2025-01-02,A_multi,EW,XLY,0.09090909090909091
2025-02-03,A_multi,MV,XLB,0.0
2025-02-03,A_multi,MV,XLC,0.0
2025-02-03,A_multi,MV,XLE,0.16480433684080217
2025-02-03,A_multi,MV,XLF,0.0
2025-02-03,A_multi,MV,XLI,0.2664402355877315
2025-02-03,A_multi,MV,XLK,0.47399460067425403
2025-02-03,A_multi,MV,XLP,0.0
2025-02-03,A_multi,MV,XLRE,2.430895587582721e-17
2025-02-03,A_multi,MV,XLU,0.09476082689721227
2025-02-03,A_multi,MV,XLV,4.182243611563339e-17
2025-02-03,A_multi,MV,XLY,6.77800375666221e-17
2025-02-03,A_multi,EW,XLB,0.09090909090909091
2025-02-03,A_multi,EW,XLC,0.09090909090909091
2025-02-03,A_multi,EW,XLE,0.09090909090909091
2025-02-03,A_multi,EW,XLF,0.09090909090909091
2025-02-03,A_multi,EW,XLI,0.09090909090909091
2025-02-03,A_multi,EW,XLK,0.09090909090909091
2025-02-03,A_multi,EW,XLP,0.09090909090909091
2025-02-03,A_multi,EW,XLRE,0.09090909090909091
2025-02-03,A_multi,EW,XLU,0.09090909090909091
2025-02-03,A_multi,EW,XLV,0.09090909090909091
2025-02-03,A_multi,EW,XLY,0.09090909090909091
2025-03-03,A_multi,MV,XLB,0.0
2025-03-03,A_multi,MV,XLC,0.15445721043376323
2025-03-03,A_multi,MV,XLE,0.0
2025-03-03,A_multi,MV,XLF,6.263375833104133e-17
2025-03-03,A_multi,MV,XLI,1.0931761075848639e-16
2025-03-03,A_multi,MV,XLK,0.8455427895662365
2025-03-03,A_multi,MV,XLP,0.0
2025-03-03,A_multi,MV,XLRE,1.5137621851136053e-17
2025-03-03,A_multi,MV,XLU,7.084715343288211e-17
2025-03-03,A_multi,MV,XLV,1.0683736969038692e-17
2025-03-03,A_multi,MV,XLY,0.0
2025-03-03,A_multi,EW,XLB,0.09090909090909091
2025-03-03,A_multi,EW,XLC,0.09090909090909091
2025-03-03,A_multi,EW,XLE,0.09090909090909091
2025-03-03,A_multi,EW,XLF,0.09090909090909091
2025-03-03,A_multi,EW,XLI,0.09090909090909091
2025-03-03,A_multi,EW,XLK,0.09090909090909091
2025-03-03,A_multi,EW,XLP,0.09090909090909091
2025-03-03,A_multi,EW,XLRE,0.09090909090909091
2025-03-03,A_multi,EW,XLU,0.09090909090909091
2025-03-03,A_multi,EW,XLV,0.09090909090909091
2025-03-03,A_multi,EW,XLY,0.09090909090909091
2025-04-01,A_multi,MV,XLB,3.3147197770707535e-17
2025-04-01,A_multi,MV,XLC,1.0
2025-04-01,A_multi,MV,XLE,1.8034205111028594e-16
2025-04-01,A_multi,MV,XLF,6.938893903907228e-17
2025-04-01,A_multi,MV,XLI,5.859877374153178e-17
2025-04-01,A_multi,MV,XLK,3.134468166327115e-17
2025-04-01,A_multi,MV,XLP,4.068408252939043e-17
2025-04-01,A_multi,MV,XLRE,1.9823248058596134e-17
2025-04-01,A_multi,MV,XLU,3.4792420427523916e-17
2025-04-01,A_multi,MV,XLV,0.0
2025-04-01,A_multi,MV,XLY,0.0
2025-04-01,A_multi,EW,XLB,0.09090909090909091
2025-04-01,A_multi,EW,XLC,0.09090909090909091
2025-04-01,A_multi,EW,XLE,0.09090909090909091
2025-04-01,A_multi,EW,XLF,0.09090909090909091
2025-04-01,A_multi,EW,XLI,0.09090909090909091
2025-04-01,A_multi,EW,XLK,0.09090909090909091
2025-04-01,A_multi,EW,XLP,0.09090909090909091
2025-04-01,A_multi,EW,XLRE,0.09090909090909091
2025-04-01,A_multi,EW,XLU,0.09090909090909091
2025-04-01,A_multi,EW,XLV,0.09090909090909091
2025-04-01,A_multi,EW,XLY,0.09090909090909091
2025-05-01,A_multi,MV,XLB,0.0
2025-05-01,A_multi,MV,XLC,0.0
2025-05-01,A_multi,MV,XLE,0.0
2025-05-01,A_multi,MV,XLF,0.41361157490532807
2025-05-01,A_multi,MV,XLI,0.0
2025-05-01,A_multi,MV,XLK,0.0
2025-05-01,A_multi,MV,XLP,4.85722573273506e-17
2025-05-01,A_multi,MV,XLRE,5.947879635895878e-18
2025-05-01,A_multi,MV,XLU,0.5863884250946723
2025-05-01,A_multi,MV,XLV,1.856817791859717e-17
2025-05-01,A_multi,MV,XLY,8.991873929837633e-17
2025-05-01,A_multi,EW,XLB,0.09090909090909091
2025-05-01,A_multi,EW,XLC,0.09090909090909091
2025-05-01,A_multi,EW,XLE,0.09090909090909091
2025-05-01,A_multi,EW,XLF,0.09090909090909091
2025-05-01,A_multi,EW,XLI,0.09090909090909091
2025-05-01,A_multi,EW,XLK,0.09090909090909091
2025-05-01,A_multi,EW,XLP,0.09090909090909091
2025-05-01,A_multi,EW,XLRE,0.09090909090909091
2025-05-01,A_multi,EW,XLU,0.09090909090909091
2025-05-01,A_multi,EW,XLV,0.09090909090909091
2025-05-01,A_multi,EW,XLY,0.09090909090909091
2025-06-02,A_multi,MV,XLB,0.0
2025-06-02,A_multi,MV,XLC,0.0
2025-06-02,A_multi,MV,XLE,0.0
2025-06-02,A_multi,MV,XLF,0.0
2025-06-02,A_multi,MV,XLI,1.605660495769126e-17
2025-06-02,A_multi,MV,XLK,3.4604042409762956e-17
2025-06-02,A_multi,MV,XLP,0.4000188181012531
2025-06-02,A_multi,MV,XLRE,1.292133135312806e-18
2025-06-02,A_multi,MV,XLU,0.5999811818987472
2025-06-02,A_multi,MV,XLV,0.0
2025-06-02,A_multi,MV,XLY,3.449800183535144e-19
2025-06-02,A_multi,EW,XLB,0.09090909090909091
2025-06-02,A_multi,EW,XLC,0.09090909090909091
2025-06-02,A_multi,EW,XLE,0.09090909090909091
2025-06-02,A_multi,EW,XLF,0.09090909090909091
2025-06-02,A_multi,EW,XLI,0.09090909090909091
2025-06-02,A_multi,EW,XLK,0.09090909090909091
2025-06-02,A_multi,EW,XLP,0.09090909090909091
2025-06-02,A_multi,EW,XLRE,0.09090909090909091
2025-06-02,A_multi,EW,XLU,0.09090909090909091
2025-06-02,A_multi,EW,XLV,0.09090909090909091
2025-06-02,A_multi,EW,XLY,0.09090909090909091
2025-07-01,A_multi,MV,XLB,0.0
2025-07-01,A_multi,MV,XLC,2.7755575615628914e-17
2025-07-01,A_multi,MV,XLE,0.3543368470877919
2025-07-01,A_multi,MV,XLF,0.0
2025-07-01,A_multi,MV,XLI,0.0
2025-07-01,A_multi,MV,XLK,0.0
2025-07-01,A_multi,MV,XLP,0.6456631529122077
2025-07-01,A_multi,MV,XLRE,0.0
2025-07-01,A_multi,MV,XLU,2.091606052778217e-16
2025-07-01,A_multi,MV,XLV,3.38101224265113e-16
2025-07-01,A_multi,MV,XLY,8.857106914302607e-17
2025-07-01,A_multi,EW,XLB,0.09090909090909091
2025-07-01,A_multi,EW,XLC,0.09090909090909091
2025-07-01,A_multi,EW,XLE,0.09090909090909091
2025-07-01,A_multi,EW,XLF,0.09090909090909091
2025-07-01,A_multi,EW,XLI,0.09090909090909091
2025-07-01,A_multi,EW,XLK,0.09090909090909091
2025-07-01,A_multi,EW,XLP,0.09090909090909091
2025-07-01,A_multi,EW,XLRE,0.09090909090909091
2025-07-01,A_multi,EW,XLU,0.09090909090909091
2025-07-01,A_multi,EW,XLV,0.09090909090909091
2025-07-01,A_multi,EW,XLY,0.09090909090909091
2025-08-01,A_multi,MV,XLB,0.0
2025-08-01,A_multi,MV,XLC,0.0
2025-08-01,A_multi,MV,XLE,0.0021623437180495184
2025-08-01,A_multi,MV,XLF,0.0
2025-08-01,A_multi,MV,XLI,1.2194285892010247e-17
2025-08-01,A_multi,MV,XLK,0.0732401733542098
2025-08-01,A_multi,MV,XLP,3.122502256758253e-17
2025-08-01,A_multi,MV,XLRE,0.34000181307402516
2025-08-01,A_multi,MV,XLU,2.9312874831961345e-17
2025-08-01,A_multi,MV,XLV,0.5845956698537154
2025-08-01,A_multi,MV,XLY,2.1448741695047267e-17
2025-08-01,A_multi,EW,XLB,0.09090909090909091
2025-08-01,A_multi,EW,XLC,0.09090909090909091
2025-08-01,A_multi,EW,XLE,0.09090909090909091
2025-08-01,A_multi,EW,XLF,0.09090909090909091
2025-08-01,A_multi,EW,XLI,0.09090909090909091
2025-08-01,A_multi,EW,XLK,0.09090909090909091
2025-08-01,A_multi,EW,XLP,0.09090909090909091
2025-08-01,A_multi,EW,XLRE,0.09090909090909091
2025-08-01,A_multi,EW,XLU,0.09090909090909091
2025-08-01,A_multi,EW,XLV,0.09090909090909091
2025-08-01,A_multi,EW,XLY,0.09090909090909091
2025-09-02,A_multi,MV,XLB,2.816609955714698e-17
2025-09-02,A_multi,MV,XLC,0.18315045264668886
2025-09-02,A_multi,MV,XLE,0.0
2025-09-02,A_multi,MV,XLF,0.14031606031127078
2025-09-02,A_multi,MV,XLI,0.0
2025-09-02,A_multi,MV,XLK,0.0
2025-09-02,A_multi,MV,XLP,0.24920116904980333
2025-09-02,A_multi,MV,XLRE,3.30479354080675e-17
2025-09-02,A_multi,MV,XLU,0.20418033786435638
2025-09-02,A_multi,MV,XLV,0.22315198012788082
2025-09-02,A_multi,MV,XLY,3.3275535532653506e-17
2025-09-02,A_multi,EW,XLB,0.09090909090909091
2025-09-02,A_multi,EW,XLC,0.09090909090909091
2025-09-02,A_multi,EW,XLE,0.09090909090909091
2025-09-02,A_multi,EW,XLF,0.09090909090909091
2025-09-02,A_multi,EW,XLI,0.09090909090909091
2025-09-02,A_multi,EW,XLK,0.09090909090909091
2025-09-02,A_multi,EW,XLP,0.09090909090909091
2025-09-02,A_multi,EW,XLRE,0.09090909090909091
2025-09-02,A_multi,EW,XLU,0.09090909090909091
2025-09-02,A_multi,EW,XLV,0.09090909090909091
2025-09-02,A_multi,EW,XLY,0.09090909090909091
2025-10-01,A_multi,MV,XLB,1.564989032576882e-16
2025-10-01,A_multi,MV,XLC,0.14756295992174379
2025-10-01,A_multi,MV,XLE,0.01997242570798989
2025-10-01,A_multi,MV,XLF,0.0
2025-10-01,A_multi,MV,XLI,1.2498784228973517e-17
2025-10-01,A_multi,MV,XLK,0.0
2025-10-01,A_multi,MV,XLP,0.0
2025-10-01,A_multi,MV,XLRE,6.351808989327066e-17
2025-10-01,A_multi,MV,XLU,0.8324646143702668
2025-10-01,A_multi,MV,XLV,5.3192151135226614e-17
2025-10-01,A_multi,MV,XLY,0.0
2025-10-01,A_multi,EW,XLB,0.09090909090909091
2025-10-01,A_multi,EW,XLC,0.09090909090909091
2025-10-01,A_multi,EW,XLE,0.09090909090909091
2025-10-01,A_multi,EW,XLF,0.09090909090909091
2025-10-01,A_multi,EW,XLI,0.09090909090909091
2025-10-01,A_multi,EW,XLK,0.09090909090909091
2025-10-01,A_multi,EW,XLP,0.09090909090909091
2025-10-01,A_multi,EW,XLRE,0.09090909090909091
2025-10-01,A_multi,EW,XLU,0.09090909090909091
2025-10-01,A_multi,EW,XLV,0.09090909090909091
2025-10-01,A_multi,EW,XLY,0.09090909090909091
2025-11-03,A_multi,MV,XLB,0.0
2025-11-03,A_multi,MV,XLC,0.07260549230321654
2025-11-03,A_multi,MV,XLE,8.36671510451211e-17
2025-11-03,A_multi,MV,XLF,0.0
2025-11-03,A_multi,MV,XLI,0.0
2025-11-03,A_multi,MV,XLK,0.10266276209907658
2025-11-03,A_multi,MV,XLP,0.20233017388017152
2025-11-03,A_multi,MV,XLRE,9.219874759183406e-17
2025-11-03,A_multi,MV,XLU,0.6224015717175354
2025-11-03,A_multi,MV,XLV,4.967811752594939e-17
2025-11-03,A_multi,MV,XLY,0.0
2025-11-03,A_multi,EW,XLB,0.09090909090909091
2025-11-03,A_multi,EW,XLC,0.09090909090909091
2025-11-03,A_multi,EW,XLE,0.09090909090909091
2025-11-03,A_multi,EW,XLF,0.09090909090909091
2025-11-03,A_multi,EW,XLI,0.09090909090909091
2025-11-03,A_multi,EW,XLK,0.09090909090909091
2025-11-03,A_multi,EW,XLP,0.09090909090909091
2025-11-03,A_multi,EW,XLRE,0.09090909090909091
2025-11-03,A_multi,EW,XLU,0.09090909090909091
2025-11-03,A_multi,EW,XLV,0.09090909090909091
2025-11-03,A_multi,EW,XLY,0.09090909090909091
2025-12-01,A_multi,MV,XLB,8.108289211607468e-17
2025-12-01,A_multi,MV,XLC,0.2644458093588709
2025-12-01,A_multi,MV,XLE,0.0836127593004812
2025-12-01,A_multi,MV,XLF,0.0
2025-12-01,A_multi,MV,XLI,0.0
2025-12-01,A_multi,MV,XLK,0.0
2025-12-01,A_multi,MV,XLP,0.0
2025-12-01,A_multi,MV,XLRE,0.0
2025-12-01,A_multi,MV,XLU,0.4068776243385692
2025-12-01,A_multi,MV,XLV,0.24506380700207903
2025-12-01,A_multi,MV,XLY,0.0
2025-12-01,A_multi,EW,XLB,0.09090909090909091
2025-12-01,A_multi,EW,XLC,0.09090909090909091
2025-12-01,A_multi,EW,XLE,0.09090909090909091
2025-12-01,A_multi,EW,XLF,0.09090909090909091
2025-12-01,A_multi,EW,XLI,0.09090909090909091
2025-12-01,A_multi,EW,XLK,0.09090909090909091
2025-12-01,A_multi,EW,XLP,0.09090909090909091
2025-12-01,A_multi,EW,XLRE,0.09090909090909091
2025-12-01,A_multi,EW,XLU,0.09090909090909091
2025-12-01,A_multi,EW,XLV,0.09090909090909091
2025-12-01,A_multi,EW,XLY,0.09090909090909091
2026-01-02,A_multi,MV,XLB,1.4473692922770335e-17
2026-01-02,A_multi,MV,XLC,2.786289458791079e-17
2026-01-02,A_multi,MV,XLE,0.14637092886754818
2026-01-02,A_multi,MV,XLF,0.0
2026-01-02,A_multi,MV,XLI,2.5400846890998733e-17
2026-01-02,A_multi,MV,XLK,2.3906665460807575e-17
2026-01-02,A_multi,MV,XLP,0.0
2026-01-02,A_multi,MV,XLRE,3.495954811459898e-17
2026-01-02,A_multi,MV,XLU,0.8536290711324518
2026-01-02,A_multi,MV,XLV,0.0
2026-01-02,A_multi,MV,XLY,6.672950683461569e-17
2026-01-02,A_multi,EW,XLB,0.09090909090909091
2026-01-02,A_multi,EW,XLC,0.09090909090909091
2026-01-02,A_multi,EW,XLE,0.09090909090909091
2026-01-02,A_multi,EW,XLF,0.09090909090909091
2026-01-02,A_multi,EW,XLI,0.09090909090909091
2026-01-02,A_multi,EW,XLK,0.09090909090909091
2026-01-02,A_multi,EW,XLP,0.09090909090909091
2026-01-02,A_multi,EW,XLRE,0.09090909090909091
2026-01-02,A_multi,EW,XLU,0.09090909090909091
2026-01-02,A_multi,EW,XLV,0.09090909090909091
2026-01-02,A_multi,EW,XLY,0.09090909090909091
2026-02-02,A_multi,MV,XLB,0.0
2026-02-02,A_multi,MV,XLC,0.0
2026-02-02,A_multi,MV,XLE,0.07737699127186988
2026-02-02,A_multi,MV,XLF,6.887076093182452e-17
2026-02-02,A_multi,MV,XLI,0.0
2026-02-02,A_multi,MV,XLK,0.0
2026-02-02,A_multi,MV,XLP,0.0
2026-02-02,A_multi,MV,XLRE,1.2262767537436043e-17
2026-02-02,A_multi,MV,XLU,0.0
2026-02-02,A_multi,MV,XLV,0.9226230087281303
2026-02-02,A_multi,MV,XLY,0.0
2026-02-02,A_multi,EW,XLB,0.09090909090909091
2026-02-02,A_multi,EW,XLC,0.09090909090909091
2026-02-02,A_multi,EW,XLE,0.09090909090909091
2026-02-02,A_multi,EW,XLF,0.09090909090909091
2026-02-02,A_multi,EW,XLI,0.09090909090909091
2026-02-02,A_multi,EW,XLK,0.09090909090909091
2026-02-02,A_multi,EW,XLP,0.09090909090909091
2026-02-02,A_multi,EW,XLRE,0.09090909090909091
2026-02-02,A_multi,EW,XLU,0.09090909090909091
2026-02-02,A_multi,EW,XLV,0.09090909090909091
2026-02-02,A_multi,EW,XLY,0.09090909090909091
2026-03-02,A_multi,MV,XLB,0.0
2026-03-02,A_multi,MV,XLC,0.0
2026-03-02,A_multi,MV,XLE,2.7743169955593286e-17
2026-03-02,A_multi,MV,XLF,0.0
2026-03-02,A_multi,MV,XLI,3.986618936047225e-17
2026-03-02,A_multi,MV,XLK,0.5840805856781087
2026-03-02,A_multi,MV,XLP,0.4157559513108532
2026-03-02,A_multi,MV,XLRE,0.0
2026-03-02,A_multi,MV,XLU,5.1632369571941805e-17
2026-03-02,A_multi,MV,XLV,0.00016346301103831954
2026-03-02,A_multi,MV,XLY,0.0
2026-03-02,A_multi,EW,XLB,0.09090909090909091
2026-03-02,A_multi,EW,XLC,0.09090909090909091
2026-03-02,A_multi,EW,XLE,0.09090909090909091
2026-03-02,A_multi,EW,XLF,0.09090909090909091
2026-03-02,A_multi,EW,XLI,0.09090909090909091
2026-03-02,A_multi,EW,XLK,0.09090909090909091
2026-03-02,A_multi,EW,XLP,0.09090909090909091
2026-03-02,A_multi,EW,XLRE,0.09090909090909091
2026-03-02,A_multi,EW,XLU,0.09090909090909091
2026-03-02,A_multi,EW,XLV,0.09090909090909091
2026-03-02,A_multi,EW,XLY,0.09090909090909091
2026-04-01,A_multi,MV,XLB,7.057765813858806e-17
2026-04-01,A_multi,MV,XLC,0.7443170281127865
2026-04-01,A_multi,MV,XLE,0.0
2026-04-01,A_multi,MV,XLF,5.813348932486814e-17
2026-04-01,A_multi,MV,XLI,6.400462810614162e-17
2026-04-01,A_multi,MV,XLK,6.482087574545985e-17
2026-04-01,A_multi,MV,XLP,0.25568297188721334
2026-04-01,A_multi,MV,XLRE,2.528595057503714e-17
2026-04-01,A_multi,MV,XLU,0.0
2026-04-01,A_multi,MV,XLV,0.0
2026-04-01,A_multi,MV,XLY,3.4996500945510725e-17
2026-04-01,A_multi,EW,XLB,0.09090909090909091
2026-04-01,A_multi,EW,XLC,0.09090909090909091
2026-04-01,A_multi,EW,XLE,0.09090909090909091
2026-04-01,A_multi,EW,XLF,0.09090909090909091
2026-04-01,A_multi,EW,XLI,0.09090909090909091
2026-04-01,A_multi,EW,XLK,0.09090909090909091
2026-04-01,A_multi,EW,XLP,0.09090909090909091
2026-04-01,A_multi,EW,XLRE,0.09090909090909091
2026-04-01,A_multi,EW,XLU,0.09090909090909091
2026-04-01,A_multi,EW,XLV,0.09090909090909091
2026-04-01,A_multi,EW,XLY,0.09090909090909091
2026-05-01,A_multi,MV,XLB,0.3034141700240247
2026-05-01,A_multi,MV,XLC,0.0
2026-05-01,A_multi,MV,XLE,0.0
2026-05-01,A_multi,MV,XLF,0.0
2026-05-01,A_multi,MV,XLI,1.2741041455019177e-17
2026-05-01,A_multi,MV,XLK,0.0
2026-05-01,A_multi,MV,XLP,0.0
2026-05-01,A_multi,MV,XLRE,0.3827431302883324
2026-05-01,A_multi,MV,XLU,0.31384269968764306
2026-05-01,A_multi,MV,XLV,0.0
2026-05-01,A_multi,MV,XLY,1.0551880772453117e-17
2026-05-01,A_multi,EW,XLB,0.09090909090909091
2026-05-01,A_multi,EW,XLC,0.09090909090909091
2026-05-01,A_multi,EW,XLE,0.09090909090909091
2026-05-01,A_multi,EW,XLF,0.09090909090909091
2026-05-01,A_multi,EW,XLI,0.09090909090909091
2026-05-01,A_multi,EW,XLK,0.09090909090909091
2026-05-01,A_multi,EW,XLP,0.09090909090909091
2026-05-01,A_multi,EW,XLRE,0.09090909090909091
2026-05-01,A_multi,EW,XLU,0.09090909090909091
2026-05-01,A_multi,EW,XLV,0.09090909090909091
2026-05-01,A_multi,EW,XLY,0.09090909090909091
2026-06-01,A_multi,MV,XLB,5.289337103888639e-17
2026-06-01,A_multi,MV,XLC,0.0
2026-06-01,A_multi,MV,XLE,0.011263262725358963
2026-06-01,A_multi,MV,XLF,6.54058030791375e-17
2026-06-01,A_multi,MV,XLI,9.598648223363032e-17
2026-06-01,A_multi,MV,XLK,0.9887367372746412
2026-06-01,A_multi,MV,XLP,1.435327169041634e-17
2026-06-01,A_multi,MV,XLRE,0.0
2026-06-01,A_multi,MV,XLU,0.0
2026-06-01,A_multi,MV,XLV,0.0
2026-06-01,A_multi,MV,XLY,0.0
2026-06-01,A_multi,EW,XLB,0.09090909090909091
2026-06-01,A_multi,EW,XLC,0.09090909090909091
2026-06-01,A_multi,EW,XLE,0.09090909090909091
2026-06-01,A_multi,EW,XLF,0.09090909090909091
2026-06-01,A_multi,EW,XLI,0.09090909090909091
2026-06-01,A_multi,EW,XLK,0.09090909090909091
2026-06-01,A_multi,EW,XLP,0.09090909090909091
2026-06-01,A_multi,EW,XLRE,0.09090909090909091
2026-06-01,A_multi,EW,XLU,0.09090909090909091
2026-06-01,A_multi,EW,XLV,0.09090909090909091
2026-06-01,A_multi,EW,XLY,0.09090909090909091
2026-07-01,A_multi,MV,XLB,0.0
2026-07-01,A_multi,MV,XLC,0.0
2026-07-01,A_multi,MV,XLE,0.11060615463296297
2026-07-01,A_multi,MV,XLF,0.05355331485006085
2026-07-01,A_multi,MV,XLI,0.0
2026-07-01,A_multi,MV,XLK,0.0
2026-07-01,A_multi,MV,XLP,0.8358405305169765
2026-07-01,A_multi,MV,XLRE,1.3769367590565906e-17
2026-07-01,A_multi,MV,XLU,3.4236905525999693e-17
2026-07-01,A_multi,MV,XLV,0.0
2026-07-01,A_multi,MV,XLY,0.0
2026-07-01,A_multi,EW,XLB,0.09090909090909091
2026-07-01,A_multi,EW,XLC,0.09090909090909091
2026-07-01,A_multi,EW,XLE,0.09090909090909091
2026-07-01,A_multi,EW,XLF,0.09090909090909091
2026-07-01,A_multi,EW,XLI,0.09090909090909091
2026-07-01,A_multi,EW,XLK,0.09090909090909091
2026-07-01,A_multi,EW,XLP,0.09090909090909091
2026-07-01,A_multi,EW,XLRE,0.09090909090909091
2026-07-01,A_multi,EW,XLU,0.09090909090909091
2026-07-01,A_multi,EW,XLV,0.09090909090909091
2026-07-01,A_multi,EW,XLY,0.09090909090909091
2023-01-03,B_multi,MV,XLB,5.093877605062767e-17
2023-01-03,B_multi,MV,XLC,0.0
2023-01-03,B_multi,MV,XLE,0.01799969934179561
2023-01-03,B_multi,MV,XLF,3.8385839585633316e-17
2023-01-03,B_multi,MV,XLI,0.18253978757409722
2023-01-03,B_multi,MV,XLK,0.0
2023-01-03,B_multi,MV,XLP,0.0
2023-01-03,B_multi,MV,XLRE,0.0
2023-01-03,B_multi,MV,XLU,2.3562004757857386e-16
2023-01-03,B_multi,MV,XLV,0.7994605130841069
2023-01-03,B_multi,MV,XLY,3.1671431704540963e-17
2023-01-03,B_multi,EW,XLB,0.09090909090909091
2023-01-03,B_multi,EW,XLC,0.09090909090909091
2023-01-03,B_multi,EW,XLE,0.09090909090909091
2023-01-03,B_multi,EW,XLF,0.09090909090909091
2023-01-03,B_multi,EW,XLI,0.09090909090909091
2023-01-03,B_multi,EW,XLK,0.09090909090909091
2023-01-03,B_multi,EW,XLP,0.09090909090909091
2023-01-03,B_multi,EW,XLRE,0.09090909090909091
2023-01-03,B_multi,EW,XLU,0.09090909090909091
2023-01-03,B_multi,EW,XLV,0.09090909090909091
2023-01-03,B_multi,EW,XLY,0.09090909090909091
2023-02-01,B_multi,MV,XLB,0.0
2023-02-01,B_multi,MV,XLC,0.7448756779971443
2023-02-01,B_multi,MV,XLE,9.8879238130678e-17
2023-02-01,B_multi,MV,XLF,0.0
2023-02-01,B_multi,MV,XLI,0.0
2023-02-01,B_multi,MV,XLK,0.0
2023-02-01,B_multi,MV,XLP,0.0
2023-02-01,B_multi,MV,XLRE,0.0
2023-02-01,B_multi,MV,XLU,0.25512432200285606
2023-02-01,B_multi,MV,XLV,0.0
2023-02-01,B_multi,MV,XLY,1.3877787807814457e-17
2023-02-01,B_multi,EW,XLB,0.09090909090909091
2023-02-01,B_multi,EW,XLC,0.09090909090909091
2023-02-01,B_multi,EW,XLE,0.09090909090909091
2023-02-01,B_multi,EW,XLF,0.09090909090909091
2023-02-01,B_multi,EW,XLI,0.09090909090909091
2023-02-01,B_multi,EW,XLK,0.09090909090909091
2023-02-01,B_multi,EW,XLP,0.09090909090909091
2023-02-01,B_multi,EW,XLRE,0.09090909090909091
2023-02-01,B_multi,EW,XLU,0.09090909090909091
2023-02-01,B_multi,EW,XLV,0.09090909090909091
2023-02-01,B_multi,EW,XLY,0.09090909090909091
2023-03-01,B_multi,MV,XLB,0.0
2023-03-01,B_multi,MV,XLC,0.7336469864550115
2023-03-01,B_multi,MV,XLE,0.0
2023-03-01,B_multi,MV,XLF,0.22908381337355857
2023-03-01,B_multi,MV,XLI,2.0171806844917357e-17
2023-03-01,B_multi,MV,XLK,2.6113235357410946e-17
2023-03-01,B_multi,MV,XLP,0.0
2023-03-01,B_multi,MV,XLRE,1.680854154802776e-17
2023-03-01,B_multi,MV,XLU,0.03726920017143006
2023-03-01,B_multi,MV,XLV,0.0
2023-03-01,B_multi,MV,XLY,0.0
2023-03-01,B_multi,EW,XLB,0.09090909090909091
2023-03-01,B_multi,EW,XLC,0.09090909090909091
2023-03-01,B_multi,EW,XLE,0.09090909090909091
2023-03-01,B_multi,EW,XLF,0.09090909090909091
2023-03-01,B_multi,EW,XLI,0.09090909090909091
2023-03-01,B_multi,EW,XLK,0.09090909090909091
2023-03-01,B_multi,EW,XLP,0.09090909090909091
2023-03-01,B_multi,EW,XLRE,0.09090909090909091
2023-03-01,B_multi,EW,XLU,0.09090909090909091
2023-03-01,B_multi,EW,XLV,0.09090909090909091
2023-03-01,B_multi,EW,XLY,0.09090909090909091
2023-04-03,B_multi,MV,XLB,0.0
2023-04-03,B_multi,MV,XLC,0.4509448718352613
2023-04-03,B_multi,MV,XLE,0.0
2023-04-03,B_multi,MV,XLF,0.03765424023064556
2023-04-03,B_multi,MV,XLI,5.3638266275116967e-17
2023-04-03,B_multi,MV,XLK,0.0
2023-04-03,B_multi,MV,XLP,0.14458158175042723
2023-04-03,B_multi,MV,XLRE,2.110201332603128e-17
2023-04-03,B_multi,MV,XLU,0.3668193061836659
2023-04-03,B_multi,MV,XLV,6.305845808142265e-17
2023-04-03,B_multi,MV,XLY,0.0
2023-04-03,B_multi,EW,XLB,0.09090909090909091
2023-04-03,B_multi,EW,XLC,0.09090909090909091
2023-04-03,B_multi,EW,XLE,0.09090909090909091
2023-04-03,B_multi,EW,XLF,0.09090909090909091
2023-04-03,B_multi,EW,XLI,0.09090909090909091
2023-04-03,B_multi,EW,XLK,0.09090909090909091
2023-04-03,B_multi,EW,XLP,0.09090909090909091
2023-04-03,B_multi,EW,XLRE,0.09090909090909091
2023-04-03,B_multi,EW,XLU,0.09090909090909091
2023-04-03,B_multi,EW,XLV,0.09090909090909091
2023-04-03,B_multi,EW,XLY,0.09090909090909091
2023-05-01,B_multi,MV,XLB,1.474514954580286e-17
2023-05-01,B_multi,MV,XLC,0.0
2023-05-01,B_multi,MV,XLE,0.0
2023-05-01,B_multi,MV,XLF,0.0
2023-05-01,B_multi,MV,XLI,0.0
2023-05-01,B_multi,MV,XLK,0.0
2023-05-01,B_multi,MV,XLP,2.0274580625478933e-17
2023-05-01,B_multi,MV,XLRE,1.734723475976807e-17
2023-05-01,B_multi,MV,XLU,0.33183868543214873
2023-05-01,B_multi,MV,XLV,0.2522575118203206
2023-05-01,B_multi,MV,XLY,0.4159038027475309
2023-05-01,B_multi,EW,XLB,0.09090909090909091
2023-05-01,B_multi,EW,XLC,0.09090909090909091
2023-05-01,B_multi,EW,XLE,0.09090909090909091
2023-05-01,B_multi,EW,XLF,0.09090909090909091
2023-05-01,B_multi,EW,XLI,0.09090909090909091
2023-05-01,B_multi,EW,XLK,0.09090909090909091
2023-05-01,B_multi,EW,XLP,0.09090909090909091
2023-05-01,B_multi,EW,XLRE,0.09090909090909091
2023-05-01,B_multi,EW,XLU,0.09090909090909091
2023-05-01,B_multi,EW,XLV,0.09090909090909091
2023-05-01,B_multi,EW,XLY,0.09090909090909091
2023-06-01,B_multi,MV,XLB,0.0
2023-06-01,B_multi,MV,XLC,0.5222756516067619
2023-06-01,B_multi,MV,XLE,0.0
2023-06-01,B_multi,MV,XLF,0.47772434839323824
2023-06-01,B_multi,MV,XLI,1.734723475976807e-16
2023-06-01,B_multi,MV,XLK,2.6417506242695775e-17
2023-06-01,B_multi,MV,XLP,0.0
2023-06-01,B_multi,MV,XLRE,0.0
2023-06-01,B_multi,MV,XLU,2.5932990854615162e-17
2023-06-01,B_multi,MV,XLV,0.0
2023-06-01,B_multi,MV,XLY,0.0
2023-06-01,B_multi,EW,XLB,0.09090909090909091
2023-06-01,B_multi,EW,XLC,0.09090909090909091
2023-06-01,B_multi,EW,XLE,0.09090909090909091
2023-06-01,B_multi,EW,XLF,0.09090909090909091
2023-06-01,B_multi,EW,XLI,0.09090909090909091
2023-06-01,B_multi,EW,XLK,0.09090909090909091
2023-06-01,B_multi,EW,XLP,0.09090909090909091
2023-06-01,B_multi,EW,XLRE,0.09090909090909091
2023-06-01,B_multi,EW,XLU,0.09090909090909091
2023-06-01,B_multi,EW,XLV,0.09090909090909091
2023-06-01,B_multi,EW,XLY,0.09090909090909091
2023-07-03,B_multi,MV,XLB,0.0
2023-07-03,B_multi,MV,XLC,0.10843330780693644
2023-07-03,B_multi,MV,XLE,0.0
2023-07-03,B_multi,MV,XLF,0.0
2023-07-03,B_multi,MV,XLI,0.0
2023-07-03,B_multi,MV,XLK,0.0
2023-07-03,B_multi,MV,XLP,0.8915666921930638
2023-07-03,B_multi,MV,XLRE,2.4014005717064957e-16
2023-07-03,B_multi,MV,XLU,0.0
2023-07-03,B_multi,MV,XLV,0.0
2023-07-03,B_multi,MV,XLY,1.176334194094534e-17
2023-07-03,B_multi,EW,XLB,0.09090909090909091
2023-07-03,B_multi,EW,XLC,0.09090909090909091
2023-07-03,B_multi,EW,XLE,0.09090909090909091
2023-07-03,B_multi,EW,XLF,0.09090909090909091
2023-07-03,B_multi,EW,XLI,0.09090909090909091
2023-07-03,B_multi,EW,XLK,0.09090909090909091
2023-07-03,B_multi,EW,XLP,0.09090909090909091
2023-07-03,B_multi,EW,XLRE,0.09090909090909091
2023-07-03,B_multi,EW,XLU,0.09090909090909091
2023-07-03,B_multi,EW,XLV,0.09090909090909091
2023-07-03,B_multi,EW,XLY,0.09090909090909091
2023-08-01,B_multi,MV,XLB,0.0
2023-08-01,B_multi,MV,XLC,0.0
2023-08-01,B_multi,MV,XLE,7.966720639043193e-18
2023-08-01,B_multi,MV,XLF,5.791068066005313e-17
2023-08-01,B_multi,MV,XLI,5.68570329582615e-17
2023-08-01,B_multi,MV,XLK,0.0
2023-08-01,B_multi,MV,XLP,0.15682099002404612
2023-08-01,B_multi,MV,XLRE,0.33451168776838336
2023-08-01,B_multi,MV,XLU,0.3751715643464766
2023-08-01,B_multi,MV,XLV,0.13349575786109405
2023-08-01,B_multi,MV,XLY,0.0
2023-08-01,B_multi,EW,XLB,0.09090909090909091
2023-08-01,B_multi,EW,XLC,0.09090909090909091
2023-08-01,B_multi,EW,XLE,0.09090909090909091
2023-08-01,B_multi,EW,XLF,0.09090909090909091
2023-08-01,B_multi,EW,XLI,0.09090909090909091
2023-08-01,B_multi,EW,XLK,0.09090909090909091
2023-08-01,B_multi,EW,XLP,0.09090909090909091
2023-08-01,B_multi,EW,XLRE,0.09090909090909091
2023-08-01,B_multi,EW,XLU,0.09090909090909091
2023-08-01,B_multi,EW,XLV,0.09090909090909091
2023-08-01,B_multi,EW,XLY,0.09090909090909091
2023-09-01,B_multi,MV,XLB,3.187554387107383e-17
2023-09-01,B_multi,MV,XLC,1.1319070680748666e-16
2023-09-01,B_multi,MV,XLE,0.0
2023-09-01,B_multi,MV,XLF,1.682681771697503e-16
2023-09-01,B_multi,MV,XLI,7.849623728795052e-17
2023-09-01,B_multi,MV,XLK,0.0
2023-09-01,B_multi,MV,XLP,0.2722989048899087
2023-09-01,B_multi,MV,XLRE,0.330928029046915
2023-09-01,B_multi,MV,XLU,6.722053469410127e-17
2023-09-01,B_multi,MV,XLV,0.35726974242008797
2023-09-01,B_multi,MV,XLY,0.03950332364308821
2023-09-01,B_multi,EW,XLB,0.09090909090909091
2023-09-01,B_multi,EW,XLC,0.09090909090909091
2023-09-01,B_multi,EW,XLE,0.09090909090909091
2023-09-01,B_multi,EW,XLF,0.09090909090909091
2023-09-01,B_multi,EW,XLI,0.09090909090909091
2023-09-01,B_multi,EW,XLK,0.09090909090909091
2023-09-01,B_multi,EW,XLP,0.09090909090909091
2023-09-01,B_multi,EW,XLRE,0.09090909090909091
2023-09-01,B_multi,EW,XLU,0.09090909090909091
2023-09-01,B_multi,EW,XLV,0.09090909090909091
2023-09-01,B_multi,EW,XLY,0.09090909090909091
2023-10-02,B_multi,MV,XLB,1.746546083831555e-17
2023-10-02,B_multi,MV,XLC,0.03411161288864714
2023-10-02,B_multi,MV,XLE,0.0
2023-10-02,B_multi,MV,XLF,0.0191431447079905
2023-10-02,B_multi,MV,XLI,0.0
2023-10-02,B_multi,MV,XLK,0.0
2023-10-02,B_multi,MV,XLP,0.0
2023-10-02,B_multi,MV,XLRE,0.0
2023-10-02,B_multi,MV,XLU,0.6522748250905247
2023-10-02,B_multi,MV,XLV,0.29447041731283774
2023-10-02,B_multi,MV,XLY,0.0
2023-10-02,B_multi,EW,XLB,0.09090909090909091
2023-10-02,B_multi,EW,XLC,0.09090909090909091
2023-10-02,B_multi,EW,XLE,0.09090909090909091
2023-10-02,B_multi,EW,XLF,0.09090909090909091
2023-10-02,B_multi,EW,XLI,0.09090909090909091
2023-10-02,B_multi,EW,XLK,0.09090909090909091
2023-10-02,B_multi,EW,XLP,0.09090909090909091
2023-10-02,B_multi,EW,XLRE,0.09090909090909091
2023-10-02,B_multi,EW,XLU,0.09090909090909091
2023-10-02,B_multi,EW,XLV,0.09090909090909091
2023-10-02,B_multi,EW,XLY,0.09090909090909091
2023-11-01,B_multi,MV,XLB,2.239387495794857e-17
2023-11-01,B_multi,MV,XLC,0.24133381985245073
2023-11-01,B_multi,MV,XLE,1.3032217310126724e-17
2023-11-01,B_multi,MV,XLF,0.0
2023-11-01,B_multi,MV,XLI,2.8786328910879624e-18
2023-11-01,B_multi,MV,XLK,0.0
2023-11-01,B_multi,MV,XLP,1.8987754158445644e-17
2023-11-01,B_multi,MV,XLRE,5.764238542653376e-17
2023-11-01,B_multi,MV,XLU,0.1472472005739455
2023-11-01,B_multi,MV,XLV,0.6114189795736038
2023-11-01,B_multi,MV,XLY,7.146449195456287e-17
2023-11-01,B_multi,EW,XLB,0.09090909090909091
2023-11-01,B_multi,EW,XLC,0.09090909090909091
2023-11-01,B_multi,EW,XLE,0.09090909090909091
2023-11-01,B_multi,EW,XLF,0.09090909090909091
2023-11-01,B_multi,EW,XLI,0.09090909090909091
2023-11-01,B_multi,EW,XLK,0.09090909090909091
2023-11-01,B_multi,EW,XLP,0.09090909090909091
2023-11-01,B_multi,EW,XLRE,0.09090909090909091
2023-11-01,B_multi,EW,XLU,0.09090909090909091
2023-11-01,B_multi,EW,XLV,0.09090909090909091
2023-11-01,B_multi,EW,XLY,0.09090909090909091
2023-12-01,B_multi,MV,XLB,1.5989713174970765e-17
2023-12-01,B_multi,MV,XLC,0.1255732669358468
2023-12-01,B_multi,MV,XLE,0.0
2023-12-01,B_multi,MV,XLF,0.0
2023-12-01,B_multi,MV,XLI,1.8274680024744897e-17
2023-12-01,B_multi,MV,XLK,3.8305077954836896e-17
2023-12-01,B_multi,MV,XLP,0.6604568488699493
2023-12-01,B_multi,MV,XLRE,3.1384594243086953e-17
2023-12-01,B_multi,MV,XLU,0.2139698841942043
2023-12-01,B_multi,MV,XLV,0.0
2023-12-01,B_multi,MV,XLY,0.0
2023-12-01,B_multi,EW,XLB,0.09090909090909091
2023-12-01,B_multi,EW,XLC,0.09090909090909091
2023-12-01,B_multi,EW,XLE,0.09090909090909091
2023-12-01,B_multi,EW,XLF,0.09090909090909091
2023-12-01,B_multi,EW,XLI,0.09090909090909091
2023-12-01,B_multi,EW,XLK,0.09090909090909091
2023-12-01,B_multi,EW,XLP,0.09090909090909091
2023-12-01,B_multi,EW,XLRE,0.09090909090909091
2023-12-01,B_multi,EW,XLU,0.09090909090909091
2023-12-01,B_multi,EW,XLV,0.09090909090909091
2023-12-01,B_multi,EW,XLY,0.09090909090909091
2024-01-02,B_multi,MV,XLB,0.0
2024-01-02,B_multi,MV,XLC,0.2062097230566555
2024-01-02,B_multi,MV,XLE,0.0
2024-01-02,B_multi,MV,XLF,5.2583805365546965e-18
2024-01-02,B_multi,MV,XLI,6.895525817007808e-17
2024-01-02,B_multi,MV,XLK,2.2171934427328566e-17
2024-01-02,B_multi,MV,XLP,0.26707980515074
2024-01-02,B_multi,MV,XLRE,0.0
2024-01-02,B_multi,MV,XLU,0.3056161339305156
2024-01-02,B_multi,MV,XLV,1.836367429647323e-17
2024-01-02,B_multi,MV,XLY,0.22109433786208893
2024-01-02,B_multi,EW,XLB,0.09090909090909091
2024-01-02,B_multi,EW,XLC,0.09090909090909091
2024-01-02,B_multi,EW,XLE,0.09090909090909091
2024-01-02,B_multi,EW,XLF,0.09090909090909091
2024-01-02,B_multi,EW,XLI,0.09090909090909091
2024-01-02,B_multi,EW,XLK,0.09090909090909091
2024-01-02,B_multi,EW,XLP,0.09090909090909091
2024-01-02,B_multi,EW,XLRE,0.09090909090909091
2024-01-02,B_multi,EW,XLU,0.09090909090909091
2024-01-02,B_multi,EW,XLV,0.09090909090909091
2024-01-02,B_multi,EW,XLY,0.09090909090909091
2024-02-01,B_multi,MV,XLB,0.0
2024-02-01,B_multi,MV,XLC,0.2196956768779502
2024-02-01,B_multi,MV,XLE,0.0
2024-02-01,B_multi,MV,XLF,0.0
2024-02-01,B_multi,MV,XLI,2.903434460931794e-17
2024-02-01,B_multi,MV,XLK,0.0
2024-02-01,B_multi,MV,XLP,0.7803043231220497
2024-02-01,B_multi,MV,XLRE,4.0765273806081695e-18
2024-02-01,B_multi,MV,XLU,5.5227973055543344e-17
2024-02-01,B_multi,MV,XLV,3.2786273695961654e-16
2024-02-01,B_multi,MV,XLY,0.0
2024-02-01,B_multi,EW,XLB,0.09090909090909091
2024-02-01,B_multi,EW,XLC,0.09090909090909091
2024-02-01,B_multi,EW,XLE,0.09090909090909091
2024-02-01,B_multi,EW,XLF,0.09090909090909091
2024-02-01,B_multi,EW,XLI,0.09090909090909091
2024-02-01,B_multi,EW,XLK,0.09090909090909091
2024-02-01,B_multi,EW,XLP,0.09090909090909091
2024-02-01,B_multi,EW,XLRE,0.09090909090909091
2024-02-01,B_multi,EW,XLU,0.09090909090909091
2024-02-01,B_multi,EW,XLV,0.09090909090909091
2024-02-01,B_multi,EW,XLY,0.09090909090909091
2024-03-01,B_multi,MV,XLB,0.0
2024-03-01,B_multi,MV,XLC,0.01943206284102473
2024-03-01,B_multi,MV,XLE,4.6545216075622246e-17
2024-03-01,B_multi,MV,XLF,9.198523285040527e-18
2024-03-01,B_multi,MV,XLI,1.9579544417112505e-17
2024-03-01,B_multi,MV,XLK,0.0
2024-03-01,B_multi,MV,XLP,0.5636804770138689
2024-03-01,B_multi,MV,XLRE,2.4794038060539552e-17
2024-03-01,B_multi,MV,XLU,0.0
2024-03-01,B_multi,MV,XLV,0.41688746014510636
2024-03-01,B_multi,MV,XLY,0.0
2024-03-01,B_multi,EW,XLB,0.09090909090909091
2024-03-01,B_multi,EW,XLC,0.09090909090909091
2024-03-01,B_multi,EW,XLE,0.09090909090909091
2024-03-01,B_multi,EW,XLF,0.09090909090909091
2024-03-01,B_multi,EW,XLI,0.09090909090909091
2024-03-01,B_multi,EW,XLK,0.09090909090909091
2024-03-01,B_multi,EW,XLP,0.09090909090909091
2024-03-01,B_multi,EW,XLRE,0.09090909090909091
2024-03-01,B_multi,EW,XLU,0.09090909090909091
2024-03-01,B_multi,EW,XLV,0.09090909090909091
2024-03-01,B_multi,EW,XLY,0.09090909090909091
2024-04-01,B_multi,MV,XLB,6.77444863703906e-18
2024-04-01,B_multi,MV,XLC,0.0
2024-04-01,B_multi,MV,XLE,0.034786060418593494
2024-04-01,B_multi,MV,XLF,0.08634098405625706
2024-04-01,B_multi,MV,XLI,4.096028454379749e-17
2024-04-01,B_multi,MV,XLK,0.0
2024-04-01,B_multi,MV,XLP,0.8788729555251492
2024-04-01,B_multi,MV,XLRE,1.9179745031831407e-17
2024-04-01,B_multi,MV,XLU,5.958577183408028e-17
2024-04-01,B_multi,MV,XLV,1.1581040400677958e-16
2024-04-01,B_multi,MV,XLY,3.311732117918192e-18
2024-04-01,B_multi,EW,XLB,0.09090909090909091
2024-04-01,B_multi,EW,XLC,0.09090909090909091
2024-04-01,B_multi,EW,XLE,0.09090909090909091
2024-04-01,B_multi,EW,XLF,0.09090909090909091
2024-04-01,B_multi,EW,XLI,0.09090909090909091
2024-04-01,B_multi,EW,XLK,0.09090909090909091
2024-04-01,B_multi,EW,XLP,0.09090909090909091
2024-04-01,B_multi,EW,XLRE,0.09090909090909091
2024-04-01,B_multi,EW,XLU,0.09090909090909091
2024-04-01,B_multi,EW,XLV,0.09090909090909091
2024-04-01,B_multi,EW,XLY,0.09090909090909091
2024-05-01,B_multi,MV,XLB,0.0
2024-05-01,B_multi,MV,XLC,0.6562904544384299
2024-05-01,B_multi,MV,XLE,0.24449574195289692
2024-05-01,B_multi,MV,XLF,1.6309855071301133e-16
2024-05-01,B_multi,MV,XLI,1.0542551577456979e-16
2024-05-01,B_multi,MV,XLK,0.0
2024-05-01,B_multi,MV,XLP,0.0
2024-05-01,B_multi,MV,XLRE,0.09921380360867339
2024-05-01,B_multi,MV,XLU,3.9742285047205395e-17
2024-05-01,B_multi,MV,XLV,0.0
2024-05-01,B_multi,MV,XLY,6.535684811988285e-17
2024-05-01,B_multi,EW,XLB,0.09090909090909091
2024-05-01,B_multi,EW,XLC,0.09090909090909091
2024-05-01,B_multi,EW,XLE,0.09090909090909091
2024-05-01,B_multi,EW,XLF,0.09090909090909091
2024-05-01,B_multi,EW,XLI,0.09090909090909091
2024-05-01,B_multi,EW,XLK,0.09090909090909091
2024-05-01,B_multi,EW,XLP,0.09090909090909091
2024-05-01,B_multi,EW,XLRE,0.09090909090909091
2024-05-01,B_multi,EW,XLU,0.09090909090909091
2024-05-01,B_multi,EW,XLV,0.09090909090909091
2024-05-01,B_multi,EW,XLY,0.09090909090909091
2024-06-03,B_multi,MV,XLB,0.0
2024-06-03,B_multi,MV,XLC,0.0
2024-06-03,B_multi,MV,XLE,0.16117373570761367
2024-06-03,B_multi,MV,XLF,1.0803859466810411e-17
2024-06-03,B_multi,MV,XLI,0.0
2024-06-03,B_multi,MV,XLK,0.5964823376759655
2024-06-03,B_multi,MV,XLP,0.0
2024-06-03,B_multi,MV,XLRE,0.0
2024-06-03,B_multi,MV,XLU,0.0
2024-06-03,B_multi,MV,XLV,0.24234392661642093
2024-06-03,B_multi,MV,XLY,3.6134039968395373e-17
2024-06-03,B_multi,EW,XLB,0.09090909090909091
2024-06-03,B_multi,EW,XLC,0.09090909090909091
2024-06-03,B_multi,EW,XLE,0.09090909090909091
2024-06-03,B_multi,EW,XLF,0.09090909090909091
2024-06-03,B_multi,EW,XLI,0.09090909090909091
2024-06-03,B_multi,EW,XLK,0.09090909090909091
2024-06-03,B_multi,EW,XLP,0.09090909090909091
2024-06-03,B_multi,EW,XLRE,0.09090909090909091
2024-06-03,B_multi,EW,XLU,0.09090909090909091
2024-06-03,B_multi,EW,XLV,0.09090909090909091
2024-06-03,B_multi,EW,XLY,0.09090909090909091
2024-07-01,B_multi,MV,XLB,4.336808689942018e-19
2024-07-01,B_multi,MV,XLC,0.8789837404081009
2024-07-01,B_multi,MV,XLE,1.5612511283791264e-17
2024-07-01,B_multi,MV,XLF,3.469446951953614e-18
2024-07-01,B_multi,MV,XLI,0.0
2024-07-01,B_multi,MV,XLK,0.0
2024-07-01,B_multi,MV,XLP,3.8163916471489756e-17
2024-07-01,B_multi,MV,XLRE,2.0816681711721685e-17
2024-07-01,B_multi,MV,XLU,0.0
2024-07-01,B_multi,MV,XLV,0.0
2024-07-01,B_multi,MV,XLY,0.12101625959189928
2024-07-01,B_multi,EW,XLB,0.09090909090909091
2024-07-01,B_multi,EW,XLC,0.09090909090909091
2024-07-01,B_multi,EW,XLE,0.09090909090909091
2024-07-01,B_multi,EW,XLF,0.09090909090909091
2024-07-01,B_multi,EW,XLI,0.09090909090909091
2024-07-01,B_multi,EW,XLK,0.09090909090909091
2024-07-01,B_multi,EW,XLP,0.09090909090909091
2024-07-01,B_multi,EW,XLRE,0.09090909090909091
2024-07-01,B_multi,EW,XLU,0.09090909090909091
2024-07-01,B_multi,EW,XLV,0.09090909090909091
2024-07-01,B_multi,EW,XLY,0.09090909090909091
2024-08-01,B_multi,MV,XLB,0.0
2024-08-01,B_multi,MV,XLC,1.8330611745338416e-17
2024-08-01,B_multi,MV,XLE,2.672404027047375e-17
2024-08-01,B_multi,MV,XLF,0.0
2024-08-01,B_multi,MV,XLI,0.0
2024-08-01,B_multi,MV,XLK,0.04308255972296308
2024-08-01,B_multi,MV,XLP,0.9569174402770372
2024-08-01,B_multi,MV,XLRE,1.853249573280198e-17
2024-08-01,B_multi,MV,XLU,0.0
2024-08-01,B_multi,MV,XLV,0.0
2024-08-01,B_multi,MV,XLY,0.0
2024-08-01,B_multi,EW,XLB,0.09090909090909091
2024-08-01,B_multi,EW,XLC,0.09090909090909091
2024-08-01,B_multi,EW,XLE,0.09090909090909091
2024-08-01,B_multi,EW,XLF,0.09090909090909091
2024-08-01,B_multi,EW,XLI,0.09090909090909091
2024-08-01,B_multi,EW,XLK,0.09090909090909091
2024-08-01,B_multi,EW,XLP,0.09090909090909091
2024-08-01,B_multi,EW,XLRE,0.09090909090909091
2024-08-01,B_multi,EW,XLU,0.09090909090909091
2024-08-01,B_multi,EW,XLV,0.09090909090909091
2024-08-01,B_multi,EW,XLY,0.09090909090909091
2024-09-03,B_multi,MV,XLB,0.0
2024-09-03,B_multi,MV,XLC,0.2455885438352619
2024-09-03,B_multi,MV,XLE,1.1129911932981756e-17
2024-09-03,B_multi,MV,XLF,0.0
2024-09-03,B_multi,MV,XLI,3.270295731011194e-19
2024-09-03,B_multi,MV,XLK,0.7544114561647381
2024-09-03,B_multi,MV,XLP,3.6095689756684565e-17
2024-09-03,B_multi,MV,XLRE,0.0
2024-09-03,B_multi,MV,XLU,2.5528188364639218e-17
2024-09-03,B_multi,MV,XLV,5.3664288046563515e-17
2024-09-03,B_multi,MV,XLY,0.0
2024-09-03,B_multi,EW,XLB,0.09090909090909091
2024-09-03,B_multi,EW,XLC,0.09090909090909091
2024-09-03,B_multi,EW,XLE,0.09090909090909091
2024-09-03,B_multi,EW,XLF,0.09090909090909091
2024-09-03,B_multi,EW,XLI,0.09090909090909091
2024-09-03,B_multi,EW,XLK,0.09090909090909091
2024-09-03,B_multi,EW,XLP,0.09090909090909091
2024-09-03,B_multi,EW,XLRE,0.09090909090909091
2024-09-03,B_multi,EW,XLU,0.09090909090909091
2024-09-03,B_multi,EW,XLV,0.09090909090909091
2024-09-03,B_multi,EW,XLY,0.09090909090909091
2024-10-01,B_multi,MV,XLB,0.0
2024-10-01,B_multi,MV,XLC,0.2390822078114365
2024-10-01,B_multi,MV,XLE,0.02103789284603285
2024-10-01,B_multi,MV,XLF,0.03248923429056245
2024-10-01,B_multi,MV,XLI,0.0
2024-10-01,B_multi,MV,XLK,0.32237022322056197
2024-10-01,B_multi,MV,XLP,0.0
2024-10-01,B_multi,MV,XLRE,6.917272303850887e-17
2024-10-01,B_multi,MV,XLU,0.38502044183140627
2024-10-01,B_multi,MV,XLV,2.7645665312346888e-18
2024-10-01,B_multi,MV,XLY,1.0504910294954841e-17
2024-10-01,B_multi,EW,XLB,0.09090909090909091
2024-10-01,B_multi,EW,XLC,0.09090909090909091
2024-10-01,B_multi,EW,XLE,0.09090909090909091
2024-10-01,B_multi,EW,XLF,0.09090909090909091
2024-10-01,B_multi,EW,XLI,0.09090909090909091
2024-10-01,B_multi,EW,XLK,0.09090909090909091
2024-10-01,B_multi,EW,XLP,0.09090909090909091
2024-10-01,B_multi,EW,XLRE,0.09090909090909091
2024-10-01,B_multi,EW,XLU,0.09090909090909091
2024-10-01,B_multi,EW,XLV,0.09090909090909091
2024-10-01,B_multi,EW,XLY,0.09090909090909091
2024-11-01,B_multi,MV,XLB,0.0
2024-11-01,B_multi,MV,XLC,0.217111284356994
2024-11-01,B_multi,MV,XLE,0.12614433519825233
2024-11-01,B_multi,MV,XLF,3.998630124980337e-18
2024-11-01,B_multi,MV,XLI,0.0
2024-11-01,B_multi,MV,XLK,0.6567443804447538
2024-11-01,B_multi,MV,XLP,0.0
2024-11-01,B_multi,MV,XLRE,1.8162622443389025e-17
2024-11-01,B_multi,MV,XLU,1.204906875161654e-17
2024-11-01,B_multi,MV,XLV,1.9801949382470016e-17
2024-11-01,B_multi,MV,XLY,0.0
2024-11-01,B_multi,EW,XLB,0.09090909090909091
2024-11-01,B_multi,EW,XLC,0.09090909090909091
2024-11-01,B_multi,EW,XLE,0.09090909090909091
2024-11-01,B_multi,EW,XLF,0.09090909090909091
2024-11-01,B_multi,EW,XLI,0.09090909090909091
2024-11-01,B_multi,EW,XLK,0.09090909090909091
2024-11-01,B_multi,EW,XLP,0.09090909090909091
2024-11-01,B_multi,EW,XLRE,0.09090909090909091
2024-11-01,B_multi,EW,XLU,0.09090909090909091
2024-11-01,B_multi,EW,XLV,0.09090909090909091
2024-11-01,B_multi,EW,XLY,0.09090909090909091
2024-12-02,B_multi,MV,XLB,0.0
2024-12-02,B_multi,MV,XLC,0.6688594871246079
2024-12-02,B_multi,MV,XLE,0.05976239386430121
2024-12-02,B_multi,MV,XLF,4.4470490715415215e-17
2024-12-02,B_multi,MV,XLI,3.9121947568022535e-17
2024-12-02,B_multi,MV,XLK,0.26142831006484957
2024-12-02,B_multi,MV,XLP,6.352147004740115e-18
2024-12-02,B_multi,MV,XLRE,0.0
2024-12-02,B_multi,MV,XLU,0.009949808946241603
2024-12-02,B_multi,MV,XLV,0.0
2024-12-02,B_multi,MV,XLY,2.4835385120581043e-17
2024-12-02,B_multi,EW,XLB,0.09090909090909091
2024-12-02,B_multi,EW,XLC,0.09090909090909091
2024-12-02,B_multi,EW,XLE,0.09090909090909091
2024-12-02,B_multi,EW,XLF,0.09090909090909091
2024-12-02,B_multi,EW,XLI,0.09090909090909091
2024-12-02,B_multi,EW,XLK,0.09090909090909091
2024-12-02,B_multi,EW,XLP,0.09090909090909091
2024-12-02,B_multi,EW,XLRE,0.09090909090909091
2024-12-02,B_multi,EW,XLU,0.09090909090909091
2024-12-02,B_multi,EW,XLV,0.09090909090909091
2024-12-02,B_multi,EW,XLY,0.09090909090909091
2025-01-02,B_multi,MV,XLB,4.740310665761792e-16
2025-01-02,B_multi,MV,XLC,0.9999999999999999
2025-01-02,B_multi,MV,XLE,5.3657126293114385e-17
2025-01-02,B_multi,MV,XLF,0.0
2025-01-02,B_multi,MV,XLI,0.0
2025-01-02,B_multi,MV,XLK,0.0
2025-01-02,B_multi,MV,XLP,0.0
2025-01-02,B_multi,MV,XLRE,8.130407640905893e-17
2025-01-02,B_multi,MV,XLU,5.789337852650234e-17
2025-01-02,B_multi,MV,XLV,8.846357542194593e-18
2025-01-02,B_multi,MV,XLY,0.0
2025-01-02,B_multi,EW,XLB,0.09090909090909091
2025-01-02,B_multi,EW,XLC,0.09090909090909091
2025-01-02,B_multi,EW,XLE,0.09090909090909091
2025-01-02,B_multi,EW,XLF,0.09090909090909091
2025-01-02,B_multi,EW,XLI,0.09090909090909091
2025-01-02,B_multi,EW,XLK,0.09090909090909091
2025-01-02,B_multi,EW,XLP,0.09090909090909091
2025-01-02,B_multi,EW,XLRE,0.09090909090909091
2025-01-02,B_multi,EW,XLU,0.09090909090909091
2025-01-02,B_multi,EW,XLV,0.09090909090909091
2025-01-02,B_multi,EW,XLY,0.09090909090909091
2025-02-03,B_multi,MV,XLB,0.0
2025-02-03,B_multi,MV,XLC,3.1688317716583374e-17
2025-02-03,B_multi,MV,XLE,0.28386088596035036
2025-02-03,B_multi,MV,XLF,0.0
2025-02-03,B_multi,MV,XLI,1.9255430583342559e-16
2025-02-03,B_multi,MV,XLK,0.4583373307653818
2025-02-03,B_multi,MV,XLP,0.2578017832742676
2025-02-03,B_multi,MV,XLRE,6.60674738390621e-17
2025-02-03,B_multi,MV,XLU,5.110866203572867e-17
2025-02-03,B_multi,MV,XLV,5.649540895097094e-17
2025-02-03,B_multi,MV,XLY,0.0
2025-02-03,B_multi,EW,XLB,0.09090909090909091
2025-02-03,B_multi,EW,XLC,0.09090909090909091
2025-02-03,B_multi,EW,XLE,0.09090909090909091
2025-02-03,B_multi,EW,XLF,0.09090909090909091
2025-02-03,B_multi,EW,XLI,0.09090909090909091
2025-02-03,B_multi,EW,XLK,0.09090909090909091
2025-02-03,B_multi,EW,XLP,0.09090909090909091
2025-02-03,B_multi,EW,XLRE,0.09090909090909091
2025-02-03,B_multi,EW,XLU,0.09090909090909091
2025-02-03,B_multi,EW,XLV,0.09090909090909091
2025-02-03,B_multi,EW,XLY,0.09090909090909091
2025-03-03,B_multi,MV,XLB,0.0
2025-03-03,B_multi,MV,XLC,0.40553003195667175
2025-03-03,B_multi,MV,XLE,2.24265018156641e-16
2025-03-03,B_multi,MV,XLF,0.0
2025-03-03,B_multi,MV,XLI,0.0
2025-03-03,B_multi,MV,XLK,0.5944699680433287
2025-03-03,B_multi,MV,XLP,3.327833287580286e-17
2025-03-03,B_multi,MV,XLRE,0.0
2025-03-03,B_multi,MV,XLU,0.0
2025-03-03,B_multi,MV,XLV,3.7748377819192406e-17
2025-03-03,B_multi,MV,XLY,0.0
2025-03-03,B_multi,EW,XLB,0.09090909090909091
2025-03-03,B_multi,EW,XLC,0.09090909090909091
2025-03-03,B_multi,EW,XLE,0.09090909090909091
2025-03-03,B_multi,EW,XLF,0.09090909090909091
2025-03-03,B_multi,EW,XLI,0.09090909090909091
2025-03-03,B_multi,EW,XLK,0.09090909090909091
2025-03-03,B_multi,EW,XLP,0.09090909090909091
2025-03-03,B_multi,EW,XLRE,0.09090909090909091
2025-03-03,B_multi,EW,XLU,0.09090909090909091
2025-03-03,B_multi,EW,XLV,0.09090909090909091
2025-03-03,B_multi,EW,XLY,0.09090909090909091
2025-04-01,B_multi,MV,XLB,1.43982048506075e-16
2025-04-01,B_multi,MV,XLC,0.5474550816183724
2025-04-01,B_multi,MV,XLE,7.069627290657511e-17
2025-04-01,B_multi,MV,XLF,3.045710498449157e-17
2025-04-01,B_multi,MV,XLI,0.0
2025-04-01,B_multi,MV,XLK,0.06611436606905105
2025-04-01,B_multi,MV,XLP,0.0
2025-04-01,B_multi,MV,XLRE,0.0
2025-04-01,B_multi,MV,XLU,0.10337749478387206
2025-04-01,B_multi,MV,XLV,0.2830530575287045
2025-04-01,B_multi,MV,XLY,0.0
2025-04-01,B_multi,EW,XLB,0.09090909090909091
2025-04-01,B_multi,EW,XLC,0.09090909090909091
2025-04-01,B_multi,EW,XLE,0.09090909090909091
2025-04-01,B_multi,EW,XLF,0.09090909090909091
2025-04-01,B_multi,EW,XLI,0.09090909090909091
2025-04-01,B_multi,EW,XLK,0.09090909090909091
2025-04-01,B_multi,EW,XLP,0.09090909090909091
2025-04-01,B_multi,EW,XLRE,0.09090909090909091
2025-04-01,B_multi,EW,XLU,0.09090909090909091
2025-04-01,B_multi,EW,XLV,0.09090909090909091
2025-04-01,B_multi,EW,XLY,0.09090909090909091
2025-05-01,B_multi,MV,XLB,9.020562075079397e-17
2025-05-01,B_multi,MV,XLC,0.27249674738193497
2025-05-01,B_multi,MV,XLE,0.0
2025-05-01,B_multi,MV,XLF,0.0
2025-05-01,B_multi,MV,XLI,1.356022182133364e-17
2025-05-01,B_multi,MV,XLK,0.0
2025-05-01,B_multi,MV,XLP,0.4542186742029555
2025-05-01,B_multi,MV,XLRE,2.2063856699748168e-17
2025-05-01,B_multi,MV,XLU,0.27328457841510967
2025-05-01,B_multi,MV,XLV,6.2990146101594735e-18
2025-05-01,B_multi,MV,XLY,0.0
2025-05-01,B_multi,EW,XLB,0.09090909090909091
2025-05-01,B_multi,EW,XLC,0.09090909090909091
2025-05-01,B_multi,EW,XLE,0.09090909090909091
2025-05-01,B_multi,EW,XLF,0.09090909090909091
2025-05-01,B_multi,EW,XLI,0.09090909090909091
2025-05-01,B_multi,EW,XLK,0.09090909090909091
2025-05-01,B_multi,EW,XLP,0.09090909090909091
2025-05-01,B_multi,EW,XLRE,0.09090909090909091
2025-05-01,B_multi,EW,XLU,0.09090909090909091
2025-05-01,B_multi,EW,XLV,0.09090909090909091
2025-05-01,B_multi,EW,XLY,0.09090909090909091
2025-06-02,B_multi,MV,XLB,1.900511672074962e-17
2025-06-02,B_multi,MV,XLC,0.24944790763484267
2025-06-02,B_multi,MV,XLE,0.11489598849324621
2025-06-02,B_multi,MV,XLF,0.0
2025-06-02,B_multi,MV,XLI,1.8274492449176124e-17
2025-06-02,B_multi,MV,XLK,0.0
2025-06-02,B_multi,MV,XLP,0.18166330596279007
2025-06-02,B_multi,MV,XLRE,0.0
2025-06-02,B_multi,MV,XLU,0.4539927979091209
2025-06-02,B_multi,MV,XLV,1.3877787807814457e-17
2025-06-02,B_multi,MV,XLY,0.0
2025-06-02,B_multi,EW,XLB,0.09090909090909091
2025-06-02,B_multi,EW,XLC,0.09090909090909091
2025-06-02,B_multi,EW,XLE,0.09090909090909091
2025-06-02,B_multi,EW,XLF,0.09090909090909091
2025-06-02,B_multi,EW,XLI,0.09090909090909091
2025-06-02,B_multi,EW,XLK,0.09090909090909091
2025-06-02,B_multi,EW,XLP,0.09090909090909091
2025-06-02,B_multi,EW,XLRE,0.09090909090909091
2025-06-02,B_multi,EW,XLU,0.09090909090909091
2025-06-02,B_multi,EW,XLV,0.09090909090909091
2025-06-02,B_multi,EW,XLY,0.09090909090909091
2025-07-01,B_multi,MV,XLB,0.0
2025-07-01,B_multi,MV,XLC,0.0
2025-07-01,B_multi,MV,XLE,0.6360616868971608
2025-07-01,B_multi,MV,XLF,3.5096261901215266e-17
2025-07-01,B_multi,MV,XLI,0.0
2025-07-01,B_multi,MV,XLK,0.0
2025-07-01,B_multi,MV,XLP,0.36393831310283925
2025-07-01,B_multi,MV,XLRE,0.0
2025-07-01,B_multi,MV,XLU,0.0
2025-07-01,B_multi,MV,XLV,8.638516307235947e-18
2025-07-01,B_multi,MV,XLY,0.0
2025-07-01,B_multi,EW,XLB,0.09090909090909091
2025-07-01,B_multi,EW,XLC,0.09090909090909091
2025-07-01,B_multi,EW,XLE,0.09090909090909091
2025-07-01,B_multi,EW,XLF,0.09090909090909091
2025-07-01,B_multi,EW,XLI,0.09090909090909091
2025-07-01,B_multi,EW,XLK,0.09090909090909091
2025-07-01,B_multi,EW,XLP,0.09090909090909091
2025-07-01,B_multi,EW,XLRE,0.09090909090909091
2025-07-01,B_multi,EW,XLU,0.09090909090909091
2025-07-01,B_multi,EW,XLV,0.09090909090909091
2025-07-01,B_multi,EW,XLY,0.09090909090909091
2025-08-01,B_multi,MV,XLB,0.7592795077032028
2025-08-01,B_multi,MV,XLC,2.456367135197411e-17
2025-08-01,B_multi,MV,XLE,8.924363868111588e-18
2025-08-01,B_multi,MV,XLF,3.4725014541318186e-17
2025-08-01,B_multi,MV,XLI,0.0
2025-08-01,B_multi,MV,XLK,0.0
2025-08-01,B_multi,MV,XLP,0.0
2025-08-01,B_multi,MV,XLRE,0.009955804908559282
2025-08-01,B_multi,MV,XLU,0.0
2025-08-01,B_multi,MV,XLV,0.230764687388238
2025-08-01,B_multi,MV,XLY,0.0
2025-08-01,B_multi,EW,XLB,0.09090909090909091
2025-08-01,B_multi,EW,XLC,0.09090909090909091
2025-08-01,B_multi,EW,XLE,0.09090909090909091
2025-08-01,B_multi,EW,XLF,0.09090909090909091
2025-08-01,B_multi,EW,XLI,0.09090909090909091
2025-08-01,B_multi,EW,XLK,0.09090909090909091
2025-08-01,B_multi,EW,XLP,0.09090909090909091
2025-08-01,B_multi,EW,XLRE,0.09090909090909091
2025-08-01,B_multi,EW,XLU,0.09090909090909091
2025-08-01,B_multi,EW,XLV,0.09090909090909091
2025-08-01,B_multi,EW,XLY,0.09090909090909091
2025-09-02,B_multi,MV,XLB,0.0
2025-09-02,B_multi,MV,XLC,0.29997615623540935
2025-09-02,B_multi,MV,XLE,1.8108063065740674e-17
2025-09-02,B_multi,MV,XLF,1.3481457257352736e-16
2025-09-02,B_multi,MV,XLI,0.06444535300555332
2025-09-02,B_multi,MV,XLK,1.735490364563541e-18
2025-09-02,B_multi,MV,XLP,0.41426271539955534
2025-09-02,B_multi,MV,XLRE,3.5110690150000845e-17
2025-09-02,B_multi,MV,XLU,0.006560972926610627
2025-09-02,B_multi,MV,XLV,0.2147548024328712
2025-09-02,B_multi,MV,XLY,0.0
2025-09-02,B_multi,EW,XLB,0.09090909090909091
2025-09-02,B_multi,EW,XLC,0.09090909090909091
2025-09-02,B_multi,EW,XLE,0.09090909090909091
2025-09-02,B_multi,EW,XLF,0.09090909090909091
2025-09-02,B_multi,EW,XLI,0.09090909090909091
2025-09-02,B_multi,EW,XLK,0.09090909090909091
2025-09-02,B_multi,EW,XLP,0.09090909090909091
2025-09-02,B_multi,EW,XLRE,0.09090909090909091
2025-09-02,B_multi,EW,XLU,0.09090909090909091
2025-09-02,B_multi,EW,XLV,0.09090909090909091
2025-09-02,B_multi,EW,XLY,0.09090909090909091
2025-10-01,B_multi,MV,XLB,0.0
2025-10-01,B_multi,MV,XLC,0.014133938861899599
2025-10-01,B_multi,MV,XLE,0.22416550205677166
2025-10-01,B_multi,MV,XLF,0.0
2025-10-01,B_multi,MV,XLI,2.9984729529705726e-18
2025-10-01,B_multi,MV,XLK,0.0
2025-10-01,B_multi,MV,XLP,0.24317125361140463
2025-10-01,B_multi,MV,XLRE,3.4456391167579085e-17
2025-10-01,B_multi,MV,XLU,0.5185293054699243
2025-10-01,B_multi,MV,XLV,1.6253435194415014e-17
2025-10-01,B_multi,MV,XLY,0.0
2025-10-01,B_multi,EW,XLB,0.09090909090909091
2025-10-01,B_multi,EW,XLC,0.09090909090909091
2025-10-01,B_multi,EW,XLE,0.09090909090909091
2025-10-01,B_multi,EW,XLF,0.09090909090909091
2025-10-01,B_multi,EW,XLI,0.09090909090909091
2025-10-01,B_multi,EW,XLK,0.09090909090909091
2025-10-01,B_multi,EW,XLP,0.09090909090909091
2025-10-01,B_multi,EW,XLRE,0.09090909090909091
2025-10-01,B_multi,EW,XLU,0.09090909090909091
2025-10-01,B_multi,EW,XLV,0.09090909090909091
2025-10-01,B_multi,EW,XLY,0.09090909090909091
2025-11-03,B_multi,MV,XLB,0.24712659664640377
2025-11-03,B_multi,MV,XLC,0.41468932182560403
2025-11-03,B_multi,MV,XLE,0.10025531373009962
2025-11-03,B_multi,MV,XLF,0.0
2025-11-03,B_multi,MV,XLI,0.0
2025-11-03,B_multi,MV,XLK,1.6206501326746382e-16
2025-11-03,B_multi,MV,XLP,0.22827897703993788
2025-11-03,B_multi,MV,XLRE,6.215675057886205e-17
2025-11-03,B_multi,MV,XLU,0.009649790757954423
2025-11-03,B_multi,MV,XLV,5.285157898909395e-17
2025-11-03,B_multi,MV,XLY,7.767333823470812e-17
2025-11-03,B_multi,EW,XLB,0.09090909090909091
2025-11-03,B_multi,EW,XLC,0.09090909090909091
2025-11-03,B_multi,EW,XLE,0.09090909090909091
2025-11-03,B_multi,EW,XLF,0.09090909090909091
2025-11-03,B_multi,EW,XLI,0.09090909090909091
2025-11-03,B_multi,EW,XLK,0.09090909090909091
2025-11-03,B_multi,EW,XLP,0.09090909090909091
2025-11-03,B_multi,EW,XLRE,0.09090909090909091
2025-11-03,B_multi,EW,XLU,0.09090909090909091
2025-11-03,B_multi,EW,XLV,0.09090909090909091
2025-11-03,B_multi,EW,XLY,0.09090909090909091
2025-12-01,B_multi,MV,XLB,1.993916782366612e-18
2025-12-01,B_multi,MV,XLC,0.47660938732087055
2025-12-01,B_multi,MV,XLE,1.9069718790198345e-17
2025-12-01,B_multi,MV,XLF,1.8601743367715297e-18
2025-12-01,B_multi,MV,XLI,1.0073344978714845e-16
2025-12-01,B_multi,MV,XLK,4.519101962000435e-17
2025-12-01,B_multi,MV,XLP,1.3819292985760947e-16
2025-12-01,B_multi,MV,XLRE,0.0
2025-12-01,B_multi,MV,XLU,0.5233906126791293
2025-12-01,B_multi,MV,XLV,0.0
2025-12-01,B_multi,MV,XLY,0.0
2025-12-01,B_multi,EW,XLB,0.09090909090909091
2025-12-01,B_multi,EW,XLC,0.09090909090909091
2025-12-01,B_multi,EW,XLE,0.09090909090909091
2025-12-01,B_multi,EW,XLF,0.09090909090909091
2025-12-01,B_multi,EW,XLI,0.09090909090909091
2025-12-01,B_multi,EW,XLK,0.09090909090909091
2025-12-01,B_multi,EW,XLP,0.09090909090909091
2025-12-01,B_multi,EW,XLRE,0.09090909090909091
2025-12-01,B_multi,EW,XLU,0.09090909090909091
2025-12-01,B_multi,EW,XLV,0.09090909090909091
2025-12-01,B_multi,EW,XLY,0.09090909090909091
2026-01-02,B_multi,MV,XLB,1.4421751451351194e-17
2026-01-02,B_multi,MV,XLC,4.385076888282195e-17
2026-01-02,B_multi,MV,XLE,0.0
2026-01-02,B_multi,MV,XLF,0.0
2026-01-02,B_multi,MV,XLI,0.0
2026-01-02,B_multi,MV,XLK,0.0
2026-01-02,B_multi,MV,XLP,0.15484892903128217
2026-01-02,B_multi,MV,XLRE,0.0
2026-01-02,B_multi,MV,XLU,0.845151070968718
2026-01-02,B_multi,MV,XLV,1.3802503514798403e-17
2026-01-02,B_multi,MV,XLY,2.856700856446834e-17
2026-01-02,B_multi,EW,XLB,0.09090909090909091
2026-01-02,B_multi,EW,XLC,0.09090909090909091
2026-01-02,B_multi,EW,XLE,0.09090909090909091
2026-01-02,B_multi,EW,XLF,0.09090909090909091
2026-01-02,B_multi,EW,XLI,0.09090909090909091
2026-01-02,B_multi,EW,XLK,0.09090909090909091
2026-01-02,B_multi,EW,XLP,0.09090909090909091
2026-01-02,B_multi,EW,XLRE,0.09090909090909091
2026-01-02,B_multi,EW,XLU,0.09090909090909091
2026-01-02,B_multi,EW,XLV,0.09090909090909091
2026-01-02,B_multi,EW,XLY,0.09090909090909091
2026-02-02,B_multi,MV,XLB,3.9353614550599184e-17
2026-02-02,B_multi,MV,XLC,0.0
2026-02-02,B_multi,MV,XLE,0.0
2026-02-02,B_multi,MV,XLF,6.955562967537342e-17
2026-02-02,B_multi,MV,XLI,0.0
2026-02-02,B_multi,MV,XLK,0.0
2026-02-02,B_multi,MV,XLP,7.055303673565191e-17
2026-02-02,B_multi,MV,XLRE,1.1562083279925985e-16
2026-02-02,B_multi,MV,XLU,0.2625522098729418
2026-02-02,B_multi,MV,XLV,0.7374477901270582
2026-02-02,B_multi,MV,XLY,0.0
2026-02-02,B_multi,EW,XLB,0.09090909090909091
2026-02-02,B_multi,EW,XLC,0.09090909090909091
2026-02-02,B_multi,EW,XLE,0.09090909090909091
2026-02-02,B_multi,EW,XLF,0.09090909090909091
2026-02-02,B_multi,EW,XLI,0.09090909090909091
2026-02-02,B_multi,EW,XLK,0.09090909090909091
2026-02-02,B_multi,EW,XLP,0.09090909090909091
2026-02-02,B_multi,EW,XLRE,0.09090909090909091
2026-02-02,B_multi,EW,XLU,0.09090909090909091
2026-02-02,B_multi,EW,XLV,0.09090909090909091
2026-02-02,B_multi,EW,XLY,0.09090909090909091
2026-03-02,B_multi,MV,XLB,0.0
2026-03-02,B_multi,MV,XLC,0.0
2026-03-02,B_multi,MV,XLE,0.0
2026-03-02,B_multi,MV,XLF,0.2857324575932992
2026-03-02,B_multi,MV,XLI,0.0
2026-03-02,B_multi,MV,XLK,0.46344826436106906
2026-03-02,B_multi,MV,XLP,1.6833431873141963e-17
2026-03-02,B_multi,MV,XLRE,6.938893903907228e-17
2026-03-02,B_multi,MV,XLU,0.2508192780456318
2026-03-02,B_multi,MV,XLV,7.131447250434885e-18
2026-03-02,B_multi,MV,XLY,0.0
2026-03-02,B_multi,EW,XLB,0.09090909090909091
2026-03-02,B_multi,EW,XLC,0.09090909090909091
2026-03-02,B_multi,EW,XLE,0.09090909090909091
2026-03-02,B_multi,EW,XLF,0.09090909090909091
2026-03-02,B_multi,EW,XLI,0.09090909090909091
2026-03-02,B_multi,EW,XLK,0.09090909090909091
2026-03-02,B_multi,EW,XLP,0.09090909090909091
2026-03-02,B_multi,EW,XLRE,0.09090909090909091
2026-03-02,B_multi,EW,XLU,0.09090909090909091
2026-03-02,B_multi,EW,XLV,0.09090909090909091
2026-03-02,B_multi,EW,XLY,0.09090909090909091
2026-04-01,B_multi,MV,XLB,8.631408682559456e-17
2026-04-01,B_multi,MV,XLC,0.9083084695143389
2026-04-01,B_multi,MV,XLE,7.698427428745672e-17
2026-04-01,B_multi,MV,XLF,0.0
2026-04-01,B_multi,MV,XLI,9.98619578794266e-17
2026-04-01,B_multi,MV,XLK,1.449517922242431e-17
2026-04-01,B_multi,MV,XLP,0.09169153048566106
2026-04-01,B_multi,MV,XLRE,7.1126234067839525e-19
2026-04-01,B_multi,MV,XLU,6.320345034807643e-18
2026-04-01,B_multi,MV,XLV,1.5427223703508997e-17
2026-04-01,B_multi,MV,XLY,0.0
2026-04-01,B_multi,EW,XLB,0.09090909090909091
2026-04-01,B_multi,EW,XLC,0.09090909090909091
2026-04-01,B_multi,EW,XLE,0.09090909090909091
2026-04-01,B_multi,EW,XLF,0.09090909090909091
2026-04-01,B_multi,EW,XLI,0.09090909090909091
2026-04-01,B_multi,EW,XLK,0.09090909090909091
2026-04-01,B_multi,EW,XLP,0.09090909090909091
2026-04-01,B_multi,EW,XLRE,0.09090909090909091
2026-04-01,B_multi,EW,XLU,0.09090909090909091
2026-04-01,B_multi,EW,XLV,0.09090909090909091
2026-04-01,B_multi,EW,XLY,0.09090909090909091
2026-05-01,B_multi,MV,XLB,0.0
2026-05-01,B_multi,MV,XLC,0.2893805695562476
2026-05-01,B_multi,MV,XLE,4.403697940122677e-17
2026-05-01,B_multi,MV,XLF,1.1561028305502122e-17
2026-05-01,B_multi,MV,XLI,0.0
2026-05-01,B_multi,MV,XLK,3.2380493114922455e-17
2026-05-01,B_multi,MV,XLP,1.1471967730834832e-16
2026-05-01,B_multi,MV,XLRE,0.03559779585189435
2026-05-01,B_multi,MV,XLU,0.19723563523969523
2026-05-01,B_multi,MV,XLV,0.47778599935216265
2026-05-01,B_multi,MV,XLY,2.1793721713400778e-17
2026-05-01,B_multi,EW,XLB,0.09090909090909091
2026-05-01,B_multi,EW,XLC,0.09090909090909091
2026-05-01,B_multi,EW,XLE,0.09090909090909091
2026-05-01,B_multi,EW,XLF,0.09090909090909091
2026-05-01,B_multi,EW,XLI,0.09090909090909091
2026-05-01,B_multi,EW,XLK,0.09090909090909091
2026-05-01,B_multi,EW,XLP,0.09090909090909091
2026-05-01,B_multi,EW,XLRE,0.09090909090909091
2026-05-01,B_multi,EW,XLU,0.09090909090909091
2026-05-01,B_multi,EW,XLV,0.09090909090909091
2026-05-01,B_multi,EW,XLY,0.09090909090909091
2026-06-01,B_multi,MV,XLB,1.3225487027953305e-16
2026-06-01,B_multi,MV,XLC,2.878915766247479e-17
2026-06-01,B_multi,MV,XLE,0.02250083159929027
2026-06-01,B_multi,MV,XLF,7.932792005588996e-16
2026-06-01,B_multi,MV,XLI,0.0
2026-06-01,B_multi,MV,XLK,0.9774991684007098
2026-06-01,B_multi,MV,XLP,0.0
2026-06-01,B_multi,MV,XLRE,0.0
2026-06-01,B_multi,MV,XLU,1.2104026451205169e-17
2026-06-01,B_multi,MV,XLV,1.0776170396086889e-16
2026-06-01,B_multi,MV,XLY,0.0
2026-06-01,B_multi,EW,XLB,0.09090909090909091
2026-06-01,B_multi,EW,XLC,0.09090909090909091
2026-06-01,B_multi,EW,XLE,0.09090909090909091
2026-06-01,B_multi,EW,XLF,0.09090909090909091
2026-06-01,B_multi,EW,XLI,0.09090909090909091
2026-06-01,B_multi,EW,XLK,0.09090909090909091
2026-06-01,B_multi,EW,XLP,0.09090909090909091
2026-06-01,B_multi,EW,XLRE,0.09090909090909091
2026-06-01,B_multi,EW,XLU,0.09090909090909091
2026-06-01,B_multi,EW,XLV,0.09090909090909091
2026-06-01,B_multi,EW,XLY,0.09090909090909091
2026-07-01,B_multi,MV,XLB,6.158275749399797e-17
2026-07-01,B_multi,MV,XLC,0.1894722751431931
2026-07-01,B_multi,MV,XLE,0.3415687345592874
2026-07-01,B_multi,MV,XLF,0.0
2026-07-01,B_multi,MV,XLI,0.0
2026-07-01,B_multi,MV,XLK,1.3473866118463172e-16
2026-07-01,B_multi,MV,XLP,0.4689589902975197
2026-07-01,B_multi,MV,XLRE,0.0
2026-07-01,B_multi,MV,XLU,0.0
2026-07-01,B_multi,MV,XLV,0.0
2026-07-01,B_multi,MV,XLY,0.0
2026-07-01,B_multi,EW,XLB,0.09090909090909091
2026-07-01,B_multi,EW,XLC,0.09090909090909091
2026-07-01,B_multi,EW,XLE,0.09090909090909091
2026-07-01,B_multi,EW,XLF,0.09090909090909091
2026-07-01,B_multi,EW,XLI,0.09090909090909091
2026-07-01,B_multi,EW,XLK,0.09090909090909091
2026-07-01,B_multi,EW,XLP,0.09090909090909091
2026-07-01,B_multi,EW,XLRE,0.09090909090909091
2026-07-01,B_multi,EW,XLU,0.09090909090909091
2026-07-01,B_multi,EW,XLV,0.09090909090909091
2026-07-01,B_multi,EW,XLY,0.09090909090909091
2023-01-03,A_changes,MV,XLB,3.3679085418903646e-17
2023-01-03,A_changes,MV,XLC,0.0
2023-01-03,A_changes,MV,XLE,0.37460133590167516
2023-01-03,A_changes,MV,XLF,0.0
2023-01-03,A_changes,MV,XLI,0.0
2023-01-03,A_changes,MV,XLK,0.0
2023-01-03,A_changes,MV,XLP,0.0
2023-01-03,A_changes,MV,XLRE,0.6253986640983252
2023-01-03,A_changes,MV,XLU,1.1249417106096449e-17
2023-01-03,A_changes,MV,XLV,0.0
2023-01-03,A_changes,MV,XLY,1.230065310130818e-19
2023-01-03,A_changes,EW,XLB,0.09090909090909091
2023-01-03,A_changes,EW,XLC,0.09090909090909091
2023-01-03,A_changes,EW,XLE,0.09090909090909091
2023-01-03,A_changes,EW,XLF,0.09090909090909091
2023-01-03,A_changes,EW,XLI,0.09090909090909091
2023-01-03,A_changes,EW,XLK,0.09090909090909091
2023-01-03,A_changes,EW,XLP,0.09090909090909091
2023-01-03,A_changes,EW,XLRE,0.09090909090909091
2023-01-03,A_changes,EW,XLU,0.09090909090909091
2023-01-03,A_changes,EW,XLV,0.09090909090909091
2023-01-03,A_changes,EW,XLY,0.09090909090909091
2023-02-01,A_changes,MV,XLB,1.7997756063259374e-17
2023-02-01,A_changes,MV,XLC,0.0
2023-02-01,A_changes,MV,XLE,0.0994194723015993
2023-02-01,A_changes,MV,XLF,0.0
2023-02-01,A_changes,MV,XLI,1.973247953923618e-17
2023-02-01,A_changes,MV,XLK,0.0
2023-02-01,A_changes,MV,XLP,0.0
2023-02-01,A_changes,MV,XLRE,0.4998786978624071
2023-02-01,A_changes,MV,XLU,0.0
2023-02-01,A_changes,MV,XLV,7.26415455565288e-17
2023-02-01,A_changes,MV,XLY,0.40070182983599395
2023-02-01,A_changes,EW,XLB,0.09090909090909091
2023-02-01,A_changes,EW,XLC,0.09090909090909091
2023-02-01,A_changes,EW,XLE,0.09090909090909091
2023-02-01,A_changes,EW,XLF,0.09090909090909091
2023-02-01,A_changes,EW,XLI,0.09090909090909091
2023-02-01,A_changes,EW,XLK,0.09090909090909091
2023-02-01,A_changes,EW,XLP,0.09090909090909091
2023-02-01,A_changes,EW,XLRE,0.09090909090909091
2023-02-01,A_changes,EW,XLU,0.09090909090909091
2023-02-01,A_changes,EW,XLV,0.09090909090909091
2023-02-01,A_changes,EW,XLY,0.09090909090909091
2023-03-01,A_changes,MV,XLB,5.139118297581291e-17
2023-03-01,A_changes,MV,XLC,0.3372375519202951
2023-03-01,A_changes,MV,XLE,0.0611624522056783
2023-03-01,A_changes,MV,XLF,0.0
2023-03-01,A_changes,MV,XLI,2.927345865710862e-17
2023-03-01,A_changes,MV,XLK,4.0332320816460765e-17
2023-03-01,A_changes,MV,XLP,0.0
2023-03-01,A_changes,MV,XLRE,0.4533396328920025
2023-03-01,A_changes,MV,XLU,5.204170427930421e-17
2023-03-01,A_changes,MV,XLV,0.0
2023-03-01,A_changes,MV,XLY,0.148260362982024
2023-03-01,A_changes,EW,XLB,0.09090909090909091
2023-03-01,A_changes,EW,XLC,0.09090909090909091
2023-03-01,A_changes,EW,XLE,0.09090909090909091
2023-03-01,A_changes,EW,XLF,0.09090909090909091
2023-03-01,A_changes,EW,XLI,0.09090909090909091
2023-03-01,A_changes,EW,XLK,0.09090909090909091
2023-03-01,A_changes,EW,XLP,0.09090909090909091
2023-03-01,A_changes,EW,XLRE,0.09090909090909091
2023-03-01,A_changes,EW,XLU,0.09090909090909091
2023-03-01,A_changes,EW,XLV,0.09090909090909091
2023-03-01,A_changes,EW,XLY,0.09090909090909091
2023-04-03,A_changes,MV,XLB,0.0
2023-04-03,A_changes,MV,XLC,4.2694886686065575e-17
2023-04-03,A_changes,MV,XLE,0.0
2023-04-03,A_changes,MV,XLF,1.0
2023-04-03,A_changes,MV,XLI,0.0
2023-04-03,A_changes,MV,XLK,0.0
2023-04-03,A_changes,MV,XLP,1.187512021965411e-16
2023-04-03,A_changes,MV,XLRE,0.0
2023-04-03,A_changes,MV,XLU,4.819483398304363e-17
2023-04-03,A_changes,MV,XLV,1.1878157285572217e-17
2023-04-03,A_changes,MV,XLY,9.037145519611986e-17
2023-04-03,A_changes,EW,XLB,0.09090909090909091
2023-04-03,A_changes,EW,XLC,0.09090909090909091
2023-04-03,A_changes,EW,XLE,0.09090909090909091
2023-04-03,A_changes,EW,XLF,0.09090909090909091
2023-04-03,A_changes,EW,XLI,0.09090909090909091
2023-04-03,A_changes,EW,XLK,0.09090909090909091
2023-04-03,A_changes,EW,XLP,0.09090909090909091
2023-04-03,A_changes,EW,XLRE,0.09090909090909091
2023-04-03,A_changes,EW,XLU,0.09090909090909091
2023-04-03,A_changes,EW,XLV,0.09090909090909091
2023-04-03,A_changes,EW,XLY,0.09090909090909091
2023-05-01,A_changes,MV,XLB,4.6132802439258214e-17
2023-05-01,A_changes,MV,XLC,9.540979117872439e-18
2023-05-01,A_changes,MV,XLE,2.4069288229178198e-17
2023-05-01,A_changes,MV,XLF,0.14712807755483476
2023-05-01,A_changes,MV,XLI,0.0
2023-05-01,A_changes,MV,XLK,8.413408858487514e-17
2023-05-01,A_changes,MV,XLP,0.18992368646510188
2023-05-01,A_changes,MV,XLRE,0.39858199077739864
2023-05-01,A_changes,MV,XLU,0.0
2023-05-01,A_changes,MV,XLV,6.808789643208968e-17
2023-05-01,A_changes,MV,XLY,0.2643662452026646
2023-05-01,A_changes,EW,XLB,0.09090909090909091
2023-05-01,A_changes,EW,XLC,0.09090909090909091
2023-05-01,A_changes,EW,XLE,0.09090909090909091
2023-05-01,A_changes,EW,XLF,0.09090909090909091
2023-05-01,A_changes,EW,XLI,0.09090909090909091
2023-05-01,A_changes,EW,XLK,0.09090909090909091
2023-05-01,A_changes,EW,XLP,0.09090909090909091
2023-05-01,A_changes,EW,XLRE,0.09090909090909091
2023-05-01,A_changes,EW,XLU,0.09090909090909091
2023-05-01,A_changes,EW,XLV,0.09090909090909091
2023-05-01,A_changes,EW,XLY,0.09090909090909091
2023-06-01,A_changes,MV,XLB,0.5433752730142359
2023-06-01,A_changes,MV,XLC,0.10358428140000828
2023-06-01,A_changes,MV,XLE,8.573824716669972e-17
2023-06-01,A_changes,MV,XLF,0.3530404455857563
2023-06-01,A_changes,MV,XLI,0.0
2023-06-01,A_changes,MV,XLK,1.2163493604294989e-16
2023-06-01,A_changes,MV,XLP,0.0
2023-06-01,A_changes,MV,XLRE,1.8533491026325383e-17
2023-06-01,A_changes,MV,XLU,0.0
2023-06-01,A_changes,MV,XLV,0.0
2023-06-01,A_changes,MV,XLY,0.0
2023-06-01,A_changes,EW,XLB,0.09090909090909091
2023-06-01,A_changes,EW,XLC,0.09090909090909091
2023-06-01,A_changes,EW,XLE,0.09090909090909091
2023-06-01,A_changes,EW,XLF,0.09090909090909091
2023-06-01,A_changes,EW,XLI,0.09090909090909091
2023-06-01,A_changes,EW,XLK,0.09090909090909091
2023-06-01,A_changes,EW,XLP,0.09090909090909091
2023-06-01,A_changes,EW,XLRE,0.09090909090909091
2023-06-01,A_changes,EW,XLU,0.09090909090909091
2023-06-01,A_changes,EW,XLV,0.09090909090909091
2023-06-01,A_changes,EW,XLY,0.09090909090909091
2023-07-03,A_changes,MV,XLB,7.386305431958923e-17
2023-07-03,A_changes,MV,XLC,1.0
2023-07-03,A_changes,MV,XLE,8.85921503550964e-18
2023-07-03,A_changes,MV,XLF,0.0
2023-07-03,A_changes,MV,XLI,8.77270899424846e-17
2023-07-03,A_changes,MV,XLK,0.0
2023-07-03,A_changes,MV,XLP,0.0
2023-07-03,A_changes,MV,XLRE,2.2898349882893854e-16
2023-07-03,A_changes,MV,XLU,0.0
2023-07-03,A_changes,MV,XLV,0.0
2023-07-03,A_changes,MV,XLY,0.0
2023-07-03,A_changes,EW,XLB,0.09090909090909091
2023-07-03,A_changes,EW,XLC,0.09090909090909091
2023-07-03,A_changes,EW,XLE,0.09090909090909091
2023-07-03,A_changes,EW,XLF,0.09090909090909091
2023-07-03,A_changes,EW,XLI,0.09090909090909091
2023-07-03,A_changes,EW,XLK,0.09090909090909091
2023-07-03,A_changes,EW,XLP,0.09090909090909091
2023-07-03,A_changes,EW,XLRE,0.09090909090909091
2023-07-03,A_changes,EW,XLU,0.09090909090909091
2023-07-03,A_changes,EW,XLV,0.09090909090909091
2023-07-03,A_changes,EW,XLY,0.09090909090909091
2023-08-01,A_changes,MV,XLB,1.3789877132677299e-16
2023-08-01,A_changes,MV,XLC,1.0
2023-08-01,A_changes,MV,XLE,5.459284001991171e-17
2023-08-01,A_changes,MV,XLF,0.0
2023-08-01,A_changes,MV,XLI,9.278153679809227e-19
2023-08-01,A_changes,MV,XLK,0.0
2023-08-01,A_changes,MV,XLP,0.0
2023-08-01,A_changes,MV,XLRE,0.0
2023-08-01,A_changes,MV,XLU,0.0
2023-08-01,A_changes,MV,XLV,6.771331663663464e-17
2023-08-01,A_changes,MV,XLY,0.0
2023-08-01,A_changes,EW,XLB,0.09090909090909091
2023-08-01,A_changes,EW,XLC,0.09090909090909091
2023-08-01,A_changes,EW,XLE,0.09090909090909091
2023-08-01,A_changes,EW,XLF,0.09090909090909091
2023-08-01,A_changes,EW,XLI,0.09090909090909091
2023-08-01,A_changes,EW,XLK,0.09090909090909091
2023-08-01,A_changes,EW,XLP,0.09090909090909091
2023-08-01,A_changes,EW,XLRE,0.09090909090909091
2023-08-01,A_changes,EW,XLU,0.09090909090909091
2023-08-01,A_changes,EW,XLV,0.09090909090909091
2023-08-01,A_changes,EW,XLY,0.09090909090909091
2023-09-01,A_changes,MV,XLB,6.656665553925188e-17
2023-09-01,A_changes,MV,XLC,0.3483517243735276
2023-09-01,A_changes,MV,XLE,5.4860460918750763e-17
2023-09-01,A_changes,MV,XLF,9.566938549348774e-17
2023-09-01,A_changes,MV,XLI,5.354684586933982e-17
2023-09-01,A_changes,MV,XLK,0.0
2023-09-01,A_changes,MV,XLP,1.6192339414578355e-17
2023-09-01,A_changes,MV,XLRE,0.08804317524504507
2023-09-01,A_changes,MV,XLU,0.5636051003814269
2023-09-01,A_changes,MV,XLV,5.755736961042151e-17
2023-09-01,A_changes,MV,XLY,4.6535165747197755e-17
2023-09-01,A_changes,EW,XLB,0.09090909090909091
2023-09-01,A_changes,EW,XLC,0.09090909090909091
2023-09-01,A_changes,EW,XLE,0.09090909090909091
2023-09-01,A_changes,EW,XLF,0.09090909090909091
2023-09-01,A_changes,EW,XLI,0.09090909090909091
2023-09-01,A_changes,EW,XLK,0.09090909090909091
2023-09-01,A_changes,EW,XLP,0.09090909090909091
2023-09-01,A_changes,EW,XLRE,0.09090909090909091
2023-09-01,A_changes,EW,XLU,0.09090909090909091
2023-09-01,A_changes,EW,XLV,0.09090909090909091
2023-09-01,A_changes,EW,XLY,0.09090909090909091
2023-10-02,A_changes,MV,XLB,4.89406704926444e-17
2023-10-02,A_changes,MV,XLC,0.05516192924029846
2023-10-02,A_changes,MV,XLE,2.1894835823625014e-17
2023-10-02,A_changes,MV,XLF,3.730953069186717e-17
2023-10-02,A_changes,MV,XLI,4.8333084746212526e-17
2023-10-02,A_changes,MV,XLK,6.659582504440848e-17
2023-10-02,A_changes,MV,XLP,0.0
2023-10-02,A_changes,MV,XLRE,1.4207133496978115e-17
2023-10-02,A_changes,MV,XLU,0.9448380707597018
2023-10-02,A_changes,MV,XLV,0.0
2023-10-02,A_changes,MV,XLY,0.0
2023-10-02,A_changes,EW,XLB,0.09090909090909091
2023-10-02,A_changes,EW,XLC,0.09090909090909091
2023-10-02,A_changes,EW,XLE,0.09090909090909091
2023-10-02,A_changes,EW,XLF,0.09090909090909091
2023-10-02,A_changes,EW,XLI,0.09090909090909091
2023-10-02,A_changes,EW,XLK,0.09090909090909091
2023-10-02,A_changes,EW,XLP,0.09090909090909091
2023-10-02,A_changes,EW,XLRE,0.09090909090909091
2023-10-02,A_changes,EW,XLU,0.09090909090909091
2023-10-02,A_changes,EW,XLV,0.09090909090909091
2023-10-02,A_changes,EW,XLY,0.09090909090909091
2023-11-01,A_changes,MV,XLB,1.264265355207359e-15
2023-11-01,A_changes,MV,XLC,2.675314331580041e-17
2023-11-01,A_changes,MV,XLE,9.51617833530869e-17
2023-11-01,A_changes,MV,XLF,0.0
2023-11-01,A_changes,MV,XLI,7.084050672214056e-17
2023-11-01,A_changes,MV,XLK,3.747924304166525e-18
2023-11-01,A_changes,MV,XLP,1.5941585387588284e-16
2023-11-01,A_changes,MV,XLRE,3.225360958484718e-17
2023-11-01,A_changes,MV,XLU,1.0
2023-11-01,A_changes,MV,XLV,0.0
2023-11-01,A_changes,MV,XLY,0.0
2023-11-01,A_changes,EW,XLB,0.09090909090909091
2023-11-01,A_changes,EW,XLC,0.09090909090909091
2023-11-01,A_changes,EW,XLE,0.09090909090909091
2023-11-01,A_changes,EW,XLF,0.09090909090909091
2023-11-01,A_changes,EW,XLI,0.09090909090909091
2023-11-01,A_changes,EW,XLK,0.09090909090909091
2023-11-01,A_changes,EW,XLP,0.09090909090909091
2023-11-01,A_changes,EW,XLRE,0.09090909090909091
2023-11-01,A_changes,EW,XLU,0.09090909090909091
2023-11-01,A_changes,EW,XLV,0.09090909090909091
2023-11-01,A_changes,EW,XLY,0.09090909090909091
2023-12-01,A_changes,MV,XLB,5.443166780524895e-17
2023-12-01,A_changes,MV,XLC,0.0
2023-12-01,A_changes,MV,XLE,6.53556519082295e-17
2023-12-01,A_changes,MV,XLF,9.437685988890793e-17
2023-12-01,A_changes,MV,XLI,1.1481884502198286e-16
2023-12-01,A_changes,MV,XLK,0.0
2023-12-01,A_changes,MV,XLP,1.700029006457271e-16
2023-12-01,A_changes,MV,XLRE,0.0
2023-12-01,A_changes,MV,XLU,1.0
2023-12-01,A_changes,MV,XLV,1.3601171589190993e-16
2023-12-01,A_changes,MV,XLY,8.704936738781838e-17
2023-12-01,A_changes,EW,XLB,0.09090909090909091
2023-12-01,A_changes,EW,XLC,0.09090909090909091
2023-12-01,A_changes,EW,XLE,0.09090909090909091
2023-12-01,A_changes,EW,XLF,0.09090909090909091
2023-12-01,A_changes,EW,XLI,0.09090909090909091
2023-12-01,A_changes,EW,XLK,0.09090909090909091
2023-12-01,A_changes,EW,XLP,0.09090909090909091
2023-12-01,A_changes,EW,XLRE,0.09090909090909091
2023-12-01,A_changes,EW,XLU,0.09090909090909091
2023-12-01,A_changes,EW,XLV,0.09090909090909091
2023-12-01,A_changes,EW,XLY,0.09090909090909091
2024-01-02,A_changes,MV,XLB,0.0
2024-01-02,A_changes,MV,XLC,0.2687391120220713
2024-01-02,A_changes,MV,XLE,0.0
2024-01-02,A_changes,MV,XLF,3.310073714302226e-17
2024-01-02,A_changes,MV,XLI,4.1370854804708924e-17
2024-01-02,A_changes,MV,XLK,0.24202359897725295
2024-01-02,A_changes,MV,XLP,9.744338853812716e-17
2024-01-02,A_changes,MV,XLRE,3.3354083152497984e-17
2024-01-02,A_changes,MV,XLU,0.48923728900067587
2024-01-02,A_changes,MV,XLV,0.0
2024-01-02,A_changes,MV,XLY,3.907191885942318e-17
2024-01-02,A_changes,EW,XLB,0.09090909090909091
2024-01-02,A_changes,EW,XLC,0.09090909090909091
2024-01-02,A_changes,EW,XLE,0.09090909090909091
2024-01-02,A_changes,EW,XLF,0.09090909090909091
2024-01-02,A_changes,EW,XLI,0.09090909090909091
2024-01-02,A_changes,EW,XLK,0.09090909090909091
2024-01-02,A_changes,EW,XLP,0.09090909090909091
2024-01-02,A_changes,EW,XLRE,0.09090909090909091
2024-01-02,A_changes,EW,XLU,0.09090909090909091
2024-01-02,A_changes,EW,XLV,0.09090909090909091
2024-01-02,A_changes,EW,XLY,0.09090909090909091
2024-02-01,A_changes,MV,XLB,0.0
2024-02-01,A_changes,MV,XLC,1.942890293094024e-16
2024-02-01,A_changes,MV,XLE,0.0
2024-02-01,A_changes,MV,XLF,0.0
2024-02-01,A_changes,MV,XLI,0.0
2024-02-01,A_changes,MV,XLK,3.656369225149291e-17
2024-02-01,A_changes,MV,XLP,4.035157743679392e-17
2024-02-01,A_changes,MV,XLRE,5.435624604364988e-17
2024-02-01,A_changes,MV,XLU,1.0
2024-02-01,A_changes,MV,XLV,0.0
2024-02-01,A_changes,MV,XLY,5.183459143806717e-17
2024-02-01,A_changes,EW,XLB,0.09090909090909091
2024-02-01,A_changes,EW,XLC,0.09090909090909091
2024-02-01,A_changes,EW,XLE,0.09090909090909091
2024-02-01,A_changes,EW,XLF,0.09090909090909091
2024-02-01,A_changes,EW,XLI,0.09090909090909091
2024-02-01,A_changes,EW,XLK,0.09090909090909091
2024-02-01,A_changes,EW,XLP,0.09090909090909091
2024-02-01,A_changes,EW,XLRE,0.09090909090909091
2024-02-01,A_changes,EW,XLU,0.09090909090909091
2024-02-01,A_changes,EW,XLV,0.09090909090909091
2024-02-01,A_changes,EW,XLY,0.09090909090909091
2024-03-01,A_changes,MV,XLB,1.2696383511802044e-17
2024-03-01,A_changes,MV,XLC,0.1879832962372321
2024-03-01,A_changes,MV,XLE,0.0
2024-03-01,A_changes,MV,XLF,0.0
2024-03-01,A_changes,MV,XLI,0.0
2024-03-01,A_changes,MV,XLK,0.0
2024-03-01,A_changes,MV,XLP,0.0
2024-03-01,A_changes,MV,XLRE,0.0
2024-03-01,A_changes,MV,XLU,0.8120167037627705
2024-03-01,A_changes,MV,XLV,0.0
2024-03-01,A_changes,MV,XLY,0.0
2024-03-01,A_changes,EW,XLB,0.09090909090909091
2024-03-01,A_changes,EW,XLC,0.09090909090909091
2024-03-01,A_changes,EW,XLE,0.09090909090909091
2024-03-01,A_changes,EW,XLF,0.09090909090909091
2024-03-01,A_changes,EW,XLI,0.09090909090909091
2024-03-01,A_changes,EW,XLK,0.09090909090909091
2024-03-01,A_changes,EW,XLP,0.09090909090909091
2024-03-01,A_changes,EW,XLRE,0.09090909090909091
2024-03-01,A_changes,EW,XLU,0.09090909090909091
2024-03-01,A_changes,EW,XLV,0.09090909090909091
2024-03-01,A_changes,EW,XLY,0.09090909090909091
2024-04-01,A_changes,MV,XLB,0.0
2024-04-01,A_changes,MV,XLC,0.5101274487769218
2024-04-01,A_changes,MV,XLE,0.0
2024-04-01,A_changes,MV,XLF,0.4898725512230785
2024-04-01,A_changes,MV,XLI,3.885780586188048e-16
2024-04-01,A_changes,MV,XLK,0.0
2024-04-01,A_changes,MV,XLP,0.0
2024-04-01,A_changes,MV,XLRE,3.903074879497527e-17
2024-04-01,A_changes,MV,XLU,0.0
2024-04-01,A_changes,MV,XLV,5.137171414205302e-17
2024-04-01,A_changes,MV,XLY,0.0
2024-04-01,A_changes,EW,XLB,0.09090909090909091
2024-04-01,A_changes,EW,XLC,0.09090909090909091
2024-04-01,A_changes,EW,XLE,0.09090909090909091
2024-04-01,A_changes,EW,XLF,0.09090909090909091
2024-04-01,A_changes,EW,XLI,0.09090909090909091
2024-04-01,A_changes,EW,XLK,0.09090909090909091
2024-04-01,A_changes,EW,XLP,0.09090909090909091
2024-04-01,A_changes,EW,XLRE,0.09090909090909091
2024-04-01,A_changes,EW,XLU,0.09090909090909091
2024-04-01,A_changes,EW,XLV,0.09090909090909091
2024-04-01,A_changes,EW,XLY,0.09090909090909091
2024-05-01,A_changes,MV,XLB,8.280591403844369e-17
2024-05-01,A_changes,MV,XLC,1.0
2024-05-01,A_changes,MV,XLE,0.0
2024-05-01,A_changes,MV,XLF,5.989073748464874e-17
2024-05-01,A_changes,MV,XLI,0.0
2024-05-01,A_changes,MV,XLK,6.938893903907228e-17
2024-05-01,A_changes,MV,XLP,0.0
2024-05-01,A_changes,MV,XLRE,1.0442134649944037e-16
2024-05-01,A_changes,MV,XLU,0.0
2024-05-01,A_changes,MV,XLV,0.0
2024-05-01,A_changes,MV,XLY,0.0
2024-05-01,A_changes,EW,XLB,0.09090909090909091
2024-05-01,A_changes,EW,XLC,0.09090909090909091
2024-05-01,A_changes,EW,XLE,0.09090909090909091
2024-05-01,A_changes,EW,XLF,0.09090909090909091
2024-05-01,A_changes,EW,XLI,0.09090909090909091
2024-05-01,A_changes,EW,XLK,0.09090909090909091
2024-05-01,A_changes,EW,XLP,0.09090909090909091
2024-05-01,A_changes,EW,XLRE,0.09090909090909091
2024-05-01,A_changes,EW,XLU,0.09090909090909091
2024-05-01,A_changes,EW,XLV,0.09090909090909091
2024-05-01,A_changes,EW,XLY,0.09090909090909091
2024-06-03,A_changes,MV,XLB,2.802768450477098e-17
2024-06-03,A_changes,MV,XLC,0.14016798072642267
2024-06-03,A_changes,MV,XLE,2.1785764300946684e-17
2024-06-03,A_changes,MV,XLF,0.15127728395043052
2024-06-03,A_changes,MV,XLI,3.8669656017212095e-16
2024-06-03,A_changes,MV,XLK,0.708554735323147
2024-06-03,A_changes,MV,XLP,2.6550526113457717e-17
2024-06-03,A_changes,MV,XLRE,0.0
2024-06-03,A_changes,MV,XLU,5.533259983561277e-17
2024-06-03,A_changes,MV,XLV,0.0
2024-06-03,A_changes,MV,XLY,0.0
2024-06-03,A_changes,EW,XLB,0.09090909090909091
2024-06-03,A_changes,EW,XLC,0.09090909090909091
2024-06-03,A_changes,EW,XLE,0.09090909090909091
2024-06-03,A_changes,EW,XLF,0.09090909090909091
2024-06-03,A_changes,EW,XLI,0.09090909090909091
2024-06-03,A_changes,EW,XLK,0.09090909090909091
2024-06-03,A_changes,EW,XLP,0.09090909090909091
2024-06-03,A_changes,EW,XLRE,0.09090909090909091
2024-06-03,A_changes,EW,XLU,0.09090909090909091
2024-06-03,A_changes,EW,XLV,0.09090909090909091
2024-06-03,A_changes,EW,XLY,0.09090909090909091
2024-07-01,A_changes,MV,XLB,3.3821705687368947e-17
2024-07-01,A_changes,MV,XLC,0.8463563921137323
2024-07-01,A_changes,MV,XLE,9.180640398844705e-17
2024-07-01,A_changes,MV,XLF,1.3272707666841695e-16
2024-07-01,A_changes,MV,XLI,4.387272081643146e-17
2024-07-01,A_changes,MV,XLK,0.15364360788626732
2024-07-01,A_changes,MV,XLP,5.952982938759435e-17
2024-07-01,A_changes,MV,XLRE,0.0
2024-07-01,A_changes,MV,XLU,0.0
2024-07-01,A_changes,MV,XLV,9.951759908893843e-17
2024-07-01,A_changes,MV,XLY,1.7583900027309615e-16
2024-07-01,A_changes,EW,XLB,0.09090909090909091
2024-07-01,A_changes,EW,XLC,0.09090909090909091
2024-07-01,A_changes,EW,XLE,0.09090909090909091
2024-07-01,A_changes,EW,XLF,0.09090909090909091
2024-07-01,A_changes,EW,XLI,0.09090909090909091
2024-07-01,A_changes,EW,XLK,0.09090909090909091
2024-07-01,A_changes,EW,XLP,0.09090909090909091
2024-07-01,A_changes,EW,XLRE,0.09090909090909091
2024-07-01,A_changes,EW,XLU,0.09090909090909091
2024-07-01,A_changes,EW,XLV,0.09090909090909091
2024-07-01,A_changes,EW,XLY,0.09090909090909091
2024-08-01,A_changes,MV,XLB,1.5625154553296288e-17
2024-08-01,A_changes,MV,XLC,1.1796119636642288e-16
2024-08-01,A_changes,MV,XLE,5.4577582784283396e-17
2024-08-01,A_changes,MV,XLF,0.477630171057366
2024-08-01,A_changes,MV,XLI,1.4976097488791037e-16
2024-08-01,A_changes,MV,XLK,0.5223698289426337
2024-08-01,A_changes,MV,XLP,0.0
2024-08-01,A_changes,MV,XLRE,1.628268696166347e-17
2024-08-01,A_changes,MV,XLU,0.0
2024-08-01,A_changes,MV,XLV,1.296679750725213e-16
2024-08-01,A_changes,MV,XLY,0.0
2024-08-01,A_changes,EW,XLB,0.09090909090909091
2024-08-01,A_changes,EW,XLC,0.09090909090909091
2024-08-01,A_changes,EW,XLE,0.09090909090909091
2024-08-01,A_changes,EW,XLF,0.09090909090909091
2024-08-01,A_changes,EW,XLI,0.09090909090909091
2024-08-01,A_changes,EW,XLK,0.09090909090909091
2024-08-01,A_changes,EW,XLP,0.09090909090909091
2024-08-01,A_changes,EW,XLRE,0.09090909090909091
2024-08-01,A_changes,EW,XLU,0.09090909090909091
2024-08-01,A_changes,EW,XLV,0.09090909090909091
2024-08-01,A_changes,EW,XLY,0.09090909090909091
2024-09-03,A_changes,MV,XLB,4.2790595735586483e-17
2024-09-03,A_changes,MV,XLC,0.0
2024-09-03,A_changes,MV,XLE,2.4427209623981e-17
2024-09-03,A_changes,MV,XLF,0.2760910826537192
2024-09-03,A_changes,MV,XLI,1.924453566009624e-16
2024-09-03,A_changes,MV,XLK,0.7239089173462809
2024-09-03,A_changes,MV,XLP,0.0
2024-09-03,A_changes,MV,XLRE,1.7617566339699566e-17
2024-09-03,A_changes,MV,XLU,0.0
2024-09-03,A_changes,MV,XLV,0.0
2024-09-03,A_changes,MV,XLY,0.0
2024-09-03,A_changes,EW,XLB,0.09090909090909091
2024-09-03,A_changes,EW,XLC,0.09090909090909091
2024-09-03,A_changes,EW,XLE,0.09090909090909091
2024-09-03,A_changes,EW,XLF,0.09090909090909091
2024-09-03,A_changes,EW,XLI,0.09090909090909091
2024-09-03,A_changes,EW,XLK,0.09090909090909091
2024-09-03,A_changes,EW,XLP,0.09090909090909091
2024-09-03,A_changes,EW,XLRE,0.09090909090909091
2024-09-03,A_changes,EW,XLU,0.09090909090909091
2024-09-03,A_changes,EW,XLV,0.09090909090909091
2024-09-03,A_changes,EW,XLY,0.09090909090909091
2024-10-01,A_changes,MV,XLB,3.516508062288091e-18
2024-10-01,A_changes,MV,XLC,2.1308805075289756e-16
2024-10-01,A_changes,MV,XLE,0.0
2024-10-01,A_changes,MV,XLF,0.0
2024-10-01,A_changes,MV,XLI,0.0
2024-10-01,A_changes,MV,XLK,0.10942974693209005
2024-10-01,A_changes,MV,XLP,2.52233050282066e-17
2024-10-01,A_changes,MV,XLRE,3.480541408555264e-17
2024-10-01,A_changes,MV,XLU,0.8905702530679099
2024-10-01,A_changes,MV,XLV,4.3706429715788824e-17
2024-10-01,A_changes,MV,XLY,1.7184256059238334e-17
2024-10-01,A_changes,EW,XLB,0.09090909090909091
2024-10-01,A_changes,EW,XLC,0.09090909090909091
2024-10-01,A_changes,EW,XLE,0.09090909090909091
2024-10-01,A_changes,EW,XLF,0.09090909090909091
2024-10-01,A_changes,EW,XLI,0.09090909090909091
2024-10-01,A_changes,EW,XLK,0.09090909090909091
2024-10-01,A_changes,EW,XLP,0.09090909090909091
2024-10-01,A_changes,EW,XLRE,0.09090909090909091
2024-10-01,A_changes,EW,XLU,0.09090909090909091
2024-10-01,A_changes,EW,XLV,0.09090909090909091
2024-10-01,A_changes,EW,XLY,0.09090909090909091
2024-11-01,A_changes,MV,XLB,2.22132218268928e-16
2024-11-01,A_changes,MV,XLC,0.24840202990396137
2024-11-01,A_changes,MV,XLE,3.302932516503534e-17
2024-11-01,A_changes,MV,XLF,0.23417251877139963
2024-11-01,A_changes,MV,XLI,0.0
2024-11-01,A_changes,MV,XLK,0.5174254513246388
2024-11-01,A_changes,MV,XLP,0.0
2024-11-01,A_changes,MV,XLRE,0.0
2024-11-01,A_changes,MV,XLU,0.0
2024-11-01,A_changes,MV,XLV,0.0
2024-11-01,A_changes,MV,XLY,0.0
2024-11-01,A_changes,EW,XLB,0.09090909090909091
2024-11-01,A_changes,EW,XLC,0.09090909090909091
2024-11-01,A_changes,EW,XLE,0.09090909090909091
2024-11-01,A_changes,EW,XLF,0.09090909090909091
2024-11-01,A_changes,EW,XLI,0.09090909090909091
2024-11-01,A_changes,EW,XLK,0.09090909090909091
2024-11-01,A_changes,EW,XLP,0.09090909090909091
2024-11-01,A_changes,EW,XLRE,0.09090909090909091
2024-11-01,A_changes,EW,XLU,0.09090909090909091
2024-11-01,A_changes,EW,XLV,0.09090909090909091
2024-11-01,A_changes,EW,XLY,0.09090909090909091
2024-12-02,A_changes,MV,XLB,1.1524482497099284e-16
2024-12-02,A_changes,MV,XLC,0.5428801314773242
2024-12-02,A_changes,MV,XLE,0.0
2024-12-02,A_changes,MV,XLF,0.457119868522676
2024-12-02,A_changes,MV,XLI,0.0
2024-12-02,A_changes,MV,XLK,5.3428324185554277e-17
2024-12-02,A_changes,MV,XLP,0.0
2024-12-02,A_changes,MV,XLRE,2.8211389940490912e-18
2024-12-02,A_changes,MV,XLU,0.0
2024-12-02,A_changes,MV,XLV,2.3169294955308663e-17
2024-12-02,A_changes,MV,XLY,3.4462453205260754e-17
2024-12-02,A_changes,EW,XLB,0.09090909090909091
2024-12-02,A_changes,EW,XLC,0.09090909090909091
2024-12-02,A_changes,EW,XLE,0.09090909090909091
2024-12-02,A_changes,EW,XLF,0.09090909090909091
2024-12-02,A_changes,EW,XLI,0.09090909090909091
2024-12-02,A_changes,EW,XLK,0.09090909090909091
2024-12-02,A_changes,EW,XLP,0.09090909090909091
2024-12-02,A_changes,EW,XLRE,0.09090909090909091
2024-12-02,A_changes,EW,XLU,0.09090909090909091
2024-12-02,A_changes,EW,XLV,0.09090909090909091
2024-12-02,A_changes,EW,XLY,0.09090909090909091
2025-01-02,A_changes,MV,XLB,0.0
2025-01-02,A_changes,MV,XLC,0.9999999999999998
2025-01-02,A_changes,MV,XLE,0.0
2025-01-02,A_changes,MV,XLF,6.938893903907228e-18
2025-01-02,A_changes,MV,XLI,1.5893336206230387e-17
2025-01-02,A_changes,MV,XLK,2.2898349882893854e-16
2025-01-02,A_changes,MV,XLP,0.0
2025-01-02,A_changes,MV,XLRE,9.445532804096439e-20
2025-01-02,A_changes,MV,XLU,0.0
2025-01-02,A_changes,MV,XLV,0.0
2025-01-02,A_changes,MV,XLY,7.645839969278164e-17
2025-01-02,A_changes,EW,XLB,0.09090909090909091
2025-01-02,A_changes,EW,XLC,0.09090909090909091
2025-01-02,A_changes,EW,XLE,0.09090909090909091
2025-01-02,A_changes,EW,XLF,0.09090909090909091
2025-01-02,A_changes,EW,XLI,0.09090909090909091
2025-01-02,A_changes,EW,XLK,0.09090909090909091
2025-01-02,A_changes,EW,XLP,0.09090909090909091
2025-01-02,A_changes,EW,XLRE,0.09090909090909091
2025-01-02,A_changes,EW,XLU,0.09090909090909091
2025-01-02,A_changes,EW,XLV,0.09090909090909091
2025-01-02,A_changes,EW,XLY,0.09090909090909091
2025-02-03,A_changes,MV,XLB,0.0
2025-02-03,A_changes,MV,XLC,0.20079695897031485
2025-02-03,A_changes,MV,XLE,4.031042558294953e-17
2025-02-03,A_changes,MV,XLF,0.7992030410296854
2025-02-03,A_changes,MV,XLI,0.0
2025-02-03,A_changes,MV,XLK,0.0
2025-02-03,A_changes,MV,XLP,0.0
2025-02-03,A_changes,MV,XLRE,0.0
2025-02-03,A_changes,MV,XLU,0.0
2025-02-03,A_changes,MV,XLV,1.2866497220630654e-16
2025-02-03,A_changes,MV,XLY,0.0
2025-02-03,A_changes,EW,XLB,0.09090909090909091
2025-02-03,A_changes,EW,XLC,0.09090909090909091
2025-02-03,A_changes,EW,XLE,0.09090909090909091
2025-02-03,A_changes,EW,XLF,0.09090909090909091
2025-02-03,A_changes,EW,XLI,0.09090909090909091
2025-02-03,A_changes,EW,XLK,0.09090909090909091
2025-02-03,A_changes,EW,XLP,0.09090909090909091
2025-02-03,A_changes,EW,XLRE,0.09090909090909091
2025-02-03,A_changes,EW,XLU,0.09090909090909091
2025-02-03,A_changes,EW,XLV,0.09090909090909091
2025-02-03,A_changes,EW,XLY,0.09090909090909091
2025-03-03,A_changes,MV,XLB,0.0
2025-03-03,A_changes,MV,XLC,0.9473219092754355
2025-03-03,A_changes,MV,XLE,0.0
2025-03-03,A_changes,MV,XLF,0.05267809072456486
2025-03-03,A_changes,MV,XLI,8.721033263101785e-17
2025-03-03,A_changes,MV,XLK,1.111544269659936e-16
2025-03-03,A_changes,MV,XLP,0.0
2025-03-03,A_changes,MV,XLRE,0.0
2025-03-03,A_changes,MV,XLU,0.0
2025-03-03,A_changes,MV,XLV,0.0
2025-03-03,A_changes,MV,XLY,0.0
2025-03-03,A_changes,EW,XLB,0.09090909090909091
2025-03-03,A_changes,EW,XLC,0.09090909090909091
2025-03-03,A_changes,EW,XLE,0.09090909090909091
2025-03-03,A_changes,EW,XLF,0.09090909090909091
2025-03-03,A_changes,EW,XLI,0.09090909090909091
2025-03-03,A_changes,EW,XLK,0.09090909090909091
2025-03-03,A_changes,EW,XLP,0.09090909090909091
2025-03-03,A_changes,EW,XLRE,0.09090909090909091
2025-03-03,A_changes,EW,XLU,0.09090909090909091
2025-03-03,A_changes,EW,XLV,0.09090909090909091
2025-03-03,A_changes,EW,XLY,0.09090909090909091
2025-04-01,A_changes,MV,XLB,0.0
2025-04-01,A_changes,MV,XLC,0.9768925196048346
2025-04-01,A_changes,MV,XLE,0.0
2025-04-01,A_changes,MV,XLF,0.023107480395165803
2025-04-01,A_changes,MV,XLI,4.6970180391711625e-17
2025-04-01,A_changes,MV,XLK,0.0
2025-04-01,A_changes,MV,XLP,0.0
2025-04-01,A_changes,MV,XLRE,0.0
2025-04-01,A_changes,MV,XLU,1.0683555662043915e-16
2025-04-01,A_changes,MV,XLV,0.0
2025-04-01,A_changes,MV,XLY,6.198486047166135e-17
2025-04-01,A_changes,EW,XLB,0.09090909090909091
2025-04-01,A_changes,EW,XLC,0.09090909090909091
2025-04-01,A_changes,EW,XLE,0.09090909090909091
2025-04-01,A_changes,EW,XLF,0.09090909090909091
2025-04-01,A_changes,EW,XLI,0.09090909090909091
2025-04-01,A_changes,EW,XLK,0.09090909090909091
2025-04-01,A_changes,EW,XLP,0.09090909090909091
2025-04-01,A_changes,EW,XLRE,0.09090909090909091
2025-04-01,A_changes,EW,XLU,0.09090909090909091
2025-04-01,A_changes,EW,XLV,0.09090909090909091
2025-04-01,A_changes,EW,XLY,0.09090909090909091
2025-05-01,A_changes,MV,XLB,0.0
2025-05-01,A_changes,MV,XLC,0.6576370298756474
2025-05-01,A_changes,MV,XLE,0.22166510319523414
2025-05-01,A_changes,MV,XLF,0.12069786692911902
2025-05-01,A_changes,MV,XLI,0.0
2025-05-01,A_changes,MV,XLK,0.0
2025-05-01,A_changes,MV,XLP,0.0
2025-05-01,A_changes,MV,XLRE,0.0
2025-05-01,A_changes,MV,XLU,0.0
2025-05-01,A_changes,MV,XLV,0.0
2025-05-01,A_changes,MV,XLY,0.0
2025-05-01,A_changes,EW,XLB,0.09090909090909091
2025-05-01,A_changes,EW,XLC,0.09090909090909091
2025-05-01,A_changes,EW,XLE,0.09090909090909091
2025-05-01,A_changes,EW,XLF,0.09090909090909091
2025-05-01,A_changes,EW,XLI,0.09090909090909091
2025-05-01,A_changes,EW,XLK,0.09090909090909091
2025-05-01,A_changes,EW,XLP,0.09090909090909091
2025-05-01,A_changes,EW,XLRE,0.09090909090909091
2025-05-01,A_changes,EW,XLU,0.09090909090909091
2025-05-01,A_changes,EW,XLV,0.09090909090909091
2025-05-01,A_changes,EW,XLY,0.09090909090909091
2025-06-02,A_changes,MV,XLB,1.502660353316924e-16
2025-06-02,A_changes,MV,XLC,0.5275370109270368
2025-06-02,A_changes,MV,XLE,5.2745869234480914e-17
2025-06-02,A_changes,MV,XLF,0.3271515033494901
2025-06-02,A_changes,MV,XLI,1.942890293094024e-16
2025-06-02,A_changes,MV,XLK,1.0707128895710947e-16
2025-06-02,A_changes,MV,XLP,7.397012087105974e-17
2025-06-02,A_changes,MV,XLRE,0.0
2025-06-02,A_changes,MV,XLU,0.14531148572347236
2025-06-02,A_changes,MV,XLV,2.6878774363640807e-17
2025-06-02,A_changes,MV,XLY,1.6707440899299974e-16
2025-06-02,A_changes,EW,XLB,0.09090909090909091
2025-06-02,A_changes,EW,XLC,0.09090909090909091
2025-06-02,A_changes,EW,XLE,0.09090909090909091
2025-06-02,A_changes,EW,XLF,0.09090909090909091
2025-06-02,A_changes,EW,XLI,0.09090909090909091
2025-06-02,A_changes,EW,XLK,0.09090909090909091
2025-06-02,A_changes,EW,XLP,0.09090909090909091
2025-06-02,A_changes,EW,XLRE,0.09090909090909091
2025-06-02,A_changes,EW,XLU,0.09090909090909091
2025-06-02,A_changes,EW,XLV,0.09090909090909091
2025-06-02,A_changes,EW,XLY,0.09090909090909091
2025-07-01,A_changes,MV,XLB,0.0
2025-07-01,A_changes,MV,XLC,0.9816892112208995
2025-07-01,A_changes,MV,XLE,0.0
2025-07-01,A_changes,MV,XLF,0.0
2025-07-01,A_changes,MV,XLI,0.0
2025-07-01,A_changes,MV,XLK,0.0
2025-07-01,A_changes,MV,XLP,0.0
2025-07-01,A_changes,MV,XLRE,0.0
2025-07-01,A_changes,MV,XLU,0.01831078877910075
2025-07-01,A_changes,MV,XLV,0.0
2025-07-01,A_changes,MV,XLY,6.164954169631504e-17
2025-07-01,A_changes,EW,XLB,0.09090909090909091
2025-07-01,A_changes,EW,XLC,0.09090909090909091
2025-07-01,A_changes,EW,XLE,0.09090909090909091
2025-07-01,A_changes,EW,XLF,0.09090909090909091
2025-07-01,A_changes,EW,XLI,0.09090909090909091
2025-07-01,A_changes,EW,XLK,0.09090909090909091
2025-07-01,A_changes,EW,XLP,0.09090909090909091
2025-07-01,A_changes,EW,XLRE,0.09090909090909091
2025-07-01,A_changes,EW,XLU,0.09090909090909091
2025-07-01,A_changes,EW,XLV,0.09090909090909091
2025-07-01,A_changes,EW,XLY,0.09090909090909091
2025-08-01,A_changes,MV,XLB,0.0
2025-08-01,A_changes,MV,XLC,0.23715998040522088
2025-08-01,A_changes,MV,XLE,0.0
2025-08-01,A_changes,MV,XLF,9.429848988403984e-17
2025-08-01,A_changes,MV,XLI,0.1158071357040626
2025-08-01,A_changes,MV,XLK,0.09058469127635568
2025-08-01,A_changes,MV,XLP,0.0
2025-08-01,A_changes,MV,XLRE,1.773243874577497e-17
2025-08-01,A_changes,MV,XLU,0.5564481926143606
2025-08-01,A_changes,MV,XLV,1.8313615196537522e-16
2025-08-01,A_changes,MV,XLY,0.0
2025-08-01,A_changes,EW,XLB,0.09090909090909091
2025-08-01,A_changes,EW,XLC,0.09090909090909091
2025-08-01,A_changes,EW,XLE,0.09090909090909091
2025-08-01,A_changes,EW,XLF,0.09090909090909091
2025-08-01,A_changes,EW,XLI,0.09090909090909091
2025-08-01,A_changes,EW,XLK,0.09090909090909091
2025-08-01,A_changes,EW,XLP,0.09090909090909091
2025-08-01,A_changes,EW,XLRE,0.09090909090909091
2025-08-01,A_changes,EW,XLU,0.09090909090909091
2025-08-01,A_changes,EW,XLV,0.09090909090909091
2025-08-01,A_changes,EW,XLY,0.09090909090909091
2025-09-02,A_changes,MV,XLB,0.0
2025-09-02,A_changes,MV,XLC,0.8959617530940892
2025-09-02,A_changes,MV,XLE,0.0
2025-09-02,A_changes,MV,XLF,0.10403824690590982
2025-09-02,A_changes,MV,XLI,3.8133371911613544e-16
2025-09-02,A_changes,MV,XLK,1.1540394441863605e-16
2025-09-02,A_changes,MV,XLP,1.1740369228953395e-16
2025-09-02,A_changes,MV,XLRE,0.0
2025-09-02,A_changes,MV,XLU,2.5383599021700186e-16
2025-09-02,A_changes,MV,XLV,1.147855271492771e-16
2025-09-02,A_changes,MV,XLY,3.2368230305670717e-16
2025-09-02,A_changes,EW,XLB,0.09090909090909091
2025-09-02,A_changes,EW,XLC,0.09090909090909091
2025-09-02,A_changes,EW,XLE,0.09090909090909091
2025-09-02,A_changes,EW,XLF,0.09090909090909091
2025-09-02,A_changes,EW,XLI,0.09090909090909091
2025-09-02,A_changes,EW,XLK,0.09090909090909091
2025-09-02,A_changes,EW,XLP,0.09090909090909091
2025-09-02,A_changes,EW,XLRE,0.09090909090909091
2025-09-02,A_changes,EW,XLU,0.09090909090909091
2025-09-02,A_changes,EW,XLV,0.09090909090909091
2025-09-02,A_changes,EW,XLY,0.09090909090909091
2025-10-01,A_changes,MV,XLB,3.2512539930605376e-16
2025-10-01,A_changes,MV,XLC,0.4424320099993074
2025-10-01,A_changes,MV,XLE,1.4060667982188289e-16
2025-10-01,A_changes,MV,XLF,4.5102810375396984e-17
2025-10-01,A_changes,MV,XLI,0.0
2025-10-01,A_changes,MV,XLK,0.0
2025-10-01,A_changes,MV,XLP,5.010833389385794e-17
2025-10-01,A_changes,MV,XLRE,5.497999678446822e-17
2025-10-01,A_changes,MV,XLU,0.5575679900006927
2025-10-01,A_changes,MV,XLV,0.0
2025-10-01,A_changes,MV,XLY,0.0
2025-10-01,A_changes,EW,XLB,0.09090909090909091
2025-10-01,A_changes,EW,XLC,0.09090909090909091
2025-10-01,A_changes,EW,XLE,0.09090909090909091
2025-10-01,A_changes,EW,XLF,0.09090909090909091
2025-10-01,A_changes,EW,XLI,0.09090909090909091
2025-10-01,A_changes,EW,XLK,0.09090909090909091
2025-10-01,A_changes,EW,XLP,0.09090909090909091
2025-10-01,A_changes,EW,XLRE,0.09090909090909091
2025-10-01,A_changes,EW,XLU,0.09090909090909091
2025-10-01,A_changes,EW,XLV,0.09090909090909091
2025-10-01,A_changes,EW,XLY,0.09090909090909091
2025-11-03,A_changes,MV,XLB,0.0
2025-11-03,A_changes,MV,XLC,0.4065477668390784
2025-11-03,A_changes,MV,XLE,0.0
2025-11-03,A_changes,MV,XLF,0.0
2025-11-03,A_changes,MV,XLI,1.8584126002723227e-16
2025-11-03,A_changes,MV,XLK,0.05715736143892101
2025-11-03,A_changes,MV,XLP,0.0
2025-11-03,A_changes,MV,XLRE,0.0
2025-11-03,A_changes,MV,XLU,0.536294871722001
2025-11-03,A_changes,MV,XLV,0.0
2025-11-03,A_changes,MV,XLY,0.0
2025-11-03,A_changes,EW,XLB,0.09090909090909091
2025-11-03,A_changes,EW,XLC,0.09090909090909091
2025-11-03,A_changes,EW,XLE,0.09090909090909091
2025-11-03,A_changes,EW,XLF,0.09090909090909091
2025-11-03,A_changes,EW,XLI,0.09090909090909091
2025-11-03,A_changes,EW,XLK,0.09090909090909091
2025-11-03,A_changes,EW,XLP,0.09090909090909091
2025-11-03,A_changes,EW,XLRE,0.09090909090909091
2025-11-03,A_changes,EW,XLU,0.09090909090909091
2025-11-03,A_changes,EW,XLV,0.09090909090909091
2025-11-03,A_changes,EW,XLY,0.09090909090909091
2025-12-01,A_changes,MV,XLB,2.154479560162731e-17
2025-12-01,A_changes,MV,XLC,0.38127688560484085
2025-12-01,A_changes,MV,XLE,7.060333440512622e-17
2025-12-01,A_changes,MV,XLF,2.4239962653664318e-17
2025-12-01,A_changes,MV,XLI,0.0
2025-12-01,A_changes,MV,XLK,8.463570052309994e-17
2025-12-01,A_changes,MV,XLP,1.972655128585036e-16
2025-12-01,A_changes,MV,XLRE,1.1166168964245778e-16
2025-12-01,A_changes,MV,XLU,0.6187231143951588
2025-12-01,A_changes,MV,XLV,0.0
2025-12-01,A_changes,MV,XLY,7.666997692000111e-17
2025-12-01,A_changes,EW,XLB,0.09090909090909091
2025-12-01,A_changes,EW,XLC,0.09090909090909091
2025-12-01,A_changes,EW,XLE,0.09090909090909091
2025-12-01,A_changes,EW,XLF,0.09090909090909091
2025-12-01,A_changes,EW,XLI,0.09090909090909091
2025-12-01,A_changes,EW,XLK,0.09090909090909091
2025-12-01,A_changes,EW,XLP,0.09090909090909091
2025-12-01,A_changes,EW,XLRE,0.09090909090909091
2025-12-01,A_changes,EW,XLU,0.09090909090909091
2025-12-01,A_changes,EW,XLV,0.09090909090909091
2025-12-01,A_changes,EW,XLY,0.09090909090909091
2026-01-02,A_changes,MV,XLB,0.0
2026-01-02,A_changes,MV,XLC,0.5977936809605173
2026-01-02,A_changes,MV,XLE,0.0
2026-01-02,A_changes,MV,XLF,2.0816681711721685e-16
2026-01-02,A_changes,MV,XLI,9.720893291200075e-17
2026-01-02,A_changes,MV,XLK,0.0
2026-01-02,A_changes,MV,XLP,0.0
2026-01-02,A_changes,MV,XLRE,3.6460813468895475e-17
2026-01-02,A_changes,MV,XLU,0.4022063190394828
2026-01-02,A_changes,MV,XLV,0.0
2026-01-02,A_changes,MV,XLY,0.0
2026-01-02,A_changes,EW,XLB,0.09090909090909091
2026-01-02,A_changes,EW,XLC,0.09090909090909091
2026-01-02,A_changes,EW,XLE,0.09090909090909091
2026-01-02,A_changes,EW,XLF,0.09090909090909091
2026-01-02,A_changes,EW,XLI,0.09090909090909091
2026-01-02,A_changes,EW,XLK,0.09090909090909091
2026-01-02,A_changes,EW,XLP,0.09090909090909091
2026-01-02,A_changes,EW,XLRE,0.09090909090909091
2026-01-02,A_changes,EW,XLU,0.09090909090909091
2026-01-02,A_changes,EW,XLV,0.09090909090909091
2026-01-02,A_changes,EW,XLY,0.09090909090909091
2026-02-02,A_changes,MV,XLB,0.0
2026-02-02,A_changes,MV,XLC,3.106215560690785e-16
2026-02-02,A_changes,MV,XLE,6.537974985453983e-17
2026-02-02,A_changes,MV,XLF,0.07472770430577647
2026-02-02,A_changes,MV,XLI,0.7082467035487049
2026-02-02,A_changes,MV,XLK,3.0053343815720105e-16
2026-02-02,A_changes,MV,XLP,8.416863378806448e-17
2026-02-02,A_changes,MV,XLRE,0.0
2026-02-02,A_changes,MV,XLU,0.2170255921455178
2026-02-02,A_changes,MV,XLV,5.435687092675975e-17
2026-02-02,A_changes,MV,XLY,3.5337137577635826e-16
2026-02-02,A_changes,EW,XLB,0.09090909090909091
2026-02-02,A_changes,EW,XLC,0.09090909090909091
2026-02-02,A_changes,EW,XLE,0.09090909090909091
2026-02-02,A_changes,EW,XLF,0.09090909090909091
2026-02-02,A_changes,EW,XLI,0.09090909090909091
2026-02-02,A_changes,EW,XLK,0.09090909090909091
2026-02-02,A_changes,EW,XLP,0.09090909090909091
2026-02-02,A_changes,EW,XLRE,0.09090909090909091
2026-02-02,A_changes,EW,XLU,0.09090909090909091
2026-02-02,A_changes,EW,XLV,0.09090909090909091
2026-02-02,A_changes,EW,XLY,0.09090909090909091
2026-03-02,A_changes,MV,XLB,1.4814820752652797e-16
2026-03-02,A_changes,MV,XLC,1.97758476261356e-15
2026-03-02,A_changes,MV,XLE,6.65950554261675e-18
2026-03-02,A_changes,MV,XLF,0.0
2026-03-02,A_changes,MV,XLI,1.0
2026-03-02,A_changes,MV,XLK,1.611106658248648e-17
2026-03-02,A_changes,MV,XLP,0.0
2026-03-02,A_changes,MV,XLRE,0.0
2026-03-02,A_changes,MV,XLU,0.0
2026-03-02,A_changes,MV,XLV,5.773521302183574e-17
2026-03-02,A_changes,MV,XLY,2.4304448976195144e-16
2026-03-02,A_changes,EW,XLB,0.09090909090909091
2026-03-02,A_changes,EW,XLC,0.09090909090909091
2026-03-02,A_changes,EW,XLE,0.09090909090909091
2026-03-02,A_changes,EW,XLF,0.09090909090909091
2026-03-02,A_changes,EW,XLI,0.09090909090909091
2026-03-02,A_changes,EW,XLK,0.09090909090909091
2026-03-02,A_changes,EW,XLP,0.09090909090909091
2026-03-02,A_changes,EW,XLRE,0.09090909090909091
2026-03-02,A_changes,EW,XLU,0.09090909090909091
2026-03-02,A_changes,EW,XLV,0.09090909090909091
2026-03-02,A_changes,EW,XLY,0.09090909090909091
2026-04-01,A_changes,MV,XLB,4.378427450505643e-17
2026-04-01,A_changes,MV,XLC,3.396859325925769e-17
2026-04-01,A_changes,MV,XLE,1.0
2026-04-01,A_changes,MV,XLF,4.065271679460998e-17
2026-04-01,A_changes,MV,XLI,1.5283601969410827e-17
2026-04-01,A_changes,MV,XLK,3.7150221565015185e-17
2026-04-01,A_changes,MV,XLP,0.0
2026-04-01,A_changes,MV,XLRE,0.0
2026-04-01,A_changes,MV,XLU,0.0
2026-04-01,A_changes,MV,XLV,1.9927381084419182e-17
2026-04-01,A_changes,MV,XLY,5.941101008029473e-17
2026-04-01,A_changes,EW,XLB,0.09090909090909091
2026-04-01,A_changes,EW,XLC,0.09090909090909091
2026-04-01,A_changes,EW,XLE,0.09090909090909091
2026-04-01,A_changes,EW,XLF,0.09090909090909091
2026-04-01,A_changes,EW,XLI,0.09090909090909091
2026-04-01,A_changes,EW,XLK,0.09090909090909091
2026-04-01,A_changes,EW,XLP,0.09090909090909091
2026-04-01,A_changes,EW,XLRE,0.09090909090909091
2026-04-01,A_changes,EW,XLU,0.09090909090909091
2026-04-01,A_changes,EW,XLV,0.09090909090909091
2026-04-01,A_changes,EW,XLY,0.09090909090909091
2026-05-01,A_changes,MV,XLB,0.0
2026-05-01,A_changes,MV,XLC,0.08781556955798073
2026-05-01,A_changes,MV,XLE,0.6196764534025982
2026-05-01,A_changes,MV,XLF,0.0
2026-05-01,A_changes,MV,XLI,5.886812928087753e-17
2026-05-01,A_changes,MV,XLK,0.29250797703942133
2026-05-01,A_changes,MV,XLP,0.0
2026-05-01,A_changes,MV,XLRE,1.3990764142820645e-17
2026-05-01,A_changes,MV,XLU,4.1622946936926966e-17
2026-05-01,A_changes,MV,XLV,0.0
2026-05-01,A_changes,MV,XLY,0.0
2026-05-01,A_changes,EW,XLB,0.09090909090909091
2026-05-01,A_changes,EW,XLC,0.09090909090909091
2026-05-01,A_changes,EW,XLE,0.09090909090909091
2026-05-01,A_changes,EW,XLF,0.09090909090909091
2026-05-01,A_changes,EW,XLI,0.09090909090909091
2026-05-01,A_changes,EW,XLK,0.09090909090909091
2026-05-01,A_changes,EW,XLP,0.09090909090909091
2026-05-01,A_changes,EW,XLRE,0.09090909090909091
2026-05-01,A_changes,EW,XLU,0.09090909090909091
2026-05-01,A_changes,EW,XLV,0.09090909090909091
2026-05-01,A_changes,EW,XLY,0.09090909090909091
2026-06-01,A_changes,MV,XLB,0.0
2026-06-01,A_changes,MV,XLC,0.0
2026-06-01,A_changes,MV,XLE,1.1171619185290638e-15
2026-06-01,A_changes,MV,XLF,0.0
2026-06-01,A_changes,MV,XLI,0.0
2026-06-01,A_changes,MV,XLK,1.0
2026-06-01,A_changes,MV,XLP,0.0
2026-06-01,A_changes,MV,XLRE,0.0
2026-06-01,A_changes,MV,XLU,0.0
2026-06-01,A_changes,MV,XLV,0.0
2026-06-01,A_changes,MV,XLY,0.0
2026-06-01,A_changes,EW,XLB,0.09090909090909091
2026-06-01,A_changes,EW,XLC,0.09090909090909091
2026-06-01,A_changes,EW,XLE,0.09090909090909091
2026-06-01,A_changes,EW,XLF,0.09090909090909091
2026-06-01,A_changes,EW,XLI,0.09090909090909091
2026-06-01,A_changes,EW,XLK,0.09090909090909091
2026-06-01,A_changes,EW,XLP,0.09090909090909091
2026-06-01,A_changes,EW,XLRE,0.09090909090909091
2026-06-01,A_changes,EW,XLU,0.09090909090909091
2026-06-01,A_changes,EW,XLV,0.09090909090909091
2026-06-01,A_changes,EW,XLY,0.09090909090909091
2026-07-01,A_changes,MV,XLB,0.0
2026-07-01,A_changes,MV,XLC,0.0
2026-07-01,A_changes,MV,XLE,0.17383327299255172
2026-07-01,A_changes,MV,XLF,1.1856155841377601e-17
2026-07-01,A_changes,MV,XLI,0.29191513140644465
2026-07-01,A_changes,MV,XLK,0.12609131696313536
2026-07-01,A_changes,MV,XLP,0.0
2026-07-01,A_changes,MV,XLRE,0.0
2026-07-01,A_changes,MV,XLU,0.4081602786378687
2026-07-01,A_changes,MV,XLV,0.0
2026-07-01,A_changes,MV,XLY,0.0
2026-07-01,A_changes,EW,XLB,0.09090909090909091
2026-07-01,A_changes,EW,XLC,0.09090909090909091
2026-07-01,A_changes,EW,XLE,0.09090909090909091
2026-07-01,A_changes,EW,XLF,0.09090909090909091
2026-07-01,A_changes,EW,XLI,0.09090909090909091
2026-07-01,A_changes,EW,XLK,0.09090909090909091
2026-07-01,A_changes,EW,XLP,0.09090909090909091
2026-07-01,A_changes,EW,XLRE,0.09090909090909091
2026-07-01,A_changes,EW,XLU,0.09090909090909091
2026-07-01,A_changes,EW,XLV,0.09090909090909091
2026-07-01,A_changes,EW,XLY,0.09090909090909091
2023-01-03,A_wo_Oil_WTI,MV,XLB,0.0
2023-01-03,A_wo_Oil_WTI,MV,XLC,5.125191654077278e-17
2023-01-03,A_wo_Oil_WTI,MV,XLE,0.2258701537219573
2023-01-03,A_wo_Oil_WTI,MV,XLF,0.2892189697927891
2023-01-03,A_wo_Oil_WTI,MV,XLI,0.0
2023-01-03,A_wo_Oil_WTI,MV,XLK,2.141607261663168e-17
2023-01-03,A_wo_Oil_WTI,MV,XLP,0.057156778703272904
2023-01-03,A_wo_Oil_WTI,MV,XLRE,0.0
2023-01-03,A_wo_Oil_WTI,MV,XLU,0.2293833999181849
2023-01-03,A_wo_Oil_WTI,MV,XLV,0.19837069786379577
2023-01-03,A_wo_Oil_WTI,MV,XLY,3.04014404199658e-17
2023-01-03,A_wo_Oil_WTI,EW,XLB,0.09090909090909091
2023-01-03,A_wo_Oil_WTI,EW,XLC,0.09090909090909091
2023-01-03,A_wo_Oil_WTI,EW,XLE,0.09090909090909091
2023-01-03,A_wo_Oil_WTI,EW,XLF,0.09090909090909091
2023-01-03,A_wo_Oil_WTI,EW,XLI,0.09090909090909091
2023-01-03,A_wo_Oil_WTI,EW,XLK,0.09090909090909091
2023-01-03,A_wo_Oil_WTI,EW,XLP,0.09090909090909091
2023-01-03,A_wo_Oil_WTI,EW,XLRE,0.09090909090909091
2023-01-03,A_wo_Oil_WTI,EW,XLU,0.09090909090909091
2023-01-03,A_wo_Oil_WTI,EW,XLV,0.09090909090909091
2023-01-03,A_wo_Oil_WTI,EW,XLY,0.09090909090909091
2023-02-01,A_wo_Oil_WTI,MV,XLB,0.0
2023-02-01,A_wo_Oil_WTI,MV,XLC,5.692061405548898e-18
2023-02-01,A_wo_Oil_WTI,MV,XLE,9.540979117872439e-18
2023-02-01,A_wo_Oil_WTI,MV,XLF,0.0
2023-02-01,A_wo_Oil_WTI,MV,XLI,0.0
2023-02-01,A_wo_Oil_WTI,MV,XLK,9.324138683375338e-18
2023-02-01,A_wo_Oil_WTI,MV,XLP,0.32618907151457316
2023-02-01,A_wo_Oil_WTI,MV,XLRE,0.0
2023-02-01,A_wo_Oil_WTI,MV,XLU,0.5220508707288453
2023-02-01,A_wo_Oil_WTI,MV,XLV,1.3877787807814457e-17
2023-02-01,A_wo_Oil_WTI,MV,XLY,0.1517600577565818
2023-02-01,A_wo_Oil_WTI,EW,XLB,0.09090909090909091
2023-02-01,A_wo_Oil_WTI,EW,XLC,0.09090909090909091
2023-02-01,A_wo_Oil_WTI,EW,XLE,0.09090909090909091
2023-02-01,A_wo_Oil_WTI,EW,XLF,0.09090909090909091
2023-02-01,A_wo_Oil_WTI,EW,XLI,0.09090909090909091
2023-02-01,A_wo_Oil_WTI,EW,XLK,0.09090909090909091
2023-02-01,A_wo_Oil_WTI,EW,XLP,0.09090909090909091
2023-02-01,A_wo_Oil_WTI,EW,XLRE,0.09090909090909091
2023-02-01,A_wo_Oil_WTI,EW,XLU,0.09090909090909091
2023-02-01,A_wo_Oil_WTI,EW,XLV,0.09090909090909091
2023-02-01,A_wo_Oil_WTI,EW,XLY,0.09090909090909091
2023-03-01,A_wo_Oil_WTI,MV,XLB,3.844955215651892e-17
2023-03-01,A_wo_Oil_WTI,MV,XLC,0.06574068393212418
2023-03-01,A_wo_Oil_WTI,MV,XLE,0.2815581787805427
2023-03-01,A_wo_Oil_WTI,MV,XLF,0.6527011372873331
2023-03-01,A_wo_Oil_WTI,MV,XLI,1.6338672410636582e-17
2023-03-01,A_wo_Oil_WTI,MV,XLK,0.0
2023-03-01,A_wo_Oil_WTI,MV,XLP,0.0
2023-03-01,A_wo_Oil_WTI,MV,XLRE,0.0
2023-03-01,A_wo_Oil_WTI,MV,XLU,0.0
2023-03-01,A_wo_Oil_WTI,MV,XLV,1.7158240059346084e-17
2023-03-01,A_wo_Oil_WTI,MV,XLY,2.9134081832252234e-17
2023-03-01,A_wo_Oil_WTI,EW,XLB,0.09090909090909091
2023-03-01,A_wo_Oil_WTI,EW,XLC,0.09090909090909091
2023-03-01,A_wo_Oil_WTI,EW,XLE,0.09090909090909091
2023-03-01,A_wo_Oil_WTI,EW,XLF,0.09090909090909091
2023-03-01,A_wo_Oil_WTI,EW,XLI,0.09090909090909091
2023-03-01,A_wo_Oil_WTI,EW,XLK,0.09090909090909091
2023-03-01,A_wo_Oil_WTI,EW,XLP,0.09090909090909091
2023-03-01,A_wo_Oil_WTI,EW,XLRE,0.09090909090909091
2023-03-01,A_wo_Oil_WTI,EW,XLU,0.09090909090909091
2023-03-01,A_wo_Oil_WTI,EW,XLV,0.09090909090909091
2023-03-01,A_wo_Oil_WTI,EW,XLY,0.09090909090909091
2023-04-03,A_wo_Oil_WTI,MV,XLB,2.7467438419466173e-17
2023-04-03,A_wo_Oil_WTI,MV,XLC,0.4457789752543493
2023-04-03,A_wo_Oil_WTI,MV,XLE,1.7852936122344456e-17
2023-04-03,A_wo_Oil_WTI,MV,XLF,0.0
2023-04-03,A_wo_Oil_WTI,MV,XLI,7.39780650933299e-17
2023-04-03,A_wo_Oil_WTI,MV,XLK,2.5997328662192787e-17
2023-04-03,A_wo_Oil_WTI,MV,XLP,0.028740913771800554
2023-04-03,A_wo_Oil_WTI,MV,XLRE,0.13620115564908963
2023-04-03,A_wo_Oil_WTI,MV,XLU,0.2128863292008269
2023-04-03,A_wo_Oil_WTI,MV,XLV,0.1763926261239337
2023-04-03,A_wo_Oil_WTI,MV,XLY,0.0
2023-04-03,A_wo_Oil_WTI,EW,XLB,0.09090909090909091
2023-04-03,A_wo_Oil_WTI,EW,XLC,0.09090909090909091
2023-04-03,A_wo_Oil_WTI,EW,XLE,0.09090909090909091
2023-04-03,A_wo_Oil_WTI,EW,XLF,0.09090909090909091
2023-04-03,A_wo_Oil_WTI,EW,XLI,0.09090909090909091
2023-04-03,A_wo_Oil_WTI,EW,XLK,0.09090909090909091
2023-04-03,A_wo_Oil_WTI,EW,XLP,0.09090909090909091
2023-04-03,A_wo_Oil_WTI,EW,XLRE,0.09090909090909091
2023-04-03,A_wo_Oil_WTI,EW,XLU,0.09090909090909091
2023-04-03,A_wo_Oil_WTI,EW,XLV,0.09090909090909091
2023-04-03,A_wo_Oil_WTI,EW,XLY,0.09090909090909091
2023-05-01,A_wo_Oil_WTI,MV,XLB,1.1910214407962125e-17
2023-05-01,A_wo_Oil_WTI,MV,XLC,0.2229982505832411
2023-05-01,A_wo_Oil_WTI,MV,XLE,0.0
2023-05-01,A_wo_Oil_WTI,MV,XLF,3.306398710121852e-17
2023-05-01,A_wo_Oil_WTI,MV,XLI,0.0
2023-05-01,A_wo_Oil_WTI,MV,XLK,0.0
2023-05-01,A_wo_Oil_WTI,MV,XLP,0.7770017494167595
2023-05-01,A_wo_Oil_WTI,MV,XLRE,7.151375650723269e-17
2023-05-01,A_wo_Oil_WTI,MV,XLU,0.0
2023-05-01,A_wo_Oil_WTI,MV,XLV,0.0
2023-05-01,A_wo_Oil_WTI,MV,XLY,0.0
2023-05-01,A_wo_Oil_WTI,EW,XLB,0.09090909090909091
2023-05-01,A_wo_Oil_WTI,EW,XLC,0.09090909090909091
2023-05-01,A_wo_Oil_WTI,EW,XLE,0.09090909090909091
2023-05-01,A_wo_Oil_WTI,EW,XLF,0.09090909090909091
2023-05-01,A_wo_Oil_WTI,EW,XLI,0.09090909090909091
2023-05-01,A_wo_Oil_WTI,EW,XLK,0.09090909090909091
2023-05-01,A_wo_Oil_WTI,EW,XLP,0.09090909090909091
2023-05-01,A_wo_Oil_WTI,EW,XLRE,0.09090909090909091
2023-05-01,A_wo_Oil_WTI,EW,XLU,0.09090909090909091
2023-05-01,A_wo_Oil_WTI,EW,XLV,0.09090909090909091
2023-05-01,A_wo_Oil_WTI,EW,XLY,0.09090909090909091
2023-06-01,A_wo_Oil_WTI,MV,XLB,0.5322703446404488
2023-06-01,A_wo_Oil_WTI,MV,XLC,9.595853937628483e-17
2023-06-01,A_wo_Oil_WTI,MV,XLE,0.0
2023-06-01,A_wo_Oil_WTI,MV,XLF,0.4677296553595512
2023-06-01,A_wo_Oil_WTI,MV,XLI,0.0
2023-06-01,A_wo_Oil_WTI,MV,XLK,1.0675621539915045e-16
2023-06-01,A_wo_Oil_WTI,MV,XLP,9.20006927983036e-18
2023-06-01,A_wo_Oil_WTI,MV,XLRE,0.0
2023-06-01,A_wo_Oil_WTI,MV,XLU,1.6656544202688135e-17
2023-06-01,A_wo_Oil_WTI,MV,XLV,5.711855537368859e-17
2023-06-01,A_wo_Oil_WTI,MV,XLY,0.0
2023-06-01,A_wo_Oil_WTI,EW,XLB,0.09090909090909091
2023-06-01,A_wo_Oil_WTI,EW,XLC,0.09090909090909091
2023-06-01,A_wo_Oil_WTI,EW,XLE,0.09090909090909091
2023-06-01,A_wo_Oil_WTI,EW,XLF,0.09090909090909091
2023-06-01,A_wo_Oil_WTI,EW,XLI,0.09090909090909091
2023-06-01,A_wo_Oil_WTI,EW,XLK,0.09090909090909091
2023-06-01,A_wo_Oil_WTI,EW,XLP,0.09090909090909091
2023-06-01,A_wo_Oil_WTI,EW,XLRE,0.09090909090909091
2023-06-01,A_wo_Oil_WTI,EW,XLU,0.09090909090909091
2023-06-01,A_wo_Oil_WTI,EW,XLV,0.09090909090909091
2023-06-01,A_wo_Oil_WTI,EW,XLY,0.09090909090909091
2023-07-03,A_wo_Oil_WTI,MV,XLB,3.8265774240539423e-17
2023-07-03,A_wo_Oil_WTI,MV,XLC,0.519544498040782
2023-07-03,A_wo_Oil_WTI,MV,XLE,3.36822900208258e-17
2023-07-03,A_wo_Oil_WTI,MV,XLF,4.291280729667707e-17
2023-07-03,A_wo_Oil_WTI,MV,XLI,9.93606435085136e-18
2023-07-03,A_wo_Oil_WTI,MV,XLK,0.0
2023-07-03,A_wo_Oil_WTI,MV,XLP,0.48045550195921827
2023-07-03,A_wo_Oil_WTI,MV,XLRE,0.0
2023-07-03,A_wo_Oil_WTI,MV,XLU,0.0
2023-07-03,A_wo_Oil_WTI,MV,XLV,0.0
2023-07-03,A_wo_Oil_WTI,MV,XLY,0.0
2023-07-03,A_wo_Oil_WTI,EW,XLB,0.09090909090909091
2023-07-03,A_wo_Oil_WTI,EW,XLC,0.09090909090909091
2023-07-03,A_wo_Oil_WTI,EW,XLE,0.09090909090909091
2023-07-03,A_wo_Oil_WTI,EW,XLF,0.09090909090909091
2023-07-03,A_wo_Oil_WTI,EW,XLI,0.09090909090909091
2023-07-03,A_wo_Oil_WTI,EW,XLK,0.09090909090909091
2023-07-03,A_wo_Oil_WTI,EW,XLP,0.09090909090909091
2023-07-03,A_wo_Oil_WTI,EW,XLRE,0.09090909090909091
2023-07-03,A_wo_Oil_WTI,EW,XLU,0.09090909090909091
2023-07-03,A_wo_Oil_WTI,EW,XLV,0.09090909090909091
2023-07-03,A_wo_Oil_WTI,EW,XLY,0.09090909090909091
2023-08-01,A_wo_Oil_WTI,MV,XLB,4.316360916047255e-17
2023-08-01,A_wo_Oil_WTI,MV,XLC,0.3671849657586822
2023-08-01,A_wo_Oil_WTI,MV,XLE,0.0
2023-08-01,A_wo_Oil_WTI,MV,XLF,3.4890676343155925e-17
2023-08-01,A_wo_Oil_WTI,MV,XLI,4.8185663200661903e-17
2023-08-01,A_wo_Oil_WTI,MV,XLK,0.0
2023-08-01,A_wo_Oil_WTI,MV,XLP,6.938893903907228e-18
2023-08-01,A_wo_Oil_WTI,MV,XLRE,0.2797992432053134
2023-08-01,A_wo_Oil_WTI,MV,XLU,0.26552912418866265
2023-08-01,A_wo_Oil_WTI,MV,XLV,0.0874866668473416
2023-08-01,A_wo_Oil_WTI,MV,XLY,2.2013182265969562e-17
2023-08-01,A_wo_Oil_WTI,EW,XLB,0.09090909090909091
2023-08-01,A_wo_Oil_WTI,EW,XLC,0.09090909090909091
2023-08-01,A_wo_Oil_WTI,EW,XLE,0.09090909090909091
2023-08-01,A_wo_Oil_WTI,EW,XLF,0.09090909090909091
2023-08-01,A_wo_Oil_WTI,EW,XLI,0.09090909090909091
2023-08-01,A_wo_Oil_WTI,EW,XLK,0.09090909090909091
2023-08-01,A_wo_Oil_WTI,EW,XLP,0.09090909090909091
2023-08-01,A_wo_Oil_WTI,EW,XLRE,0.09090909090909091
2023-08-01,A_wo_Oil_WTI,EW,XLU,0.09090909090909091
2023-08-01,A_wo_Oil_WTI,EW,XLV,0.09090909090909091
2023-08-01,A_wo_Oil_WTI,EW,XLY,0.09090909090909091
2023-09-01,A_wo_Oil_WTI,MV,XLB,1.6046192152785466e-17
2023-09-01,A_wo_Oil_WTI,MV,XLC,0.0
2023-09-01,A_wo_Oil_WTI,MV,XLE,3.735076484212563e-17
2023-09-01,A_wo_Oil_WTI,MV,XLF,2.0816681711721685e-17
2023-09-01,A_wo_Oil_WTI,MV,XLI,1.2576745200831851e-17
2023-09-01,A_wo_Oil_WTI,MV,XLK,2.3852447794681098e-17
2023-09-01,A_wo_Oil_WTI,MV,XLP,0.9420026086011901
2023-09-01,A_wo_Oil_WTI,MV,XLRE,0.016713231985529802
2023-09-01,A_wo_Oil_WTI,MV,XLU,6.548581121812447e-17
2023-09-01,A_wo_Oil_WTI,MV,XLV,0.0
2023-09-01,A_wo_Oil_WTI,MV,XLY,0.04128415941328006
2023-09-01,A_wo_Oil_WTI,EW,XLB,0.09090909090909091
2023-09-01,A_wo_Oil_WTI,EW,XLC,0.09090909090909091
2023-09-01,A_wo_Oil_WTI,EW,XLE,0.09090909090909091
2023-09-01,A_wo_Oil_WTI,EW,XLF,0.09090909090909091
2023-09-01,A_wo_Oil_WTI,EW,XLI,0.09090909090909091
2023-09-01,A_wo_Oil_WTI,EW,XLK,0.09090909090909091
2023-09-01,A_wo_Oil_WTI,EW,XLP,0.09090909090909091
2023-09-01,A_wo_Oil_WTI,EW,XLRE,0.09090909090909091
2023-09-01,A_wo_Oil_WTI,EW,XLU,0.09090909090909091
2023-09-01,A_wo_Oil_WTI,EW,XLV,0.09090909090909091
2023-09-01,A_wo_Oil_WTI,EW,XLY,0.09090909090909091
2023-10-02,A_wo_Oil_WTI,MV,XLB,2.5316747886125274e-17
2023-10-02,A_wo_Oil_WTI,MV,XLC,0.0
2023-10-02,A_wo_Oil_WTI,MV,XLE,0.0
2023-10-02,A_wo_Oil_WTI,MV,XLF,1.5336859004052114e-17
2023-10-02,A_wo_Oil_WTI,MV,XLI,2.3320867180639924e-18
2023-10-02,A_wo_Oil_WTI,MV,XLK,0.0
2023-10-02,A_wo_Oil_WTI,MV,XLP,3.036256573847332e-17
2023-10-02,A_wo_Oil_WTI,MV,XLRE,0.0
2023-10-02,A_wo_Oil_WTI,MV,XLU,0.9688119341432353
2023-10-02,A_wo_Oil_WTI,MV,XLV,0.031188065856764813
2023-10-02,A_wo_Oil_WTI,MV,XLY,0.0
2023-10-02,A_wo_Oil_WTI,EW,XLB,0.09090909090909091
2023-10-02,A_wo_Oil_WTI,EW,XLC,0.09090909090909091
2023-10-02,A_wo_Oil_WTI,EW,XLE,0.09090909090909091
2023-10-02,A_wo_Oil_WTI,EW,XLF,0.09090909090909091
2023-10-02,A_wo_Oil_WTI,EW,XLI,0.09090909090909091
2023-10-02,A_wo_Oil_WTI,EW,XLK,0.09090909090909091
2023-10-02,A_wo_Oil_WTI,EW,XLP,0.09090909090909091
2023-10-02,A_wo_Oil_WTI,EW,XLRE,0.09090909090909091
2023-10-02,A_wo_Oil_WTI,EW,XLU,0.09090909090909091
2023-10-02,A_wo_Oil_WTI,EW,XLV,0.09090909090909091
2023-10-02,A_wo_Oil_WTI,EW,XLY,0.09090909090909091
2023-11-01,A_wo_Oil_WTI,MV,XLB,0.6229010582318281
2023-11-01,A_wo_Oil_WTI,MV,XLC,3.554593655727276e-17
2023-11-01,A_wo_Oil_WTI,MV,XLE,0.0
2023-11-01,A_wo_Oil_WTI,MV,XLF,0.0
2023-11-01,A_wo_Oil_WTI,MV,XLI,0.0
2023-11-01,A_wo_Oil_WTI,MV,XLK,0.0
2023-11-01,A_wo_Oil_WTI,MV,XLP,5.90563037682618e-17
2023-11-01,A_wo_Oil_WTI,MV,XLRE,1.506352434083241e-17
2023-11-01,A_wo_Oil_WTI,MV,XLU,1.0965589766804589e-16
2023-11-01,A_wo_Oil_WTI,MV,XLV,0.3770989417681719
2023-11-01,A_wo_Oil_WTI,MV,XLY,1.0314371899757675e-16
2023-11-01,A_wo_Oil_WTI,EW,XLB,0.09090909090909091
2023-11-01,A_wo_Oil_WTI,EW,XLC,0.09090909090909091
2023-11-01,A_wo_Oil_WTI,EW,XLE,0.09090909090909091
2023-11-01,A_wo_Oil_WTI,EW,XLF,0.09090909090909091
2023-11-01,A_wo_Oil_WTI,EW,XLI,0.09090909090909091
2023-11-01,A_wo_Oil_WTI,EW,XLK,0.09090909090909091
2023-11-01,A_wo_Oil_WTI,EW,XLP,0.09090909090909091
2023-11-01,A_wo_Oil_WTI,EW,XLRE,0.09090909090909091
2023-11-01,A_wo_Oil_WTI,EW,XLU,0.09090909090909091
2023-11-01,A_wo_Oil_WTI,EW,XLV,0.09090909090909091
2023-11-01,A_wo_Oil_WTI,EW,XLY,0.09090909090909091
2023-12-01,A_wo_Oil_WTI,MV,XLB,3.433700032749285e-17
2023-12-01,A_wo_Oil_WTI,MV,XLC,0.4639565052226676
2023-12-01,A_wo_Oil_WTI,MV,XLE,7.455251800297605e-17
2023-12-01,A_wo_Oil_WTI,MV,XLF,0.0
2023-12-01,A_wo_Oil_WTI,MV,XLI,0.0
2023-12-01,A_wo_Oil_WTI,MV,XLK,0.0
2023-12-01,A_wo_Oil_WTI,MV,XLP,0.5360434947773322
2023-12-01,A_wo_Oil_WTI,MV,XLRE,0.0
2023-12-01,A_wo_Oil_WTI,MV,XLU,1.4046017990539974e-16
2023-12-01,A_wo_Oil_WTI,MV,XLV,0.0
2023-12-01,A_wo_Oil_WTI,MV,XLY,3.439969347236839e-17
2023-12-01,A_wo_Oil_WTI,EW,XLB,0.09090909090909091
2023-12-01,A_wo_Oil_WTI,EW,XLC,0.09090909090909091
2023-12-01,A_wo_Oil_WTI,EW,XLE,0.09090909090909091
2023-12-01,A_wo_Oil_WTI,EW,XLF,0.09090909090909091
2023-12-01,A_wo_Oil_WTI,EW,XLI,0.09090909090909091
2023-12-01,A_wo_Oil_WTI,EW,XLK,0.09090909090909091
2023-12-01,A_wo_Oil_WTI,EW,XLP,0.09090909090909091
2023-12-01,A_wo_Oil_WTI,EW,XLRE,0.09090909090909091
2023-12-01,A_wo_Oil_WTI,EW,XLU,0.09090909090909091
2023-12-01,A_wo_Oil_WTI,EW,XLV,0.09090909090909091
2023-12-01,A_wo_Oil_WTI,EW,XLY,0.09090909090909091
2024-01-02,A_wo_Oil_WTI,MV,XLB,5.377642775528102e-17
2024-01-02,A_wo_Oil_WTI,MV,XLC,0.2796427818135553
2024-01-02,A_wo_Oil_WTI,MV,XLE,0.0
2024-01-02,A_wo_Oil_WTI,MV,XLF,0.0
2024-01-02,A_wo_Oil_WTI,MV,XLI,5.2909066017292616e-17
2024-01-02,A_wo_Oil_WTI,MV,XLK,0.0
2024-01-02,A_wo_Oil_WTI,MV,XLP,0.31737865322361913
2024-01-02,A_wo_Oil_WTI,MV,XLRE,1.3010426069826053e-17
2024-01-02,A_wo_Oil_WTI,MV,XLU,0.3117922593152044
2024-01-02,A_wo_Oil_WTI,MV,XLV,0.0
2024-01-02,A_wo_Oil_WTI,MV,XLY,0.09118630564762131
2024-01-02,A_wo_Oil_WTI,EW,XLB,0.09090909090909091
2024-01-02,A_wo_Oil_WTI,EW,XLC,0.09090909090909091
2024-01-02,A_wo_Oil_WTI,EW,XLE,0.09090909090909091
2024-01-02,A_wo_Oil_WTI,EW,XLF,0.09090909090909091
2024-01-02,A_wo_Oil_WTI,EW,XLI,0.09090909090909091
2024-01-02,A_wo_Oil_WTI,EW,XLK,0.09090909090909091
2024-01-02,A_wo_Oil_WTI,EW,XLP,0.09090909090909091
2024-01-02,A_wo_Oil_WTI,EW,XLRE,0.09090909090909091
2024-01-02,A_wo_Oil_WTI,EW,XLU,0.09090909090909091
2024-01-02,A_wo_Oil_WTI,EW,XLV,0.09090909090909091
2024-01-02,A_wo_Oil_WTI,EW,XLY,0.09090909090909091
2024-02-01,A_wo_Oil_WTI,MV,XLB,0.0
2024-02-01,A_wo_Oil_WTI,MV,XLC,0.47349257275641893
2024-02-01,A_wo_Oil_WTI,MV,XLE,9.868906867850593e-17
2024-02-01,A_wo_Oil_WTI,MV,XLF,0.0
2024-02-01,A_wo_Oil_WTI,MV,XLI,3.792418186494801e-18
2024-02-01,A_wo_Oil_WTI,MV,XLK,0.0
2024-02-01,A_wo_Oil_WTI,MV,XLP,0.30870931641910976
2024-02-01,A_wo_Oil_WTI,MV,XLRE,0.0
2024-02-01,A_wo_Oil_WTI,MV,XLU,0.21779811082447145
2024-02-01,A_wo_Oil_WTI,MV,XLV,0.0
2024-02-01,A_wo_Oil_WTI,MV,XLY,7.055507136528706e-18
2024-02-01,A_wo_Oil_WTI,EW,XLB,0.09090909090909091
2024-02-01,A_wo_Oil_WTI,EW,XLC,0.09090909090909091
2024-02-01,A_wo_Oil_WTI,EW,XLE,0.09090909090909091
2024-02-01,A_wo_Oil_WTI,EW,XLF,0.09090909090909091
2024-02-01,A_wo_Oil_WTI,EW,XLI,0.09090909090909091
2024-02-01,A_wo_Oil_WTI,EW,XLK,0.09090909090909091
2024-02-01,A_wo_Oil_WTI,EW,XLP,0.09090909090909091
2024-02-01,A_wo_Oil_WTI,EW,XLRE,0.09090909090909091
2024-02-01,A_wo_Oil_WTI,EW,XLU,0.09090909090909091
2024-02-01,A_wo_Oil_WTI,EW,XLV,0.09090909090909091
2024-02-01,A_wo_Oil_WTI,EW,XLY,0.09090909090909091
2024-03-01,A_wo_Oil_WTI,MV,XLB,3.592386206971284e-17
2024-03-01,A_wo_Oil_WTI,MV,XLC,0.14888218567212086
2024-03-01,A_wo_Oil_WTI,MV,XLE,4.7899856165997975e-17
2024-03-01,A_wo_Oil_WTI,MV,XLF,0.4808650736972814
2024-03-01,A_wo_Oil_WTI,MV,XLI,1.747749468772445e-17
2024-03-01,A_wo_Oil_WTI,MV,XLK,8.283125833235805e-16
2024-03-01,A_wo_Oil_WTI,MV,XLP,0.3702527406305968
2024-03-01,A_wo_Oil_WTI,MV,XLRE,0.0
2024-03-01,A_wo_Oil_WTI,MV,XLU,8.528474326376967e-17
2024-03-01,A_wo_Oil_WTI,MV,XLV,2.0816681711721685e-17
2024-03-01,A_wo_Oil_WTI,MV,XLY,3.386643425533779e-18
2024-03-01,A_wo_Oil_WTI,EW,XLB,0.09090909090909091
2024-03-01,A_wo_Oil_WTI,EW,XLC,0.09090909090909091
2024-03-01,A_wo_Oil_WTI,EW,XLE,0.09090909090909091
2024-03-01,A_wo_Oil_WTI,EW,XLF,0.09090909090909091
2024-03-01,A_wo_Oil_WTI,EW,XLI,0.09090909090909091
2024-03-01,A_wo_Oil_WTI,EW,XLK,0.09090909090909091
2024-03-01,A_wo_Oil_WTI,EW,XLP,0.09090909090909091
2024-03-01,A_wo_Oil_WTI,EW,XLRE,0.09090909090909091
2024-03-01,A_wo_Oil_WTI,EW,XLU,0.09090909090909091
2024-03-01,A_wo_Oil_WTI,EW,XLV,0.09090909090909091
2024-03-01,A_wo_Oil_WTI,EW,XLY,0.09090909090909091
2024-04-01,A_wo_Oil_WTI,MV,XLB,1.6260916412417378e-16
2024-04-01,A_wo_Oil_WTI,MV,XLC,0.1568213784015379
2024-04-01,A_wo_Oil_WTI,MV,XLE,7.433290094560618e-16
2024-04-01,A_wo_Oil_WTI,MV,XLF,0.8431786215984608
2024-04-01,A_wo_Oil_WTI,MV,XLI,0.0
2024-04-01,A_wo_Oil_WTI,MV,XLK,1.4594878389533057e-16
2024-04-01,A_wo_Oil_WTI,MV,XLP,0.0
2024-04-01,A_wo_Oil_WTI,MV,XLRE,7.969355380631526e-17
2024-04-01,A_wo_Oil_WTI,MV,XLU,1.5742629317395558e-16
2024-04-01,A_wo_Oil_WTI,MV,XLV,1.522132796000752e-16
2024-04-01,A_wo_Oil_WTI,MV,XLY,0.0
2024-04-01,A_wo_Oil_WTI,EW,XLB,0.09090909090909091
2024-04-01,A_wo_Oil_WTI,EW,XLC,0.09090909090909091
2024-04-01,A_wo_Oil_WTI,EW,XLE,0.09090909090909091
2024-04-01,A_wo_Oil_WTI,EW,XLF,0.09090909090909091
2024-04-01,A_wo_Oil_WTI,EW,XLI,0.09090909090909091
2024-04-01,A_wo_Oil_WTI,EW,XLK,0.09090909090909091
2024-04-01,A_wo_Oil_WTI,EW,XLP,0.09090909090909091
2024-04-01,A_wo_Oil_WTI,EW,XLRE,0.09090909090909091
2024-04-01,A_wo_Oil_WTI,EW,XLU,0.09090909090909091
2024-04-01,A_wo_Oil_WTI,EW,XLV,0.09090909090909091
2024-04-01,A_wo_Oil_WTI,EW,XLY,0.09090909090909091
2024-05-01,A_wo_Oil_WTI,MV,XLB,0.0
2024-05-01,A_wo_Oil_WTI,MV,XLC,1.0
2024-05-01,A_wo_Oil_WTI,MV,XLE,0.0
2024-05-01,A_wo_Oil_WTI,MV,XLF,3.7465768123337765e-18
2024-05-01,A_wo_Oil_WTI,MV,XLI,0.0
2024-05-01,A_wo_Oil_WTI,MV,XLK,2.636779683484747e-16
2024-05-01,A_wo_Oil_WTI,MV,XLP,2.3217837388393616e-17
2024-05-01,A_wo_Oil_WTI,MV,XLRE,1.6020758592618032e-17
2024-05-01,A_wo_Oil_WTI,MV,XLU,0.0
2024-05-01,A_wo_Oil_WTI,MV,XLV,0.0
2024-05-01,A_wo_Oil_WTI,MV,XLY,3.010011054193087e-17
2024-05-01,A_wo_Oil_WTI,EW,XLB,0.09090909090909091
2024-05-01,A_wo_Oil_WTI,EW,XLC,0.09090909090909091
2024-05-01,A_wo_Oil_WTI,EW,XLE,0.09090909090909091
2024-05-01,A_wo_Oil_WTI,EW,XLF,0.09090909090909091
2024-05-01,A_wo_Oil_WTI,EW,XLI,0.09090909090909091
2024-05-01,A_wo_Oil_WTI,EW,XLK,0.09090909090909091
2024-05-01,A_wo_Oil_WTI,EW,XLP,0.09090909090909091
2024-05-01,A_wo_Oil_WTI,EW,XLRE,0.09090909090909091
2024-05-01,A_wo_Oil_WTI,EW,XLU,0.09090909090909091
2024-05-01,A_wo_Oil_WTI,EW,XLV,0.09090909090909091
2024-05-01,A_wo_Oil_WTI,EW,XLY,0.09090909090909091
2024-06-03,A_wo_Oil_WTI,MV,XLB,0.0
2024-06-03,A_wo_Oil_WTI,MV,XLC,1.0307019846362039e-16
2024-06-03,A_wo_Oil_WTI,MV,XLE,8.39582121217714e-17
2024-06-03,A_wo_Oil_WTI,MV,XLF,1.1449174941446927e-16
2024-06-03,A_wo_Oil_WTI,MV,XLI,0.0
2024-06-03,A_wo_Oil_WTI,MV,XLK,0.4552389759349333
2024-06-03,A_wo_Oil_WTI,MV,XLP,1.1749588884833246e-16
2024-06-03,A_wo_Oil_WTI,MV,XLRE,0.0
2024-06-03,A_wo_Oil_WTI,MV,XLU,0.0
2024-06-03,A_wo_Oil_WTI,MV,XLV,0.5447610240650664
2024-06-03,A_wo_Oil_WTI,MV,XLY,0.0
2024-06-03,A_wo_Oil_WTI,EW,XLB,0.09090909090909091
2024-06-03,A_wo_Oil_WTI,EW,XLC,0.09090909090909091
2024-06-03,A_wo_Oil_WTI,EW,XLE,0.09090909090909091
2024-06-03,A_wo_Oil_WTI,EW,XLF,0.09090909090909091
2024-06-03,A_wo_Oil_WTI,EW,XLI,0.09090909090909091
2024-06-03,A_wo_Oil_WTI,EW,XLK,0.09090909090909091
2024-06-03,A_wo_Oil_WTI,EW,XLP,0.09090909090909091
2024-06-03,A_wo_Oil_WTI,EW,XLRE,0.09090909090909091
2024-06-03,A_wo_Oil_WTI,EW,XLU,0.09090909090909091
2024-06-03,A_wo_Oil_WTI,EW,XLV,0.09090909090909091
2024-06-03,A_wo_Oil_WTI,EW,XLY,0.09090909090909091
2024-07-01,A_wo_Oil_WTI,MV,XLB,1.1846147652700472e-17
2024-07-01,A_wo_Oil_WTI,MV,XLC,0.997618277212063
2024-07-01,A_wo_Oil_WTI,MV,XLE,5.387050532885317e-19
2024-07-01,A_wo_Oil_WTI,MV,XLF,0.0
2024-07-01,A_wo_Oil_WTI,MV,XLI,0.0
2024-07-01,A_wo_Oil_WTI,MV,XLK,3.469446951953614e-17
2024-07-01,A_wo_Oil_WTI,MV,XLP,0.002381722787936857
2024-07-01,A_wo_Oil_WTI,MV,XLRE,0.0
2024-07-01,A_wo_Oil_WTI,MV,XLU,1.7402396274781748e-17
2024-07-01,A_wo_Oil_WTI,MV,XLV,0.0
2024-07-01,A_wo_Oil_WTI,MV,XLY,3.2788414328010946e-17
2024-07-01,A_wo_Oil_WTI,EW,XLB,0.09090909090909091
2024-07-01,A_wo_Oil_WTI,EW,XLC,0.09090909090909091
2024-07-01,A_wo_Oil_WTI,EW,XLE,0.09090909090909091
2024-07-01,A_wo_Oil_WTI,EW,XLF,0.09090909090909091
2024-07-01,A_wo_Oil_WTI,EW,XLI,0.09090909090909091
2024-07-01,A_wo_Oil_WTI,EW,XLK,0.09090909090909091
2024-07-01,A_wo_Oil_WTI,EW,XLP,0.09090909090909091
2024-07-01,A_wo_Oil_WTI,EW,XLRE,0.09090909090909091
2024-07-01,A_wo_Oil_WTI,EW,XLU,0.09090909090909091
2024-07-01,A_wo_Oil_WTI,EW,XLV,0.09090909090909091
2024-07-01,A_wo_Oil_WTI,EW,XLY,0.09090909090909091
2024-08-01,A_wo_Oil_WTI,MV,XLB,1.0160634080138164e-17
2024-08-01,A_wo_Oil_WTI,MV,XLC,0.0
2024-08-01,A_wo_Oil_WTI,MV,XLE,0.0
2024-08-01,A_wo_Oil_WTI,MV,XLF,2.552762697327655e-17
2024-08-01,A_wo_Oil_WTI,MV,XLI,0.0
2024-08-01,A_wo_Oil_WTI,MV,XLK,0.8887376961306617
2024-08-01,A_wo_Oil_WTI,MV,XLP,0.1112623038693384
2024-08-01,A_wo_Oil_WTI,MV,XLRE,6.947913334526202e-18
2024-08-01,A_wo_Oil_WTI,MV,XLU,0.0
2024-08-01,A_wo_Oil_WTI,MV,XLV,0.0
2024-08-01,A_wo_Oil_WTI,MV,XLY,2.2139458624921358e-17
2024-08-01,A_wo_Oil_WTI,EW,XLB,0.09090909090909091
2024-08-01,A_wo_Oil_WTI,EW,XLC,0.09090909090909091
2024-08-01,A_wo_Oil_WTI,EW,XLE,0.09090909090909091
2024-08-01,A_wo_Oil_WTI,EW,XLF,0.09090909090909091
2024-08-01,A_wo_Oil_WTI,EW,XLI,0.09090909090909091
2024-08-01,A_wo_Oil_WTI,EW,XLK,0.09090909090909091
2024-08-01,A_wo_Oil_WTI,EW,XLP,0.09090909090909091
2024-08-01,A_wo_Oil_WTI,EW,XLRE,0.09090909090909091
2024-08-01,A_wo_Oil_WTI,EW,XLU,0.09090909090909091
2024-08-01,A_wo_Oil_WTI,EW,XLV,0.09090909090909091
2024-08-01,A_wo_Oil_WTI,EW,XLY,0.09090909090909091
2024-09-03,A_wo_Oil_WTI,MV,XLB,1.3167209612344284e-16
2024-09-03,A_wo_Oil_WTI,MV,XLC,0.0
2024-09-03,A_wo_Oil_WTI,MV,XLE,2.3003951210609163e-18
2024-09-03,A_wo_Oil_WTI,MV,XLF,0.2569253477215051
2024-09-03,A_wo_Oil_WTI,MV,XLI,0.0
2024-09-03,A_wo_Oil_WTI,MV,XLK,0.7157879918825247
2024-09-03,A_wo_Oil_WTI,MV,XLP,3.236574379028514e-17
2024-09-03,A_wo_Oil_WTI,MV,XLRE,7.950427877063216e-18
2024-09-03,A_wo_Oil_WTI,MV,XLU,0.02728666039597016
2024-09-03,A_wo_Oil_WTI,MV,XLV,0.0
2024-09-03,A_wo_Oil_WTI,MV,XLY,0.0
2024-09-03,A_wo_Oil_WTI,EW,XLB,0.09090909090909091
2024-09-03,A_wo_Oil_WTI,EW,XLC,0.09090909090909091
2024-09-03,A_wo_Oil_WTI,EW,XLE,0.09090909090909091
2024-09-03,A_wo_Oil_WTI,EW,XLF,0.09090909090909091
2024-09-03,A_wo_Oil_WTI,EW,XLI,0.09090909090909091
2024-09-03,A_wo_Oil_WTI,EW,XLK,0.09090909090909091
2024-09-03,A_wo_Oil_WTI,EW,XLP,0.09090909090909091
2024-09-03,A_wo_Oil_WTI,EW,XLRE,0.09090909090909091
2024-09-03,A_wo_Oil_WTI,EW,XLU,0.09090909090909091
2024-09-03,A_wo_Oil_WTI,EW,XLV,0.09090909090909091
2024-09-03,A_wo_Oil_WTI,EW,XLY,0.09090909090909091
2024-10-01,A_wo_Oil_WTI,MV,XLB,2.316541956908204e-17
2024-10-01,A_wo_Oil_WTI,MV,XLC,0.5457379197526704
2024-10-01,A_wo_Oil_WTI,MV,XLE,6.5771168887421745e-18
2024-10-01,A_wo_Oil_WTI,MV,XLF,0.09289798258212117
2024-10-01,A_wo_Oil_WTI,MV,XLI,0.0
2024-10-01,A_wo_Oil_WTI,MV,XLK,3.505384020137362e-17
2024-10-01,A_wo_Oil_WTI,MV,XLP,6.938893903907228e-17
2024-10-01,A_wo_Oil_WTI,MV,XLRE,7.328505147211512e-17
2024-10-01,A_wo_Oil_WTI,MV,XLU,0.3613640976652081
2024-10-01,A_wo_Oil_WTI,MV,XLV,0.0
2024-10-01,A_wo_Oil_WTI,MV,XLY,7.177809235587452e-17
2024-10-01,A_wo_Oil_WTI,EW,XLB,0.09090909090909091
2024-10-01,A_wo_Oil_WTI,EW,XLC,0.09090909090909091
2024-10-01,A_wo_Oil_WTI,EW,XLE,0.09090909090909091
2024-10-01,A_wo_Oil_WTI,EW,XLF,0.09090909090909091
2024-10-01,A_wo_Oil_WTI,EW,XLI,0.09090909090909091
2024-10-01,A_wo_Oil_WTI,EW,XLK,0.09090909090909091
2024-10-01,A_wo_Oil_WTI,EW,XLP,0.09090909090909091
2024-10-01,A_wo_Oil_WTI,EW,XLRE,0.09090909090909091
2024-10-01,A_wo_Oil_WTI,EW,XLU,0.09090909090909091
2024-10-01,A_wo_Oil_WTI,EW,XLV,0.09090909090909091
2024-10-01,A_wo_Oil_WTI,EW,XLY,0.09090909090909091
2024-11-01,A_wo_Oil_WTI,MV,XLB,8.490445245998271e-18
2024-11-01,A_wo_Oil_WTI,MV,XLC,0.3178618624834416
2024-11-01,A_wo_Oil_WTI,MV,XLE,0.015316321841600113
2024-11-01,A_wo_Oil_WTI,MV,XLF,2.42861286636753e-17
2024-11-01,A_wo_Oil_WTI,MV,XLI,5.906066372808465e-18
2024-11-01,A_wo_Oil_WTI,MV,XLK,0.6668218156749582
2024-11-01,A_wo_Oil_WTI,MV,XLP,1.8709248433541702e-17
2024-11-01,A_wo_Oil_WTI,MV,XLRE,0.0
2024-11-01,A_wo_Oil_WTI,MV,XLU,0.0
2024-11-01,A_wo_Oil_WTI,MV,XLV,3.236373855367357e-18
2024-11-01,A_wo_Oil_WTI,MV,XLY,9.357078572049997e-18
2024-11-01,A_wo_Oil_WTI,EW,XLB,0.09090909090909091
2024-11-01,A_wo_Oil_WTI,EW,XLC,0.09090909090909091
2024-11-01,A_wo_Oil_WTI,EW,XLE,0.09090909090909091
2024-11-01,A_wo_Oil_WTI,EW,XLF,0.09090909090909091
2024-11-01,A_wo_Oil_WTI,EW,XLI,0.09090909090909091
2024-11-01,A_wo_Oil_WTI,EW,XLK,0.09090909090909091
2024-11-01,A_wo_Oil_WTI,EW,XLP,0.09090909090909091
2024-11-01,A_wo_Oil_WTI,EW,XLRE,0.09090909090909091
2024-11-01,A_wo_Oil_WTI,EW,XLU,0.09090909090909091
2024-11-01,A_wo_Oil_WTI,EW,XLV,0.09090909090909091
2024-11-01,A_wo_Oil_WTI,EW,XLY,0.09090909090909091
2024-12-02,A_wo_Oil_WTI,MV,XLB,2.4958415424242955e-16
2024-12-02,A_wo_Oil_WTI,MV,XLC,0.9999999999999998
2024-12-02,A_wo_Oil_WTI,MV,XLE,1.323009237370651e-16
2024-12-02,A_wo_Oil_WTI,MV,XLF,0.0
2024-12-02,A_wo_Oil_WTI,MV,XLI,0.0
2024-12-02,A_wo_Oil_WTI,MV,XLK,1.7302573467251744e-16
2024-12-02,A_wo_Oil_WTI,MV,XLP,3.0720053149892247e-17
2024-12-02,A_wo_Oil_WTI,MV,XLRE,0.0
2024-12-02,A_wo_Oil_WTI,MV,XLU,0.0
2024-12-02,A_wo_Oil_WTI,MV,XLV,0.0
2024-12-02,A_wo_Oil_WTI,MV,XLY,2.3326803108150755e-17
2024-12-02,A_wo_Oil_WTI,EW,XLB,0.09090909090909091
2024-12-02,A_wo_Oil_WTI,EW,XLC,0.09090909090909091
2024-12-02,A_wo_Oil_WTI,EW,XLE,0.09090909090909091
2024-12-02,A_wo_Oil_WTI,EW,XLF,0.09090909090909091
2024-12-02,A_wo_Oil_WTI,EW,XLI,0.09090909090909091
2024-12-02,A_wo_Oil_WTI,EW,XLK,0.09090909090909091
2024-12-02,A_wo_Oil_WTI,EW,XLP,0.09090909090909091
2024-12-02,A_wo_Oil_WTI,EW,XLRE,0.09090909090909091
2024-12-02,A_wo_Oil_WTI,EW,XLU,0.09090909090909091
2024-12-02,A_wo_Oil_WTI,EW,XLV,0.09090909090909091
2024-12-02,A_wo_Oil_WTI,EW,XLY,0.09090909090909091
2025-01-02,A_wo_Oil_WTI,MV,XLB,0.0
2025-01-02,A_wo_Oil_WTI,MV,XLC,1.0
2025-01-02,A_wo_Oil_WTI,MV,XLE,0.0
2025-01-02,A_wo_Oil_WTI,MV,XLF,1.8310035652778952e-16
2025-01-02,A_wo_Oil_WTI,MV,XLI,6.30390167892865e-17
2025-01-02,A_wo_Oil_WTI,MV,XLK,0.0
2025-01-02,A_wo_Oil_WTI,MV,XLP,5.770241886904499e-17
2025-01-02,A_wo_Oil_WTI,MV,XLRE,1.031695569020162e-16
2025-01-02,A_wo_Oil_WTI,MV,XLU,0.0
2025-01-02,A_wo_Oil_WTI,MV,XLV,1.83798731764596e-16
2025-01-02,A_wo_Oil_WTI,MV,XLY,1.1932936700984433e-16
2025-01-02,A_wo_Oil_WTI,EW,XLB,0.09090909090909091
2025-01-02,A_wo_Oil_WTI,EW,XLC,0.09090909090909091
2025-01-02,A_wo_Oil_WTI,EW,XLE,0.09090909090909091
2025-01-02,A_wo_Oil_WTI,EW,XLF,0.09090909090909091
2025-01-02,A_wo_Oil_WTI,EW,XLI,0.09090909090909091
2025-01-02,A_wo_Oil_WTI,EW,XLK,0.09090909090909091
2025-01-02,A_wo_Oil_WTI,EW,XLP,0.09090909090909091
2025-01-02,A_wo_Oil_WTI,EW,XLRE,0.09090909090909091
2025-01-02,A_wo_Oil_WTI,EW,XLU,0.09090909090909091
2025-01-02,A_wo_Oil_WTI,EW,XLV,0.09090909090909091
2025-01-02,A_wo_Oil_WTI,EW,XLY,0.09090909090909091
2025-02-03,A_wo_Oil_WTI,MV,XLB,1.3185154548013704e-16
2025-02-03,A_wo_Oil_WTI,MV,XLC,0.2978409845921144
2025-02-03,A_wo_Oil_WTI,MV,XLE,0.0
2025-02-03,A_wo_Oil_WTI,MV,XLF,0.2682249999046591
2025-02-03,A_wo_Oil_WTI,MV,XLI,1.3183898417423734e-16
2025-02-03,A_wo_Oil_WTI,MV,XLK,0.29810309301662513
2025-02-03,A_wo_Oil_WTI,MV,XLP,0.0
2025-02-03,A_wo_Oil_WTI,MV,XLRE,3.781769578820277e-18
2025-02-03,A_wo_Oil_WTI,MV,XLU,0.13583092248660106
2025-02-03,A_wo_Oil_WTI,MV,XLV,3.9485123765936523e-17
2025-02-03,A_wo_Oil_WTI,MV,XLY,2.9555176588691377e-18
2025-02-03,A_wo_Oil_WTI,EW,XLB,0.09090909090909091
2025-02-03,A_wo_Oil_WTI,EW,XLC,0.09090909090909091
2025-02-03,A_wo_Oil_WTI,EW,XLE,0.09090909090909091
2025-02-03,A_wo_Oil_WTI,EW,XLF,0.09090909090909091
2025-02-03,A_wo_Oil_WTI,EW,XLI,0.09090909090909091
2025-02-03,A_wo_Oil_WTI,EW,XLK,0.09090909090909091
2025-02-03,A_wo_Oil_WTI,EW,XLP,0.09090909090909091
2025-02-03,A_wo_Oil_WTI,EW,XLRE,0.09090909090909091
2025-02-03,A_wo_Oil_WTI,EW,XLU,0.09090909090909091
2025-02-03,A_wo_Oil_WTI,EW,XLV,0.09090909090909091
2025-02-03,A_wo_Oil_WTI,EW,XLY,0.09090909090909091
2025-03-03,A_wo_Oil_WTI,MV,XLB,5.782255091155614e-17
2025-03-03,A_wo_Oil_WTI,MV,XLC,0.4163560404624613
2025-03-03,A_wo_Oil_WTI,MV,XLE,0.0
2025-03-03,A_wo_Oil_WTI,MV,XLF,3.642919299551295e-16
2025-03-03,A_wo_Oil_WTI,MV,XLI,5.001388802145916e-17
2025-03-03,A_wo_Oil_WTI,MV,XLK,0.5836439595375381
2025-03-03,A_wo_Oil_WTI,MV,XLP,0.0
2025-03-03,A_wo_Oil_WTI,MV,XLRE,0.0
2025-03-03,A_wo_Oil_WTI,MV,XLU,7.609984975260666e-17
2025-03-03,A_wo_Oil_WTI,MV,XLV,7.539230359824343e-17
2025-03-03,A_wo_Oil_WTI,MV,XLY,6.861020506227783e-17
2025-03-03,A_wo_Oil_WTI,EW,XLB,0.09090909090909091
2025-03-03,A_wo_Oil_WTI,EW,XLC,0.09090909090909091
2025-03-03,A_wo_Oil_WTI,EW,XLE,0.09090909090909091
2025-03-03,A_wo_Oil_WTI,EW,XLF,0.09090909090909091
2025-03-03,A_wo_Oil_WTI,EW,XLI,0.09090909090909091
2025-03-03,A_wo_Oil_WTI,EW,XLK,0.09090909090909091
2025-03-03,A_wo_Oil_WTI,EW,XLP,0.09090909090909091
2025-03-03,A_wo_Oil_WTI,EW,XLRE,0.09090909090909091
2025-03-03,A_wo_Oil_WTI,EW,XLU,0.09090909090909091
2025-03-03,A_wo_Oil_WTI,EW,XLV,0.09090909090909091
2025-03-03,A_wo_Oil_WTI,EW,XLY,0.09090909090909091
2025-04-01,A_wo_Oil_WTI,MV,XLB,0.0
2025-04-01,A_wo_Oil_WTI,MV,XLC,1.0
2025-04-01,A_wo_Oil_WTI,MV,XLE,0.0
2025-04-01,A_wo_Oil_WTI,MV,XLF,0.0
2025-04-01,A_wo_Oil_WTI,MV,XLI,0.0
2025-04-01,A_wo_Oil_WTI,MV,XLK,0.0
2025-04-01,A_wo_Oil_WTI,MV,XLP,0.0
2025-04-01,A_wo_Oil_WTI,MV,XLRE,0.0
2025-04-01,A_wo_Oil_WTI,MV,XLU,0.0
2025-04-01,A_wo_Oil_WTI,MV,XLV,1.9276112797226192e-17
2025-04-01,A_wo_Oil_WTI,MV,XLY,7.214069148111825e-18
2025-04-01,A_wo_Oil_WTI,EW,XLB,0.09090909090909091
2025-04-01,A_wo_Oil_WTI,EW,XLC,0.09090909090909091
2025-04-01,A_wo_Oil_WTI,EW,XLE,0.09090909090909091
2025-04-01,A_wo_Oil_WTI,EW,XLF,0.09090909090909091
2025-04-01,A_wo_Oil_WTI,EW,XLI,0.09090909090909091
2025-04-01,A_wo_Oil_WTI,EW,XLK,0.09090909090909091
2025-04-01,A_wo_Oil_WTI,EW,XLP,0.09090909090909091
2025-04-01,A_wo_Oil_WTI,EW,XLRE,0.09090909090909091
2025-04-01,A_wo_Oil_WTI,EW,XLU,0.09090909090909091
2025-04-01,A_wo_Oil_WTI,EW,XLV,0.09090909090909091
2025-04-01,A_wo_Oil_WTI,EW,XLY,0.09090909090909091
2025-05-01,A_wo_Oil_WTI,MV,XLB,0.0
2025-05-01,A_wo_Oil_WTI,MV,XLC,0.6558794082199694
2025-05-01,A_wo_Oil_WTI,MV,XLE,2.4603258297592856e-18
2025-05-01,A_wo_Oil_WTI,MV,XLF,0.17504116169803377
2025-05-01,A_wo_Oil_WTI,MV,XLI,0.0
2025-05-01,A_wo_Oil_WTI,MV,XLK,4.2728148638127925e-18
2025-05-01,A_wo_Oil_WTI,MV,XLP,0.16907943008199733
2025-05-01,A_wo_Oil_WTI,MV,XLRE,0.0
2025-05-01,A_wo_Oil_WTI,MV,XLU,0.0
2025-05-01,A_wo_Oil_WTI,MV,XLV,0.0
2025-05-01,A_wo_Oil_WTI,MV,XLY,1.310765259699752e-17
2025-05-01,A_wo_Oil_WTI,EW,XLB,0.09090909090909091
2025-05-01,A_wo_Oil_WTI,EW,XLC,0.09090909090909091
2025-05-01,A_wo_Oil_WTI,EW,XLE,0.09090909090909091
2025-05-01,A_wo_Oil_WTI,EW,XLF,0.09090909090909091
2025-05-01,A_wo_Oil_WTI,EW,XLI,0.09090909090909091
2025-05-01,A_wo_Oil_WTI,EW,XLK,0.09090909090909091
2025-05-01,A_wo_Oil_WTI,EW,XLP,0.09090909090909091
2025-05-01,A_wo_Oil_WTI,EW,XLRE,0.09090909090909091
2025-05-01,A_wo_Oil_WTI,EW,XLU,0.09090909090909091
2025-05-01,A_wo_Oil_WTI,EW,XLV,0.09090909090909091
2025-05-01,A_wo_Oil_WTI,EW,XLY,0.09090909090909091
2025-06-02,A_wo_Oil_WTI,MV,XLB,0.0
2025-06-02,A_wo_Oil_WTI,MV,XLC,0.2858242122401962
2025-06-02,A_wo_Oil_WTI,MV,XLE,0.0
2025-06-02,A_wo_Oil_WTI,MV,XLF,0.0
2025-06-02,A_wo_Oil_WTI,MV,XLI,0.0
2025-06-02,A_wo_Oil_WTI,MV,XLK,1.1726739358370704e-17
2025-06-02,A_wo_Oil_WTI,MV,XLP,6.938893903907228e-18
2025-06-02,A_wo_Oil_WTI,MV,XLRE,0.0
2025-06-02,A_wo_Oil_WTI,MV,XLU,0.5102928819333835
2025-06-02,A_wo_Oil_WTI,MV,XLV,0.20388290582642032
2025-06-02,A_wo_Oil_WTI,MV,XLY,0.0
2025-06-02,A_wo_Oil_WTI,EW,XLB,0.09090909090909091
2025-06-02,A_wo_Oil_WTI,EW,XLC,0.09090909090909091
2025-06-02,A_wo_Oil_WTI,EW,XLE,0.09090909090909091
2025-06-02,A_wo_Oil_WTI,EW,XLF,0.09090909090909091
2025-06-02,A_wo_Oil_WTI,EW,XLI,0.09090909090909091
2025-06-02,A_wo_Oil_WTI,EW,XLK,0.09090909090909091
2025-06-02,A_wo_Oil_WTI,EW,XLP,0.09090909090909091
2025-06-02,A_wo_Oil_WTI,EW,XLRE,0.09090909090909091
2025-06-02,A_wo_Oil_WTI,EW,XLU,0.09090909090909091
2025-06-02,A_wo_Oil_WTI,EW,XLV,0.09090909090909091
2025-06-02,A_wo_Oil_WTI,EW,XLY,0.09090909090909091
2025-07-01,A_wo_Oil_WTI,MV,XLB,1.6479176555581676e-16
2025-07-01,A_wo_Oil_WTI,MV,XLC,0.6987628397333762
2025-07-01,A_wo_Oil_WTI,MV,XLE,1.683109326419735e-17
2025-07-01,A_wo_Oil_WTI,MV,XLF,5.936758864153134e-17
2025-07-01,A_wo_Oil_WTI,MV,XLI,2.9434394420424665e-17
2025-07-01,A_wo_Oil_WTI,MV,XLK,3.569204740103007e-17
2025-07-01,A_wo_Oil_WTI,MV,XLP,0.00011099501369576936
2025-07-01,A_wo_Oil_WTI,MV,XLRE,1.0889005752714604e-16
2025-07-01,A_wo_Oil_WTI,MV,XLU,7.081157381928412e-17
2025-07-01,A_wo_Oil_WTI,MV,XLV,0.3011261652529275
2025-07-01,A_wo_Oil_WTI,MV,XLY,1.1545967513261032e-16
2025-07-01,A_wo_Oil_WTI,EW,XLB,0.09090909090909091
2025-07-01,A_wo_Oil_WTI,EW,XLC,0.09090909090909091
2025-07-01,A_wo_Oil_WTI,EW,XLE,0.09090909090909091
2025-07-01,A_wo_Oil_WTI,EW,XLF,0.09090909090909091
2025-07-01,A_wo_Oil_WTI,EW,XLI,0.09090909090909091
2025-07-01,A_wo_Oil_WTI,EW,XLK,0.09090909090909091
2025-07-01,A_wo_Oil_WTI,EW,XLP,0.09090909090909091
2025-07-01,A_wo_Oil_WTI,EW,XLRE,0.09090909090909091
2025-07-01,A_wo_Oil_WTI,EW,XLU,0.09090909090909091
2025-07-01,A_wo_Oil_WTI,EW,XLV,0.09090909090909091
2025-07-01,A_wo_Oil_WTI,EW,XLY,0.09090909090909091
2025-08-01,A_wo_Oil_WTI,MV,XLB,0.0
2025-08-01,A_wo_Oil_WTI,MV,XLC,7.248698155492049e-17
2025-08-01,A_wo_Oil_WTI,MV,XLE,0.0
2025-08-01,A_wo_Oil_WTI,MV,XLF,4.467723733876971e-17
2025-08-01,A_wo_Oil_WTI,MV,XLI,1.3537288773397215e-17
2025-08-01,A_wo_Oil_WTI,MV,XLK,2.130837529743909e-17
2025-08-01,A_wo_Oil_WTI,MV,XLP,6.488341715908256e-17
2025-08-01,A_wo_Oil_WTI,MV,XLRE,1.3877787807814457e-17
2025-08-01,A_wo_Oil_WTI,MV,XLU,0.0
2025-08-01,A_wo_Oil_WTI,MV,XLV,0.9999999999999999
2025-08-01,A_wo_Oil_WTI,MV,XLY,0.0
2025-08-01,A_wo_Oil_WTI,EW,XLB,0.09090909090909091
2025-08-01,A_wo_Oil_WTI,EW,XLC,0.09090909090909091
2025-08-01,A_wo_Oil_WTI,EW,XLE,0.09090909090909091
2025-08-01,A_wo_Oil_WTI,EW,XLF,0.09090909090909091
2025-08-01,A_wo_Oil_WTI,EW,XLI,0.09090909090909091
2025-08-01,A_wo_Oil_WTI,EW,XLK,0.09090909090909091
2025-08-01,A_wo_Oil_WTI,EW,XLP,0.09090909090909091
2025-08-01,A_wo_Oil_WTI,EW,XLRE,0.09090909090909091
2025-08-01,A_wo_Oil_WTI,EW,XLU,0.09090909090909091
2025-08-01,A_wo_Oil_WTI,EW,XLV,0.09090909090909091
2025-08-01,A_wo_Oil_WTI,EW,XLY,0.09090909090909091
2025-09-02,A_wo_Oil_WTI,MV,XLB,0.0
2025-09-02,A_wo_Oil_WTI,MV,XLC,0.40727038338619653
2025-09-02,A_wo_Oil_WTI,MV,XLE,0.0
2025-09-02,A_wo_Oil_WTI,MV,XLF,0.0
2025-09-02,A_wo_Oil_WTI,MV,XLI,4.583290591325819e-17
2025-09-02,A_wo_Oil_WTI,MV,XLK,1.1625603728800294e-17
2025-09-02,A_wo_Oil_WTI,MV,XLP,0.5927296166138035
2025-09-02,A_wo_Oil_WTI,MV,XLRE,1.1587397135881681e-17
2025-09-02,A_wo_Oil_WTI,MV,XLU,6.938893903907228e-18
2025-09-02,A_wo_Oil_WTI,MV,XLV,0.0
2025-09-02,A_wo_Oil_WTI,MV,XLY,2.4835385120581043e-17
2025-09-02,A_wo_Oil_WTI,EW,XLB,0.09090909090909091
2025-09-02,A_wo_Oil_WTI,EW,XLC,0.09090909090909091
2025-09-02,A_wo_Oil_WTI,EW,XLE,0.09090909090909091
2025-09-02,A_wo_Oil_WTI,EW,XLF,0.09090909090909091
2025-09-02,A_wo_Oil_WTI,EW,XLI,0.09090909090909091
2025-09-02,A_wo_Oil_WTI,EW,XLK,0.09090909090909091
2025-09-02,A_wo_Oil_WTI,EW,XLP,0.09090909090909091
2025-09-02,A_wo_Oil_WTI,EW,XLRE,0.09090909090909091
2025-09-02,A_wo_Oil_WTI,EW,XLU,0.09090909090909091
2025-09-02,A_wo_Oil_WTI,EW,XLV,0.09090909090909091
2025-09-02,A_wo_Oil_WTI,EW,XLY,0.09090909090909091
2025-10-01,A_wo_Oil_WTI,MV,XLB,0.0
2025-10-01,A_wo_Oil_WTI,MV,XLC,0.6139329615455642
2025-10-01,A_wo_Oil_WTI,MV,XLE,1.2014029273737311e-16
2025-10-01,A_wo_Oil_WTI,MV,XLF,5.5038621652094586e-17
2025-10-01,A_wo_Oil_WTI,MV,XLI,0.0
2025-10-01,A_wo_Oil_WTI,MV,XLK,0.0
2025-10-01,A_wo_Oil_WTI,MV,XLP,0.0
2025-10-01,A_wo_Oil_WTI,MV,XLRE,0.0
2025-10-01,A_wo_Oil_WTI,MV,XLU,0.3860670384544362
2025-10-01,A_wo_Oil_WTI,MV,XLV,0.0
2025-10-01,A_wo_Oil_WTI,MV,XLY,3.082477084815752e-17
2025-10-01,A_wo_Oil_WTI,EW,XLB,0.09090909090909091
2025-10-01,A_wo_Oil_WTI,EW,XLC,0.09090909090909091
2025-10-01,A_wo_Oil_WTI,EW,XLE,0.09090909090909091
2025-10-01,A_wo_Oil_WTI,EW,XLF,0.09090909090909091
2025-10-01,A_wo_Oil_WTI,EW,XLI,0.09090909090909091
2025-10-01,A_wo_Oil_WTI,EW,XLK,0.09090909090909091
2025-10-01,A_wo_Oil_WTI,EW,XLP,0.09090909090909091
2025-10-01,A_wo_Oil_WTI,EW,XLRE,0.09090909090909091
2025-10-01,A_wo_Oil_WTI,EW,XLU,0.09090909090909091
2025-10-01,A_wo_Oil_WTI,EW,XLV,0.09090909090909091
2025-10-01,A_wo_Oil_WTI,EW,XLY,0.09090909090909091
2025-11-03,A_wo_Oil_WTI,MV,XLB,0.0
2025-11-03,A_wo_Oil_WTI,MV,XLC,0.25232055267257075
2025-11-03,A_wo_Oil_WTI,MV,XLE,0.0
2025-11-03,A_wo_Oil_WTI,MV,XLF,0.0
2025-11-03,A_wo_Oil_WTI,MV,XLI,0.0
2025-11-03,A_wo_Oil_WTI,MV,XLK,0.061977654113025034
2025-11-03,A_wo_Oil_WTI,MV,XLP,0.4671709433959081
2025-11-03,A_wo_Oil_WTI,MV,XLRE,0.21853084981849638
2025-11-03,A_wo_Oil_WTI,MV,XLU,0.0
2025-11-03,A_wo_Oil_WTI,MV,XLV,0.0
2025-11-03,A_wo_Oil_WTI,MV,XLY,0.0
2025-11-03,A_wo_Oil_WTI,EW,XLB,0.09090909090909091
2025-11-03,A_wo_Oil_WTI,EW,XLC,0.09090909090909091
2025-11-03,A_wo_Oil_WTI,EW,XLE,0.09090909090909091
2025-11-03,A_wo_Oil_WTI,EW,XLF,0.09090909090909091
2025-11-03,A_wo_Oil_WTI,EW,XLI,0.09090909090909091
2025-11-03,A_wo_Oil_WTI,EW,XLK,0.09090909090909091
2025-11-03,A_wo_Oil_WTI,EW,XLP,0.09090909090909091
2025-11-03,A_wo_Oil_WTI,EW,XLRE,0.09090909090909091
2025-11-03,A_wo_Oil_WTI,EW,XLU,0.09090909090909091
2025-11-03,A_wo_Oil_WTI,EW,XLV,0.09090909090909091
2025-11-03,A_wo_Oil_WTI,EW,XLY,0.09090909090909091
2025-12-01,A_wo_Oil_WTI,MV,XLB,3.5788701027703685e-17
2025-12-01,A_wo_Oil_WTI,MV,XLC,0.20358898003649845
2025-12-01,A_wo_Oil_WTI,MV,XLE,4.490616745492696e-17
2025-12-01,A_wo_Oil_WTI,MV,XLF,2.2887089437971593e-17
2025-12-01,A_wo_Oil_WTI,MV,XLI,0.0
2025-12-01,A_wo_Oil_WTI,MV,XLK,4.254179854158181e-17
2025-12-01,A_wo_Oil_WTI,MV,XLP,4.830443085239087e-17
2025-12-01,A_wo_Oil_WTI,MV,XLRE,2.677028823930939e-17
2025-12-01,A_wo_Oil_WTI,MV,XLU,0.7964110199635013
2025-12-01,A_wo_Oil_WTI,MV,XLV,1.3299866320650182e-16
2025-12-01,A_wo_Oil_WTI,MV,XLY,0.0
2025-12-01,A_wo_Oil_WTI,EW,XLB,0.09090909090909091
2025-12-01,A_wo_Oil_WTI,EW,XLC,0.09090909090909091
2025-12-01,A_wo_Oil_WTI,EW,XLE,0.09090909090909091
2025-12-01,A_wo_Oil_WTI,EW,XLF,0.09090909090909091
2025-12-01,A_wo_Oil_WTI,EW,XLI,0.09090909090909091
2025-12-01,A_wo_Oil_WTI,EW,XLK,0.09090909090909091
2025-12-01,A_wo_Oil_WTI,EW,XLP,0.09090909090909091
2025-12-01,A_wo_Oil_WTI,EW,XLRE,0.09090909090909091
2025-12-01,A_wo_Oil_WTI,EW,XLU,0.09090909090909091
2025-12-01,A_wo_Oil_WTI,EW,XLV,0.09090909090909091
2025-12-01,A_wo_Oil_WTI,EW,XLY,0.09090909090909091
2026-01-02,A_wo_Oil_WTI,MV,XLB,9.75781955236954e-18
2026-01-02,A_wo_Oil_WTI,MV,XLC,0.0
2026-01-02,A_wo_Oil_WTI,MV,XLE,0.0
2026-01-02,A_wo_Oil_WTI,MV,XLF,6.288372600415926e-18
2026-01-02,A_wo_Oil_WTI,MV,XLI,1.485356976305141e-17
2026-01-02,A_wo_Oil_WTI,MV,XLK,2.4936649967166602e-18
2026-01-02,A_wo_Oil_WTI,MV,XLP,7.979727989493313e-17
2026-01-02,A_wo_Oil_WTI,MV,XLRE,4.391018798566293e-18
2026-01-02,A_wo_Oil_WTI,MV,XLU,0.9923663974576912
2026-01-02,A_wo_Oil_WTI,MV,XLV,0.0
2026-01-02,A_wo_Oil_WTI,MV,XLY,0.007633602542308729
2026-01-02,A_wo_Oil_WTI,EW,XLB,0.09090909090909091
2026-01-02,A_wo_Oil_WTI,EW,XLC,0.09090909090909091
2026-01-02,A_wo_Oil_WTI,EW,XLE,0.09090909090909091
2026-01-02,A_wo_Oil_WTI,EW,XLF,0.09090909090909091
2026-01-02,A_wo_Oil_WTI,EW,XLI,0.09090909090909091
2026-01-02,A_wo_Oil_WTI,EW,XLK,0.09090909090909091
2026-01-02,A_wo_Oil_WTI,EW,XLP,0.09090909090909091
2026-01-02,A_wo_Oil_WTI,EW,XLRE,0.09090909090909091
2026-01-02,A_wo_Oil_WTI,EW,XLU,0.09090909090909091
2026-01-02,A_wo_Oil_WTI,EW,XLV,0.09090909090909091
2026-01-02,A_wo_Oil_WTI,EW,XLY,0.09090909090909091
2026-02-02,A_wo_Oil_WTI,MV,XLB,9.262404220644614e-17
2026-02-02,A_wo_Oil_WTI,MV,XLC,6.825690129792747e-17
2026-02-02,A_wo_Oil_WTI,MV,XLE,0.0
2026-02-02,A_wo_Oil_WTI,MV,XLF,0.0
2026-02-02,A_wo_Oil_WTI,MV,XLI,0.231567375232837
2026-02-02,A_wo_Oil_WTI,MV,XLK,6.64063286426297e-17
2026-02-02,A_wo_Oil_WTI,MV,XLP,2.4521131316273023e-17
2026-02-02,A_wo_Oil_WTI,MV,XLRE,3.137251596677433e-17
2026-02-02,A_wo_Oil_WTI,MV,XLU,0.0
2026-02-02,A_wo_Oil_WTI,MV,XLV,0.7684326247671629
2026-02-02,A_wo_Oil_WTI,MV,XLY,6.364067437148893e-17
2026-02-02,A_wo_Oil_WTI,EW,XLB,0.09090909090909091
2026-02-02,A_wo_Oil_WTI,EW,XLC,0.09090909090909091
2026-02-02,A_wo_Oil_WTI,EW,XLE,0.09090909090909091
2026-02-02,A_wo_Oil_WTI,EW,XLF,0.09090909090909091
2026-02-02,A_wo_Oil_WTI,EW,XLI,0.09090909090909091
2026-02-02,A_wo_Oil_WTI,EW,XLK,0.09090909090909091
2026-02-02,A_wo_Oil_WTI,EW,XLP,0.09090909090909091
2026-02-02,A_wo_Oil_WTI,EW,XLRE,0.09090909090909091
2026-02-02,A_wo_Oil_WTI,EW,XLU,0.09090909090909091
2026-02-02,A_wo_Oil_WTI,EW,XLV,0.09090909090909091
2026-02-02,A_wo_Oil_WTI,EW,XLY,0.09090909090909091
2026-03-02,A_wo_Oil_WTI,MV,XLB,0.0
2026-03-02,A_wo_Oil_WTI,MV,XLC,4.215599669781997e-17
2026-03-02,A_wo_Oil_WTI,MV,XLE,0.0
2026-03-02,A_wo_Oil_WTI,MV,XLF,0.0
2026-03-02,A_wo_Oil_WTI,MV,XLI,0.7908385854595859
2026-03-02,A_wo_Oil_WTI,MV,XLK,0.09170814511915527
2026-03-02,A_wo_Oil_WTI,MV,XLP,2.7437562329814886e-17
2026-03-02,A_wo_Oil_WTI,MV,XLRE,0.0
2026-03-02,A_wo_Oil_WTI,MV,XLU,0.11745326942125922
2026-03-02,A_wo_Oil_WTI,MV,XLV,1.1299109083675369e-17
2026-03-02,A_wo_Oil_WTI,MV,XLY,0.0
2026-03-02,A_wo_Oil_WTI,EW,XLB,0.09090909090909091
2026-03-02,A_wo_Oil_WTI,EW,XLC,0.09090909090909091
2026-03-02,A_wo_Oil_WTI,EW,XLE,0.09090909090909091
2026-03-02,A_wo_Oil_WTI,EW,XLF,0.09090909090909091
2026-03-02,A_wo_Oil_WTI,EW,XLI,0.09090909090909091
2026-03-02,A_wo_Oil_WTI,EW,XLK,0.09090909090909091
2026-03-02,A_wo_Oil_WTI,EW,XLP,0.09090909090909091
2026-03-02,A_wo_Oil_WTI,EW,XLRE,0.09090909090909091
2026-03-02,A_wo_Oil_WTI,EW,XLU,0.09090909090909091
2026-03-02,A_wo_Oil_WTI,EW,XLV,0.09090909090909091
2026-03-02,A_wo_Oil_WTI,EW,XLY,0.09090909090909091
2026-04-01,A_wo_Oil_WTI,MV,XLB,0.0
2026-04-01,A_wo_Oil_WTI,MV,XLC,0.8615998183270014
2026-04-01,A_wo_Oil_WTI,MV,XLE,0.11444241328570952
2026-04-01,A_wo_Oil_WTI,MV,XLF,0.0
2026-04-01,A_wo_Oil_WTI,MV,XLI,0.0
2026-04-01,A_wo_Oil_WTI,MV,XLK,0.0
2026-04-01,A_wo_Oil_WTI,MV,XLP,0.023957768387289198
2026-04-01,A_wo_Oil_WTI,MV,XLRE,1.4887749750760992e-17
2026-04-01,A_wo_Oil_WTI,MV,XLU,1.457167719820518e-16
2026-04-01,A_wo_Oil_WTI,MV,XLV,2.4144892670518435e-17
2026-04-01,A_wo_Oil_WTI,MV,XLY,0.0
2026-04-01,A_wo_Oil_WTI,EW,XLB,0.09090909090909091
2026-04-01,A_wo_Oil_WTI,EW,XLC,0.09090909090909091
2026-04-01,A_wo_Oil_WTI,EW,XLE,0.09090909090909091
2026-04-01,A_wo_Oil_WTI,EW,XLF,0.09090909090909091
2026-04-01,A_wo_Oil_WTI,EW,XLI,0.09090909090909091
2026-04-01,A_wo_Oil_WTI,EW,XLK,0.09090909090909091
2026-04-01,A_wo_Oil_WTI,EW,XLP,0.09090909090909091
2026-04-01,A_wo_Oil_WTI,EW,XLRE,0.09090909090909091
2026-04-01,A_wo_Oil_WTI,EW,XLU,0.09090909090909091
2026-04-01,A_wo_Oil_WTI,EW,XLV,0.09090909090909091
2026-04-01,A_wo_Oil_WTI,EW,XLY,0.09090909090909091
2026-05-01,A_wo_Oil_WTI,MV,XLB,0.0
2026-05-01,A_wo_Oil_WTI,MV,XLC,4.713006472685184e-17
2026-05-01,A_wo_Oil_WTI,MV,XLE,0.1871313189580158
2026-05-01,A_wo_Oil_WTI,MV,XLF,0.0
2026-05-01,A_wo_Oil_WTI,MV,XLI,0.0
2026-05-01,A_wo_Oil_WTI,MV,XLK,0.05231804231342995
2026-05-01,A_wo_Oil_WTI,MV,XLP,0.0
2026-05-01,A_wo_Oil_WTI,MV,XLRE,1.992035757586266e-17
2026-05-01,A_wo_Oil_WTI,MV,XLU,0.33857492732306627
2026-05-01,A_wo_Oil_WTI,MV,XLV,0.42197571140548784
2026-05-01,A_wo_Oil_WTI,MV,XLY,1.9972581635818178e-16
2026-05-01,A_wo_Oil_WTI,EW,XLB,0.09090909090909091
2026-05-01,A_wo_Oil_WTI,EW,XLC,0.09090909090909091
2026-05-01,A_wo_Oil_WTI,EW,XLE,0.09090909090909091
2026-05-01,A_wo_Oil_WTI,EW,XLF,0.09090909090909091
2026-05-01,A_wo_Oil_WTI,EW,XLI,0.09090909090909091
2026-05-01,A_wo_Oil_WTI,EW,XLK,0.09090909090909091
2026-05-01,A_wo_Oil_WTI,EW,XLP,0.09090909090909091
2026-05-01,A_wo_Oil_WTI,EW,XLRE,0.09090909090909091
2026-05-01,A_wo_Oil_WTI,EW,XLU,0.09090909090909091
2026-05-01,A_wo_Oil_WTI,EW,XLV,0.09090909090909091
2026-05-01,A_wo_Oil_WTI,EW,XLY,0.09090909090909091
2026-06-01,A_wo_Oil_WTI,MV,XLB,4.406861566069277e-17
2026-06-01,A_wo_Oil_WTI,MV,XLC,1.1102230246251565e-16
2026-06-01,A_wo_Oil_WTI,MV,XLE,1.3462285816403622e-16
2026-06-01,A_wo_Oil_WTI,MV,XLF,6.815887158917473e-17
2026-06-01,A_wo_Oil_WTI,MV,XLI,5.386730588428467e-17
2026-06-01,A_wo_Oil_WTI,MV,XLK,0.9999999999999998
2026-06-01,A_wo_Oil_WTI,MV,XLP,0.0
2026-06-01,A_wo_Oil_WTI,MV,XLRE,7.470086378451464e-18
2026-06-01,A_wo_Oil_WTI,MV,XLU,5.4643789493269423e-17
2026-06-01,A_wo_Oil_WTI,MV,XLV,1.8186620215114725e-17
2026-06-01,A_wo_Oil_WTI,MV,XLY,0.0
2026-06-01,A_wo_Oil_WTI,EW,XLB,0.09090909090909091
2026-06-01,A_wo_Oil_WTI,EW,XLC,0.09090909090909091
2026-06-01,A_wo_Oil_WTI,EW,XLE,0.09090909090909091
2026-06-01,A_wo_Oil_WTI,EW,XLF,0.09090909090909091
2026-06-01,A_wo_Oil_WTI,EW,XLI,0.09090909090909091
2026-06-01,A_wo_Oil_WTI,EW,XLK,0.09090909090909091
2026-06-01,A_wo_Oil_WTI,EW,XLP,0.09090909090909091
2026-06-01,A_wo_Oil_WTI,EW,XLRE,0.09090909090909091
2026-06-01,A_wo_Oil_WTI,EW,XLU,0.09090909090909091
2026-06-01,A_wo_Oil_WTI,EW,XLV,0.09090909090909091
2026-06-01,A_wo_Oil_WTI,EW,XLY,0.09090909090909091
2026-07-01,A_wo_Oil_WTI,MV,XLB,1.0722208141545672e-17
2026-07-01,A_wo_Oil_WTI,MV,XLC,0.7524398092013453
2026-07-01,A_wo_Oil_WTI,MV,XLE,8.784519875271776e-17
2026-07-01,A_wo_Oil_WTI,MV,XLF,0.03261830107051783
2026-07-01,A_wo_Oil_WTI,MV,XLI,2.4527055063997008e-18
2026-07-01,A_wo_Oil_WTI,MV,XLK,0.0
2026-07-01,A_wo_Oil_WTI,MV,XLP,0.005219238788744877
2026-07-01,A_wo_Oil_WTI,MV,XLRE,0.20972265093939202
2026-07-01,A_wo_Oil_WTI,MV,XLU,0.0
2026-07-01,A_wo_Oil_WTI,MV,XLV,8.101211582010924e-18
2026-07-01,A_wo_Oil_WTI,MV,XLY,1.3313855390253298e-16
2026-07-01,A_wo_Oil_WTI,EW,XLB,0.09090909090909091
2026-07-01,A_wo_Oil_WTI,EW,XLC,0.09090909090909091
2026-07-01,A_wo_Oil_WTI,EW,XLE,0.09090909090909091
2026-07-01,A_wo_Oil_WTI,EW,XLF,0.09090909090909091
2026-07-01,A_wo_Oil_WTI,EW,XLI,0.09090909090909091
2026-07-01,A_wo_Oil_WTI,EW,XLK,0.09090909090909091
2026-07-01,A_wo_Oil_WTI,EW,XLP,0.09090909090909091
2026-07-01,A_wo_Oil_WTI,EW,XLRE,0.09090909090909091
2026-07-01,A_wo_Oil_WTI,EW,XLU,0.09090909090909091
2026-07-01,A_wo_Oil_WTI,EW,XLV,0.09090909090909091
2026-07-01,A_wo_Oil_WTI,EW,XLY,0.09090909090909091
2023-01-03,A_wo_USD_index,MV,XLB,1.484655943158585e-17
2023-01-03,A_wo_USD_index,MV,XLC,0.0
2023-01-03,A_wo_USD_index,MV,XLE,0.20224053060139355
2023-01-03,A_wo_USD_index,MV,XLF,2.1460706636312732e-17
2023-01-03,A_wo_USD_index,MV,XLI,0.0
2023-01-03,A_wo_USD_index,MV,XLK,4.872523302020651e-17
2023-01-03,A_wo_USD_index,MV,XLP,0.07786652822337756
2023-01-03,A_wo_USD_index,MV,XLRE,0.32570828707941873
2023-01-03,A_wo_USD_index,MV,XLU,0.12962512191350076
2023-01-03,A_wo_USD_index,MV,XLV,0.26455953218230954
2023-01-03,A_wo_USD_index,MV,XLY,4.966297490268916e-17
2023-01-03,A_wo_USD_index,EW,XLB,0.09090909090909091
2023-01-03,A_wo_USD_index,EW,XLC,0.09090909090909091
2023-01-03,A_wo_USD_index,EW,XLE,0.09090909090909091
2023-01-03,A_wo_USD_index,EW,XLF,0.09090909090909091
2023-01-03,A_wo_USD_index,EW,XLI,0.09090909090909091
2023-01-03,A_wo_USD_index,EW,XLK,0.09090909090909091
2023-01-03,A_wo_USD_index,EW,XLP,0.09090909090909091
2023-01-03,A_wo_USD_index,EW,XLRE,0.09090909090909091
2023-01-03,A_wo_USD_index,EW,XLU,0.09090909090909091
2023-01-03,A_wo_USD_index,EW,XLV,0.09090909090909091
2023-01-03,A_wo_USD_index,EW,XLY,0.09090909090909091
2023-02-01,A_wo_USD_index,MV,XLB,2.190088388420719e-17
2023-02-01,A_wo_USD_index,MV,XLC,1.734723475976807e-18
2023-02-01,A_wo_USD_index,MV,XLE,1.474514954580286e-17
2023-02-01,A_wo_USD_index,MV,XLF,0.0
2023-02-01,A_wo_USD_index,MV,XLI,0.0
2023-02-01,A_wo_USD_index,MV,XLK,1.9949319973733282e-17
2023-02-01,A_wo_USD_index,MV,XLP,0.26992825510599944
2023-02-01,A_wo_USD_index,MV,XLRE,0.15570314731725932
2023-02-01,A_wo_USD_index,MV,XLU,0.32050123341752546
2023-02-01,A_wo_USD_index,MV,XLV,0.1144598640645983
2023-02-01,A_wo_USD_index,MV,XLY,0.13940750009461736
2023-02-01,A_wo_USD_index,EW,XLB,0.09090909090909091
2023-02-01,A_wo_USD_index,EW,XLC,0.09090909090909091
2023-02-01,A_wo_USD_index,EW,XLE,0.09090909090909091
2023-02-01,A_wo_USD_index,EW,XLF,0.09090909090909091
2023-02-01,A_wo_USD_index,EW,XLI,0.09090909090909091
2023-02-01,A_wo_USD_index,EW,XLK,0.09090909090909091
2023-02-01,A_wo_USD_index,EW,XLP,0.09090909090909091
2023-02-01,A_wo_USD_index,EW,XLRE,0.09090909090909091
2023-02-01,A_wo_USD_index,EW,XLU,0.09090909090909091
2023-02-01,A_wo_USD_index,EW,XLV,0.09090909090909091
2023-02-01,A_wo_USD_index,EW,XLY,0.09090909090909091
2023-03-01,A_wo_USD_index,MV,XLB,0.0
2023-03-01,A_wo_USD_index,MV,XLC,0.140015872773859
2023-03-01,A_wo_USD_index,MV,XLE,0.40315810269556346
2023-03-01,A_wo_USD_index,MV,XLF,0.2903688851493271
2023-03-01,A_wo_USD_index,MV,XLI,1.2753795461816432e-18
2023-03-01,A_wo_USD_index,MV,XLK,5.0173697076568306e-17
2023-03-01,A_wo_USD_index,MV,XLP,2.50275907759416e-19
2023-03-01,A_wo_USD_index,MV,XLRE,0.1664571393812506
2023-03-01,A_wo_USD_index,MV,XLU,0.0
2023-03-01,A_wo_USD_index,MV,XLV,0.0
2023-03-01,A_wo_USD_index,MV,XLY,2.3641735328269874e-17
2023-03-01,A_wo_USD_index,EW,XLB,0.09090909090909091
2023-03-01,A_wo_USD_index,EW,XLC,0.09090909090909091
2023-03-01,A_wo_USD_index,EW,XLE,0.09090909090909091
2023-03-01,A_wo_USD_index,EW,XLF,0.09090909090909091
2023-03-01,A_wo_USD_index,EW,XLI,0.09090909090909091
2023-03-01,A_wo_USD_index,EW,XLK,0.09090909090909091
2023-03-01,A_wo_USD_index,EW,XLP,0.09090909090909091
2023-03-01,A_wo_USD_index,EW,XLRE,0.09090909090909091
2023-03-01,A_wo_USD_index,EW,XLU,0.09090909090909091
2023-03-01,A_wo_USD_index,EW,XLV,0.09090909090909091
2023-03-01,A_wo_USD_index,EW,XLY,0.09090909090909091
2023-04-03,A_wo_USD_index,MV,XLB,0.0
2023-04-03,A_wo_USD_index,MV,XLC,0.34925080512074347
2023-04-03,A_wo_USD_index,MV,XLE,6.71748000297936e-17
2023-04-03,A_wo_USD_index,MV,XLF,0.0
2023-04-03,A_wo_USD_index,MV,XLI,4.687837891693577e-18
2023-04-03,A_wo_USD_index,MV,XLK,0.0
2023-04-03,A_wo_USD_index,MV,XLP,0.0
2023-04-03,A_wo_USD_index,MV,XLRE,0.35736563088825096
2023-04-03,A_wo_USD_index,MV,XLU,0.06249757304357646
2023-04-03,A_wo_USD_index,MV,XLV,0.2308859909474291
2023-04-03,A_wo_USD_index,MV,XLY,8.352161381955403e-17
2023-04-03,A_wo_USD_index,EW,XLB,0.09090909090909091
2023-04-03,A_wo_USD_index,EW,XLC,0.09090909090909091
2023-04-03,A_wo_USD_index,EW,XLE,0.09090909090909091
2023-04-03,A_wo_USD_index,EW,XLF,0.09090909090909091
2023-04-03,A_wo_USD_index,EW,XLI,0.09090909090909091
2023-04-03,A_wo_USD_index,EW,XLK,0.09090909090909091
2023-04-03,A_wo_USD_index,EW,XLP,0.09090909090909091
2023-04-03,A_wo_USD_index,EW,XLRE,0.09090909090909091
2023-04-03,A_wo_USD_index,EW,XLU,0.09090909090909091
2023-04-03,A_wo_USD_index,EW,XLV,0.09090909090909091
2023-04-03,A_wo_USD_index,EW,XLY,0.09090909090909091
2023-05-01,A_wo_USD_index,MV,XLB,0.0
2023-05-01,A_wo_USD_index,MV,XLC,0.03797794467231867
2023-05-01,A_wo_USD_index,MV,XLE,1.2522535092207576e-17
2023-05-01,A_wo_USD_index,MV,XLF,0.0
2023-05-01,A_wo_USD_index,MV,XLI,7.540626109636683e-17
2023-05-01,A_wo_USD_index,MV,XLK,0.0
2023-05-01,A_wo_USD_index,MV,XLP,0.4789250133932611
2023-05-01,A_wo_USD_index,MV,XLRE,3.8502729650391476e-17
2023-05-01,A_wo_USD_index,MV,XLU,0.0
2023-05-01,A_wo_USD_index,MV,XLV,0.39126747334016626
2023-05-01,A_wo_USD_index,MV,XLY,0.0918295685942541
2023-05-01,A_wo_USD_index,EW,XLB,0.09090909090909091
2023-05-01,A_wo_USD_index,EW,XLC,0.09090909090909091
2023-05-01,A_wo_USD_index,EW,XLE,0.09090909090909091
2023-05-01,A_wo_USD_index,EW,XLF,0.09090909090909091
2023-05-01,A_wo_USD_index,EW,XLI,0.09090909090909091
2023-05-01,A_wo_USD_index,EW,XLK,0.09090909090909091
2023-05-01,A_wo_USD_index,EW,XLP,0.09090909090909091
2023-05-01,A_wo_USD_index,EW,XLRE,0.09090909090909091
2023-05-01,A_wo_USD_index,EW,XLU,0.09090909090909091
2023-05-01,A_wo_USD_index,EW,XLV,0.09090909090909091
2023-05-01,A_wo_USD_index,EW,XLY,0.09090909090909091
2023-06-01,A_wo_USD_index,MV,XLB,0.9942607398362022
2023-06-01,A_wo_USD_index,MV,XLC,0.0
2023-06-01,A_wo_USD_index,MV,XLE,0.0
2023-06-01,A_wo_USD_index,MV,XLF,0.005739260163798304
2023-06-01,A_wo_USD_index,MV,XLI,0.0
2023-06-01,A_wo_USD_index,MV,XLK,1.4403300168159164e-16
2023-06-01,A_wo_USD_index,MV,XLP,0.0
2023-06-01,A_wo_USD_index,MV,XLRE,0.0
2023-06-01,A_wo_USD_index,MV,XLU,6.290384805562154e-17
2023-06-01,A_wo_USD_index,MV,XLV,3.0797872412896115e-17
2023-06-01,A_wo_USD_index,MV,XLY,1.0582948436960744e-16
2023-06-01,A_wo_USD_index,EW,XLB,0.09090909090909091
2023-06-01,A_wo_USD_index,EW,XLC,0.09090909090909091
2023-06-01,A_wo_USD_index,EW,XLE,0.09090909090909091
2023-06-01,A_wo_USD_index,EW,XLF,0.09090909090909091
2023-06-01,A_wo_USD_index,EW,XLI,0.09090909090909091
2023-06-01,A_wo_USD_index,EW,XLK,0.09090909090909091
2023-06-01,A_wo_USD_index,EW,XLP,0.09090909090909091
2023-06-01,A_wo_USD_index,EW,XLRE,0.09090909090909091
2023-06-01,A_wo_USD_index,EW,XLU,0.09090909090909091
2023-06-01,A_wo_USD_index,EW,XLV,0.09090909090909091
2023-06-01,A_wo_USD_index,EW,XLY,0.09090909090909091
2023-07-03,A_wo_USD_index,MV,XLB,1.2221614567802406e-17
2023-07-03,A_wo_USD_index,MV,XLC,0.6183359636025505
2023-07-03,A_wo_USD_index,MV,XLE,5.259554096086549e-17
2023-07-03,A_wo_USD_index,MV,XLF,0.0
2023-07-03,A_wo_USD_index,MV,XLI,8.96311520347235e-17
2023-07-03,A_wo_USD_index,MV,XLK,0.0
2023-07-03,A_wo_USD_index,MV,XLP,0.381664036397449
2023-07-03,A_wo_USD_index,MV,XLRE,3.451196010449183e-17
2023-07-03,A_wo_USD_index,MV,XLU,2.000854170378579e-17
2023-07-03,A_wo_USD_index,MV,XLV,1.6653345369377348e-16
2023-07-03,A_wo_USD_index,MV,XLY,1.264346878865944e-16
2023-07-03,A_wo_USD_index,EW,XLB,0.09090909090909091
2023-07-03,A_wo_USD_index,EW,XLC,0.09090909090909091
2023-07-03,A_wo_USD_index,EW,XLE,0.09090909090909091
2023-07-03,A_wo_USD_index,EW,XLF,0.09090909090909091
2023-07-03,A_wo_USD_index,EW,XLI,0.09090909090909091
2023-07-03,A_wo_USD_index,EW,XLK,0.09090909090909091
2023-07-03,A_wo_USD_index,EW,XLP,0.09090909090909091
2023-07-03,A_wo_USD_index,EW,XLRE,0.09090909090909091
2023-07-03,A_wo_USD_index,EW,XLU,0.09090909090909091
2023-07-03,A_wo_USD_index,EW,XLV,0.09090909090909091
2023-07-03,A_wo_USD_index,EW,XLY,0.09090909090909091
2023-08-01,A_wo_USD_index,MV,XLB,4.420981999203627e-17
2023-08-01,A_wo_USD_index,MV,XLC,0.4644850669514664
2023-08-01,A_wo_USD_index,MV,XLE,0.045065073250289474
2023-08-01,A_wo_USD_index,MV,XLF,0.0
2023-08-01,A_wo_USD_index,MV,XLI,2.7217850036011156e-17
2023-08-01,A_wo_USD_index,MV,XLK,0.0
2023-08-01,A_wo_USD_index,MV,XLP,0.055763023688020726
2023-08-01,A_wo_USD_index,MV,XLRE,0.2547226062365328
2023-08-01,A_wo_USD_index,MV,XLU,0.10591149015340023
2023-08-01,A_wo_USD_index,MV,XLV,0.07405273972029043
2023-08-01,A_wo_USD_index,MV,XLY,0.0
2023-08-01,A_wo_USD_index,EW,XLB,0.09090909090909091
2023-08-01,A_wo_USD_index,EW,XLC,0.09090909090909091
2023-08-01,A_wo_USD_index,EW,XLE,0.09090909090909091
2023-08-01,A_wo_USD_index,EW,XLF,0.09090909090909091
2023-08-01,A_wo_USD_index,EW,XLI,0.09090909090909091
2023-08-01,A_wo_USD_index,EW,XLK,0.09090909090909091
2023-08-01,A_wo_USD_index,EW,XLP,0.09090909090909091
2023-08-01,A_wo_USD_index,EW,XLRE,0.09090909090909091
2023-08-01,A_wo_USD_index,EW,XLU,0.09090909090909091
2023-08-01,A_wo_USD_index,EW,XLV,0.09090909090909091
2023-08-01,A_wo_USD_index,EW,XLY,0.09090909090909091
2023-09-01,A_wo_USD_index,MV,XLB,0.0
2023-09-01,A_wo_USD_index,MV,XLC,0.1700340046598911
2023-09-01,A_wo_USD_index,MV,XLE,1.3489426615291068e-17
2023-09-01,A_wo_USD_index,MV,XLF,0.0
2023-09-01,A_wo_USD_index,MV,XLI,0.0
2023-09-01,A_wo_USD_index,MV,XLK,2.1235547607881698e-17
2023-09-01,A_wo_USD_index,MV,XLP,0.8299659953401088
2023-09-01,A_wo_USD_index,MV,XLRE,4.737705084334727e-17
2023-09-01,A_wo_USD_index,MV,XLU,1.0822224916546561e-16
2023-09-01,A_wo_USD_index,MV,XLV,0.0
2023-09-01,A_wo_USD_index,MV,XLY,9.424979025225131e-17
2023-09-01,A_wo_USD_index,EW,XLB,0.09090909090909091
2023-09-01,A_wo_USD_index,EW,XLC,0.09090909090909091
2023-09-01,A_wo_USD_index,EW,XLE,0.09090909090909091
2023-09-01,A_wo_USD_index,EW,XLF,0.09090909090909091
2023-09-01,A_wo_USD_index,EW,XLI,0.09090909090909091
2023-09-01,A_wo_USD_index,EW,XLK,0.09090909090909091
2023-09-01,A_wo_USD_index,EW,XLP,0.09090909090909091
2023-09-01,A_wo_USD_index,EW,XLRE,0.09090909090909091
2023-09-01,A_wo_USD_index,EW,XLU,0.09090909090909091
2023-09-01,A_wo_USD_index,EW,XLV,0.09090909090909091
2023-09-01,A_wo_USD_index,EW,XLY,0.09090909090909091
2023-10-02,A_wo_USD_index,MV,XLB,0.0
2023-10-02,A_wo_USD_index,MV,XLC,7.28333088957895e-17
2023-10-02,A_wo_USD_index,MV,XLE,6.057508271680746e-18
2023-10-02,A_wo_USD_index,MV,XLF,0.0
2023-10-02,A_wo_USD_index,MV,XLI,2.4441103856155133e-18
2023-10-02,A_wo_USD_index,MV,XLK,0.0
2023-10-02,A_wo_USD_index,MV,XLP,0.0
2023-10-02,A_wo_USD_index,MV,XLRE,0.0
2023-10-02,A_wo_USD_index,MV,XLU,0.862352371785061
2023-10-02,A_wo_USD_index,MV,XLV,0.13764762821493895
2023-10-02,A_wo_USD_index,MV,XLY,7.271501450969975e-18
2023-10-02,A_wo_USD_index,EW,XLB,0.09090909090909091
2023-10-02,A_wo_USD_index,EW,XLC,0.09090909090909091
2023-10-02,A_wo_USD_index,EW,XLE,0.09090909090909091
2023-10-02,A_wo_USD_index,EW,XLF,0.09090909090909091
2023-10-02,A_wo_USD_index,EW,XLI,0.09090909090909091
2023-10-02,A_wo_USD_index,EW,XLK,0.09090909090909091
2023-10-02,A_wo_USD_index,EW,XLP,0.09090909090909091
2023-10-02,A_wo_USD_index,EW,XLRE,0.09090909090909091
2023-10-02,A_wo_USD_index,EW,XLU,0.09090909090909091
2023-10-02,A_wo_USD_index,EW,XLV,0.09090909090909091
2023-10-02,A_wo_USD_index,EW,XLY,0.09090909090909091
2023-11-01,A_wo_USD_index,MV,XLB,0.9999999999999999
2023-11-01,A_wo_USD_index,MV,XLC,0.0
2023-11-01,A_wo_USD_index,MV,XLE,0.0
2023-11-01,A_wo_USD_index,MV,XLF,1.1216642513412297e-17
2023-11-01,A_wo_USD_index,MV,XLI,1.7425301810593663e-17
2023-11-01,A_wo_USD_index,MV,XLK,1.0515102070840807e-16
2023-11-01,A_wo_USD_index,MV,XLP,2.248995472441363e-17
2023-11-01,A_wo_USD_index,MV,XLRE,4.04717715066115e-18
2023-11-01,A_wo_USD_index,MV,XLU,5.08847842028513e-17
2023-11-01,A_wo_USD_index,MV,XLV,0.0
2023-11-01,A_wo_USD_index,MV,XLY,7.068059083107178e-17
2023-11-01,A_wo_USD_index,EW,XLB,0.09090909090909091
2023-11-01,A_wo_USD_index,EW,XLC,0.09090909090909091
2023-11-01,A_wo_USD_index,EW,XLE,0.09090909090909091
2023-11-01,A_wo_USD_index,EW,XLF,0.09090909090909091
2023-11-01,A_wo_USD_index,EW,XLI,0.09090909090909091
2023-11-01,A_wo_USD_index,EW,XLK,0.09090909090909091
2023-11-01,A_wo_USD_index,EW,XLP,0.09090909090909091
2023-11-01,A_wo_USD_index,EW,XLRE,0.09090909090909091
2023-11-01,A_wo_USD_index,EW,XLU,0.09090909090909091
2023-11-01,A_wo_USD_index,EW,XLV,0.09090909090909091
2023-11-01,A_wo_USD_index,EW,XLY,0.09090909090909091
2023-12-01,A_wo_USD_index,MV,XLB,0.0
2023-12-01,A_wo_USD_index,MV,XLC,0.43734337232500525
2023-12-01,A_wo_USD_index,MV,XLE,3.610529009599227e-18
2023-12-01,A_wo_USD_index,MV,XLF,1.2748115934592768e-17
2023-12-01,A_wo_USD_index,MV,XLI,3.260384069291947e-17
2023-12-01,A_wo_USD_index,MV,XLK,2.6858850951878112e-17
2023-12-01,A_wo_USD_index,MV,XLP,0.5626566276749951
2023-12-01,A_wo_USD_index,MV,XLRE,4.4939136179511843e-17
2023-12-01,A_wo_USD_index,MV,XLU,6.591473426245543e-17
2023-12-01,A_wo_USD_index,MV,XLV,0.0
2023-12-01,A_wo_USD_index,MV,XLY,0.0
2023-12-01,A_wo_USD_index,EW,XLB,0.09090909090909091
2023-12-01,A_wo_USD_index,EW,XLC,0.09090909090909091
2023-12-01,A_wo_USD_index,EW,XLE,0.09090909090909091
2023-12-01,A_wo_USD_index,EW,XLF,0.09090909090909091
2023-12-01,A_wo_USD_index,EW,XLI,0.09090909090909091
2023-12-01,A_wo_USD_index,EW,XLK,0.09090909090909091
2023-12-01,A_wo_USD_index,EW,XLP,0.09090909090909091
2023-12-01,A_wo_USD_index,EW,XLRE,0.09090909090909091
2023-12-01,A_wo_USD_index,EW,XLU,0.09090909090909091
2023-12-01,A_wo_USD_index,EW,XLV,0.09090909090909091
2023-12-01,A_wo_USD_index,EW,XLY,0.09090909090909091
2024-01-02,A_wo_USD_index,MV,XLB,0.0
2024-01-02,A_wo_USD_index,MV,XLC,0.33470497030039914
2024-01-02,A_wo_USD_index,MV,XLE,0.0
2024-01-02,A_wo_USD_index,MV,XLF,0.0
2024-01-02,A_wo_USD_index,MV,XLI,0.0
2024-01-02,A_wo_USD_index,MV,XLK,1.1102230246251565e-16
2024-01-02,A_wo_USD_index,MV,XLP,0.21668116018157052
2024-01-02,A_wo_USD_index,MV,XLRE,0.0
2024-01-02,A_wo_USD_index,MV,XLU,0.2688573131017423
2024-01-02,A_wo_USD_index,MV,XLV,0.0
2024-01-02,A_wo_USD_index,MV,XLY,0.17975655641628818
2024-01-02,A_wo_USD_index,EW,XLB,0.09090909090909091
2024-01-02,A_wo_USD_index,EW,XLC,0.09090909090909091
2024-01-02,A_wo_USD_index,EW,XLE,0.09090909090909091
2024-01-02,A_wo_USD_index,EW,XLF,0.09090909090909091
2024-01-02,A_wo_USD_index,EW,XLI,0.09090909090909091
2024-01-02,A_wo_USD_index,EW,XLK,0.09090909090909091
2024-01-02,A_wo_USD_index,EW,XLP,0.09090909090909091
2024-01-02,A_wo_USD_index,EW,XLRE,0.09090909090909091
2024-01-02,A_wo_USD_index,EW,XLU,0.09090909090909091
2024-01-02,A_wo_USD_index,EW,XLV,0.09090909090909091
2024-01-02,A_wo_USD_index,EW,XLY,0.09090909090909091
2024-02-01,A_wo_USD_index,MV,XLB,0.0
2024-02-01,A_wo_USD_index,MV,XLC,0.4923137529028099
2024-02-01,A_wo_USD_index,MV,XLE,0.0
2024-02-01,A_wo_USD_index,MV,XLF,1.7850010692685478e-17
2024-02-01,A_wo_USD_index,MV,XLI,0.0
2024-02-01,A_wo_USD_index,MV,XLK,1.383028183561573e-16
2024-02-01,A_wo_USD_index,MV,XLP,0.16127810762545058
2024-02-01,A_wo_USD_index,MV,XLRE,0.0
2024-02-01,A_wo_USD_index,MV,XLU,0.3464081394717396
2024-02-01,A_wo_USD_index,MV,XLV,0.0
2024-02-01,A_wo_USD_index,MV,XLY,2.5674647663600564e-18
2024-02-01,A_wo_USD_index,EW,XLB,0.09090909090909091
2024-02-01,A_wo_USD_index,EW,XLC,0.09090909090909091
2024-02-01,A_wo_USD_index,EW,XLE,0.09090909090909091
2024-02-01,A_wo_USD_index,EW,XLF,0.09090909090909091
2024-02-01,A_wo_USD_index,EW,XLI,0.09090909090909091
2024-02-01,A_wo_USD_index,EW,XLK,0.09090909090909091
2024-02-01,A_wo_USD_index,EW,XLP,0.09090909090909091
2024-02-01,A_wo_USD_index,EW,XLRE,0.09090909090909091
2024-02-01,A_wo_USD_index,EW,XLU,0.09090909090909091
2024-02-01,A_wo_USD_index,EW,XLV,0.09090909090909091
2024-02-01,A_wo_USD_index,EW,XLY,0.09090909090909091
2024-03-01,A_wo_USD_index,MV,XLB,2.085750477491543e-18
2024-03-01,A_wo_USD_index,MV,XLC,0.21978409933206441
2024-03-01,A_wo_USD_index,MV,XLE,4.084399735064267e-17
2024-03-01,A_wo_USD_index,MV,XLF,0.254881011313392
2024-03-01,A_wo_USD_index,MV,XLI,2.2551405187698492e-17
2024-03-01,A_wo_USD_index,MV,XLK,9.553832337994347e-18
2024-03-01,A_wo_USD_index,MV,XLP,0.32640828732857
2024-03-01,A_wo_USD_index,MV,XLRE,0.0
2024-03-01,A_wo_USD_index,MV,XLU,3.642919299551295e-17
2024-03-01,A_wo_USD_index,MV,XLV,0.19892660202597331
2024-03-01,A_wo_USD_index,MV,XLY,6.503618512184881e-17
2024-03-01,A_wo_USD_index,EW,XLB,0.09090909090909091
2024-03-01,A_wo_USD_index,EW,XLC,0.09090909090909091
2024-03-01,A_wo_USD_index,EW,XLE,0.09090909090909091
2024-03-01,A_wo_USD_index,EW,XLF,0.09090909090909091
2024-03-01,A_wo_USD_index,EW,XLI,0.09090909090909091
2024-03-01,A_wo_USD_index,EW,XLK,0.09090909090909091
2024-03-01,A_wo_USD_index,EW,XLP,0.09090909090909091
2024-03-01,A_wo_USD_index,EW,XLRE,0.09090909090909091
2024-03-01,A_wo_USD_index,EW,XLU,0.09090909090909091
2024-03-01,A_wo_USD_index,EW,XLV,0.09090909090909091
2024-03-01,A_wo_USD_index,EW,XLY,0.09090909090909091
2024-04-01,A_wo_USD_index,MV,XLB,0.0
2024-04-01,A_wo_USD_index,MV,XLC,0.2946816035424546
2024-04-01,A_wo_USD_index,MV,XLE,0.11058140813391995
2024-04-01,A_wo_USD_index,MV,XLF,0.5947369883236255
2024-04-01,A_wo_USD_index,MV,XLI,7.051404809854062e-17
2024-04-01,A_wo_USD_index,MV,XLK,5.601279750767427e-17
2024-04-01,A_wo_USD_index,MV,XLP,0.0
2024-04-01,A_wo_USD_index,MV,XLRE,6.3279803001873075e-18
2024-04-01,A_wo_USD_index,MV,XLU,2.0126867919535042e-17
2024-04-01,A_wo_USD_index,MV,XLV,4.430409917543949e-17
2024-04-01,A_wo_USD_index,MV,XLY,0.0
2024-04-01,A_wo_USD_index,EW,XLB,0.09090909090909091
2024-04-01,A_wo_USD_index,EW,XLC,0.09090909090909091
2024-04-01,A_wo_USD_index,EW,XLE,0.09090909090909091
2024-04-01,A_wo_USD_index,EW,XLF,0.09090909090909091
2024-04-01,A_wo_USD_index,EW,XLI,0.09090909090909091
2024-04-01,A_wo_USD_index,EW,XLK,0.09090909090909091
2024-04-01,A_wo_USD_index,EW,XLP,0.09090909090909091
2024-04-01,A_wo_USD_index,EW,XLRE,0.09090909090909091
2024-04-01,A_wo_USD_index,EW,XLU,0.09090909090909091
2024-04-01,A_wo_USD_index,EW,XLV,0.09090909090909091
2024-04-01,A_wo_USD_index,EW,XLY,0.09090909090909091
2024-05-01,A_wo_USD_index,MV,XLB,3.961155871436848e-17
2024-05-01,A_wo_USD_index,MV,XLC,1.0
2024-05-01,A_wo_USD_index,MV,XLE,0.0
2024-05-01,A_wo_USD_index,MV,XLF,1.7867613930938184e-17
2024-05-01,A_wo_USD_index,MV,XLI,1.3651524815204976e-18
2024-05-01,A_wo_USD_index,MV,XLK,0.0
2024-05-01,A_wo_USD_index,MV,XLP,1.8751325690053665e-17
2024-05-01,A_wo_USD_index,MV,XLRE,8.069124905026723e-18
2024-05-01,A_wo_USD_index,MV,XLU,7.43707098166444e-19
2024-05-01,A_wo_USD_index,MV,XLV,4.201457482729732e-17
2024-05-01,A_wo_USD_index,MV,XLY,2.7188896329218206e-18
2024-05-01,A_wo_USD_index,EW,XLB,0.09090909090909091
2024-05-01,A_wo_USD_index,EW,XLC,0.09090909090909091
2024-05-01,A_wo_USD_index,EW,XLE,0.09090909090909091
2024-05-01,A_wo_USD_index,EW,XLF,0.09090909090909091
2024-05-01,A_wo_USD_index,EW,XLI,0.09090909090909091
2024-05-01,A_wo_USD_index,EW,XLK,0.09090909090909091
2024-05-01,A_wo_USD_index,EW,XLP,0.09090909090909091
2024-05-01,A_wo_USD_index,EW,XLRE,0.09090909090909091
2024-05-01,A_wo_USD_index,EW,XLU,0.09090909090909091
2024-05-01,A_wo_USD_index,EW,XLV,0.09090909090909091
2024-05-01,A_wo_USD_index,EW,XLY,0.09090909090909091
2024-06-03,A_wo_USD_index,MV,XLB,0.0
2024-06-03,A_wo_USD_index,MV,XLC,0.0
2024-06-03,A_wo_USD_index,MV,XLE,0.0
2024-06-03,A_wo_USD_index,MV,XLF,0.0
2024-06-03,A_wo_USD_index,MV,XLI,0.0
2024-06-03,A_wo_USD_index,MV,XLK,0.6272573001988738
2024-06-03,A_wo_USD_index,MV,XLP,0.0
2024-06-03,A_wo_USD_index,MV,XLRE,0.0
2024-06-03,A_wo_USD_index,MV,XLU,3.822650120665232e-18
2024-06-03,A_wo_USD_index,MV,XLV,0.3727426998011264
2024-06-03,A_wo_USD_index,MV,XLY,0.0
2024-06-03,A_wo_USD_index,EW,XLB,0.09090909090909091
2024-06-03,A_wo_USD_index,EW,XLC,0.09090909090909091
2024-06-03,A_wo_USD_index,EW,XLE,0.09090909090909091
2024-06-03,A_wo_USD_index,EW,XLF,0.09090909090909091
2024-06-03,A_wo_USD_index,EW,XLI,0.09090909090909091
2024-06-03,A_wo_USD_index,EW,XLK,0.09090909090909091
2024-06-03,A_wo_USD_index,EW,XLP,0.09090909090909091
2024-06-03,A_wo_USD_index,EW,XLRE,0.09090909090909091
2024-06-03,A_wo_USD_index,EW,XLU,0.09090909090909091
2024-06-03,A_wo_USD_index,EW,XLV,0.09090909090909091
2024-06-03,A_wo_USD_index,EW,XLY,0.09090909090909091
2024-07-01,A_wo_USD_index,MV,XLB,0.0
2024-07-01,A_wo_USD_index,MV,XLC,0.9979584322163065
2024-07-01,A_wo_USD_index,MV,XLE,0.0
2024-07-01,A_wo_USD_index,MV,XLF,1.1831959557720665e-17
2024-07-01,A_wo_USD_index,MV,XLI,0.0
2024-07-01,A_wo_USD_index,MV,XLK,2.9753267585921146e-18
2024-07-01,A_wo_USD_index,MV,XLP,0.002041567783693618
2024-07-01,A_wo_USD_index,MV,XLRE,0.0
2024-07-01,A_wo_USD_index,MV,XLU,1.7238427715013953e-17
2024-07-01,A_wo_USD_index,MV,XLV,0.0
2024-07-01,A_wo_USD_index,MV,XLY,6.965178050954615e-17
2024-07-01,A_wo_USD_index,EW,XLB,0.09090909090909091
2024-07-01,A_wo_USD_index,EW,XLC,0.09090909090909091
2024-07-01,A_wo_USD_index,EW,XLE,0.09090909090909091
2024-07-01,A_wo_USD_index,EW,XLF,0.09090909090909091
2024-07-01,A_wo_USD_index,EW,XLI,0.09090909090909091
2024-07-01,A_wo_USD_index,EW,XLK,0.09090909090909091
2024-07-01,A_wo_USD_index,EW,XLP,0.09090909090909091
2024-07-01,A_wo_USD_index,EW,XLRE,0.09090909090909091
2024-07-01,A_wo_USD_index,EW,XLU,0.09090909090909091
2024-07-01,A_wo_USD_index,EW,XLV,0.09090909090909091
2024-07-01,A_wo_USD_index,EW,XLY,0.09090909090909091
2024-08-01,A_wo_USD_index,MV,XLB,0.0
2024-08-01,A_wo_USD_index,MV,XLC,6.938893903907228e-17
2024-08-01,A_wo_USD_index,MV,XLE,6.9378272128661505e-18
2024-08-01,A_wo_USD_index,MV,XLF,8.40525557924223e-18
2024-08-01,A_wo_USD_index,MV,XLI,0.0
2024-08-01,A_wo_USD_index,MV,XLK,0.9999999999999999
2024-08-01,A_wo_USD_index,MV,XLP,1.876608545574854e-17
2024-08-01,A_wo_USD_index,MV,XLRE,0.0
2024-08-01,A_wo_USD_index,MV,XLU,1.7438828098858587e-17
2024-08-01,A_wo_USD_index,MV,XLV,1.1692835205969419e-17
2024-08-01,A_wo_USD_index,MV,XLY,0.0
2024-08-01,A_wo_USD_index,EW,XLB,0.09090909090909091
2024-08-01,A_wo_USD_index,EW,XLC,0.09090909090909091
2024-08-01,A_wo_USD_index,EW,XLE,0.09090909090909091
2024-08-01,A_wo_USD_index,EW,XLF,0.09090909090909091
2024-08-01,A_wo_USD_index,EW,XLI,0.09090909090909091
2024-08-01,A_wo_USD_index,EW,XLK,0.09090909090909091
2024-08-01,A_wo_USD_index,EW,XLP,0.09090909090909091
2024-08-01,A_wo_USD_index,EW,XLRE,0.09090909090909091
2024-08-01,A_wo_USD_index,EW,XLU,0.09090909090909091
2024-08-01,A_wo_USD_index,EW,XLV,0.09090909090909091
2024-08-01,A_wo_USD_index,EW,XLY,0.09090909090909091
2024-09-03,A_wo_USD_index,MV,XLB,2.746033867808553e-17
2024-09-03,A_wo_USD_index,MV,XLC,1.734723475976807e-17
2024-09-03,A_wo_USD_index,MV,XLE,9.798723748595329e-18
2024-09-03,A_wo_USD_index,MV,XLF,0.34535490126391355
2024-09-03,A_wo_USD_index,MV,XLI,0.0
2024-09-03,A_wo_USD_index,MV,XLK,0.6546450987360865
2024-09-03,A_wo_USD_index,MV,XLP,3.940169294294136e-17
2024-09-03,A_wo_USD_index,MV,XLRE,0.0
2024-09-03,A_wo_USD_index,MV,XLU,2.1115801315541177e-17
2024-09-03,A_wo_USD_index,MV,XLV,0.0
2024-09-03,A_wo_USD_index,MV,XLY,9.780051055174935e-18
2024-09-03,A_wo_USD_index,EW,XLB,0.09090909090909091
2024-09-03,A_wo_USD_index,EW,XLC,0.09090909090909091
2024-09-03,A_wo_USD_index,EW,XLE,0.09090909090909091
2024-09-03,A_wo_USD_index,EW,XLF,0.09090909090909091
2024-09-03,A_wo_USD_index,EW,XLI,0.09090909090909091
2024-09-03,A_wo_USD_index,EW,XLK,0.09090909090909091
2024-09-03,A_wo_USD_index,EW,XLP,0.09090909090909091
2024-09-03,A_wo_USD_index,EW,XLRE,0.09090909090909091
2024-09-03,A_wo_USD_index,EW,XLU,0.09090909090909091
2024-09-03,A_wo_USD_index,EW,XLV,0.09090909090909091
2024-09-03,A_wo_USD_index,EW,XLY,0.09090909090909091
2024-10-01,A_wo_USD_index,MV,XLB,0.0
2024-10-01,A_wo_USD_index,MV,XLC,0.9045995490591398
2024-10-01,A_wo_USD_index,MV,XLE,2.674082495004911e-17
2024-10-01,A_wo_USD_index,MV,XLF,0.0
2024-10-01,A_wo_USD_index,MV,XLI,4.574741746333329e-17
2024-10-01,A_wo_USD_index,MV,XLK,0.0
2024-10-01,A_wo_USD_index,MV,XLP,2.1626478829442885e-16
2024-10-01,A_wo_USD_index,MV,XLRE,0.0
2024-10-01,A_wo_USD_index,MV,XLU,0.09540045094086072
2024-10-01,A_wo_USD_index,MV,XLV,0.0
2024-10-01,A_wo_USD_index,MV,XLY,3.637682357103166e-18
2024-10-01,A_wo_USD_index,EW,XLB,0.09090909090909091
2024-10-01,A_wo_USD_index,EW,XLC,0.09090909090909091
2024-10-01,A_wo_USD_index,EW,XLE,0.09090909090909091
2024-10-01,A_wo_USD_index,EW,XLF,0.09090909090909091
2024-10-01,A_wo_USD_index,EW,XLI,0.09090909090909091
2024-10-01,A_wo_USD_index,EW,XLK,0.09090909090909091
2024-10-01,A_wo_USD_index,EW,XLP,0.09090909090909091
2024-10-01,A_wo_USD_index,EW,XLRE,0.09090909090909091
2024-10-01,A_wo_USD_index,EW,XLU,0.09090909090909091
2024-10-01,A_wo_USD_index,EW,XLV,0.09090909090909091
2024-10-01,A_wo_USD_index,EW,XLY,0.09090909090909091
2024-11-01,A_wo_USD_index,MV,XLB,3.481192530013313e-17
2024-11-01,A_wo_USD_index,MV,XLC,0.20880572601603614
2024-11-01,A_wo_USD_index,MV,XLE,7.366809955581195e-17
2024-11-01,A_wo_USD_index,MV,XLF,0.0
2024-11-01,A_wo_USD_index,MV,XLI,5.3313259949431245e-17
2024-11-01,A_wo_USD_index,MV,XLK,0.7911942739839637
2024-11-01,A_wo_USD_index,MV,XLP,0.0
2024-11-01,A_wo_USD_index,MV,XLRE,0.0
2024-11-01,A_wo_USD_index,MV,XLU,0.0
2024-11-01,A_wo_USD_index,MV,XLV,0.0
2024-11-01,A_wo_USD_index,MV,XLY,2.5267162445987305e-17
2024-11-01,A_wo_USD_index,EW,XLB,0.09090909090909091
2024-11-01,A_wo_USD_index,EW,XLC,0.09090909090909091
2024-11-01,A_wo_USD_index,EW,XLE,0.09090909090909091
2024-11-01,A_wo_USD_index,EW,XLF,0.09090909090909091
2024-11-01,A_wo_USD_index,EW,XLI,0.09090909090909091
2024-11-01,A_wo_USD_index,EW,XLK,0.09090909090909091
2024-11-01,A_wo_USD_index,EW,XLP,0.09090909090909091
2024-11-01,A_wo_USD_index,EW,XLRE,0.09090909090909091
2024-11-01,A_wo_USD_index,EW,XLU,0.09090909090909091
2024-11-01,A_wo_USD_index,EW,XLV,0.09090909090909091
2024-11-01,A_wo_USD_index,EW,XLY,0.09090909090909091
2024-12-02,A_wo_USD_index,MV,XLB,0.0
2024-12-02,A_wo_USD_index,MV,XLC,1.0
2024-12-02,A_wo_USD_index,MV,XLE,0.0
2024-12-02,A_wo_USD_index,MV,XLF,2.498001805406602e-16
2024-12-02,A_wo_USD_index,MV,XLI,0.0
2024-12-02,A_wo_USD_index,MV,XLK,0.0
2024-12-02,A_wo_USD_index,MV,XLP,0.0
2024-12-02,A_wo_USD_index,MV,XLRE,0.0
2024-12-02,A_wo_USD_index,MV,XLU,0.0
2024-12-02,A_wo_USD_index,MV,XLV,0.0
2024-12-02,A_wo_USD_index,MV,XLY,0.0
2024-12-02,A_wo_USD_index,EW,XLB,0.09090909090909091
2024-12-02,A_wo_USD_index,EW,XLC,0.09090909090909091
2024-12-02,A_wo_USD_index,EW,XLE,0.09090909090909091
2024-12-02,A_wo_USD_index,EW,XLF,0.09090909090909091
2024-12-02,A_wo_USD_index,EW,XLI,0.09090909090909091
2024-12-02,A_wo_USD_index,EW,XLK,0.09090909090909091
2024-12-02,A_wo_USD_index,EW,XLP,0.09090909090909091
2024-12-02,A_wo_USD_index,EW,XLRE,0.09090909090909091
2024-12-02,A_wo_USD_index,EW,XLU,0.09090909090909091
2024-12-02,A_wo_USD_index,EW,XLV,0.09090909090909091
2024-12-02,A_wo_USD_index,EW,XLY,0.09090909090909091
2025-01-02,A_wo_USD_index,MV,XLB,8.314481143331273e-17
2025-01-02,A_wo_USD_index,MV,XLC,1.0
2025-01-02,A_wo_USD_index,MV,XLE,0.0
2025-01-02,A_wo_USD_index,MV,XLF,0.0
2025-01-02,A_wo_USD_index,MV,XLI,0.0
2025-01-02,A_wo_USD_index,MV,XLK,1.4672022937024485e-16
2025-01-02,A_wo_USD_index,MV,XLP,0.0
2025-01-02,A_wo_USD_index,MV,XLRE,7.698331601363748e-17
2025-01-02,A_wo_USD_index,MV,XLU,0.0
2025-01-02,A_wo_USD_index,MV,XLV,0.0
2025-01-02,A_wo_USD_index,MV,XLY,0.0
2025-01-02,A_wo_USD_index,EW,XLB,0.09090909090909091
2025-01-02,A_wo_USD_index,EW,XLC,0.09090909090909091
2025-01-02,A_wo_USD_index,EW,XLE,0.09090909090909091
2025-01-02,A_wo_USD_index,EW,XLF,0.09090909090909091
2025-01-02,A_wo_USD_index,EW,XLI,0.09090909090909091
2025-01-02,A_wo_USD_index,EW,XLK,0.09090909090909091
2025-01-02,A_wo_USD_index,EW,XLP,0.09090909090909091
2025-01-02,A_wo_USD_index,EW,XLRE,0.09090909090909091
2025-01-02,A_wo_USD_index,EW,XLU,0.09090909090909091
2025-01-02,A_wo_USD_index,EW,XLV,0.09090909090909091
2025-01-02,A_wo_USD_index,EW,XLY,0.09090909090909091
2025-02-03,A_wo_USD_index,MV,XLB,2.3191392386908537e-17
2025-02-03,A_wo_USD_index,MV,XLC,0.22672700391095146
2025-02-03,A_wo_USD_index,MV,XLE,0.26823494633828443
2025-02-03,A_wo_USD_index,MV,XLF,0.0
2025-02-03,A_wo_USD_index,MV,XLI,0.0
2025-02-03,A_wo_USD_index,MV,XLK,0.2432745545245413
2025-02-03,A_wo_USD_index,MV,XLP,0.0
2025-02-03,A_wo_USD_index,MV,XLRE,0.0
2025-02-03,A_wo_USD_index,MV,XLU,0.26176349522622316
2025-02-03,A_wo_USD_index,MV,XLV,3.6179695221471703e-17
2025-02-03,A_wo_USD_index,MV,XLY,0.0
2025-02-03,A_wo_USD_index,EW,XLB,0.09090909090909091
2025-02-03,A_wo_USD_index,EW,XLC,0.09090909090909091
2025-02-03,A_wo_USD_index,EW,XLE,0.09090909090909091
2025-02-03,A_wo_USD_index,EW,XLF,0.09090909090909091
2025-02-03,A_wo_USD_index,EW,XLI,0.09090909090909091
2025-02-03,A_wo_USD_index,EW,XLK,0.09090909090909091
2025-02-03,A_wo_USD_index,EW,XLP,0.09090909090909091
2025-02-03,A_wo_USD_index,EW,XLRE,0.09090909090909091
2025-02-03,A_wo_USD_index,EW,XLU,0.09090909090909091
2025-02-03,A_wo_USD_index,EW,XLV,0.09090909090909091
2025-02-03,A_wo_USD_index,EW,XLY,0.09090909090909091
2025-03-03,A_wo_USD_index,MV,XLB,4.13520192016075e-17
2025-03-03,A_wo_USD_index,MV,XLC,0.40047289526746693
2025-03-03,A_wo_USD_index,MV,XLE,2.539586520099036e-17
2025-03-03,A_wo_USD_index,MV,XLF,0.0
2025-03-03,A_wo_USD_index,MV,XLI,0.0
2025-03-03,A_wo_USD_index,MV,XLK,0.5995271047325337
2025-03-03,A_wo_USD_index,MV,XLP,1.7853142889856204e-17
2025-03-03,A_wo_USD_index,MV,XLRE,0.0
2025-03-03,A_wo_USD_index,MV,XLU,4.837319425798062e-17
2025-03-03,A_wo_USD_index,MV,XLV,1.9903731218469963e-17
2025-03-03,A_wo_USD_index,MV,XLY,0.0
2025-03-03,A_wo_USD_index,EW,XLB,0.09090909090909091
2025-03-03,A_wo_USD_index,EW,XLC,0.09090909090909091
2025-03-03,A_wo_USD_index,EW,XLE,0.09090909090909091
2025-03-03,A_wo_USD_index,EW,XLF,0.09090909090909091
2025-03-03,A_wo_USD_index,EW,XLI,0.09090909090909091
2025-03-03,A_wo_USD_index,EW,XLK,0.09090909090909091
2025-03-03,A_wo_USD_index,EW,XLP,0.09090909090909091
2025-03-03,A_wo_USD_index,EW,XLRE,0.09090909090909091
2025-03-03,A_wo_USD_index,EW,XLU,0.09090909090909091
2025-03-03,A_wo_USD_index,EW,XLV,0.09090909090909091
2025-03-03,A_wo_USD_index,EW,XLY,0.09090909090909091
2025-04-01,A_wo_USD_index,MV,XLB,3.8880612933538186e-17
2025-04-01,A_wo_USD_index,MV,XLC,0.9999999999999996
2025-04-01,A_wo_USD_index,MV,XLE,9.004556680051372e-17
2025-04-01,A_wo_USD_index,MV,XLF,4.0939474033052647e-16
2025-04-01,A_wo_USD_index,MV,XLI,3.899392160141281e-17
2025-04-01,A_wo_USD_index,MV,XLK,6.431876210204026e-17
2025-04-01,A_wo_USD_index,MV,XLP,0.0
2025-04-01,A_wo_USD_index,MV,XLRE,5.889859518199236e-17
2025-04-01,A_wo_USD_index,MV,XLU,4.8535202291736145e-17
2025-04-01,A_wo_USD_index,MV,XLV,0.0
2025-04-01,A_wo_USD_index,MV,XLY,3.4758927621211546e-17
2025-04-01,A_wo_USD_index,EW,XLB,0.09090909090909091
2025-04-01,A_wo_USD_index,EW,XLC,0.09090909090909091
2025-04-01,A_wo_USD_index,EW,XLE,0.09090909090909091
2025-04-01,A_wo_USD_index,EW,XLF,0.09090909090909091
2025-04-01,A_wo_USD_index,EW,XLI,0.09090909090909091
2025-04-01,A_wo_USD_index,EW,XLK,0.09090909090909091
2025-04-01,A_wo_USD_index,EW,XLP,0.09090909090909091
2025-04-01,A_wo_USD_index,EW,XLRE,0.09090909090909091
2025-04-01,A_wo_USD_index,EW,XLU,0.09090909090909091
2025-04-01,A_wo_USD_index,EW,XLV,0.09090909090909091
2025-04-01,A_wo_USD_index,EW,XLY,0.09090909090909091
2025-05-01,A_wo_USD_index,MV,XLB,0.0
2025-05-01,A_wo_USD_index,MV,XLC,0.9999999999999998
2025-05-01,A_wo_USD_index,MV,XLE,7.347502882851913e-17
2025-05-01,A_wo_USD_index,MV,XLF,1.9081958235744878e-16
2025-05-01,A_wo_USD_index,MV,XLI,1.179745546541682e-16
2025-05-01,A_wo_USD_index,MV,XLK,4.202787368140819e-17
2025-05-01,A_wo_USD_index,MV,XLP,0.0
2025-05-01,A_wo_USD_index,MV,XLRE,3.94911609537062e-17
2025-05-01,A_wo_USD_index,MV,XLU,0.0
2025-05-01,A_wo_USD_index,MV,XLV,8.534467064695791e-17
2025-05-01,A_wo_USD_index,MV,XLY,9.897410351174856e-17
2025-05-01,A_wo_USD_index,EW,XLB,0.09090909090909091
2025-05-01,A_wo_USD_index,EW,XLC,0.09090909090909091
2025-05-01,A_wo_USD_index,EW,XLE,0.09090909090909091
2025-05-01,A_wo_USD_index,EW,XLF,0.09090909090909091
2025-05-01,A_wo_USD_index,EW,XLI,0.09090909090909091
2025-05-01,A_wo_USD_index,EW,XLK,0.09090909090909091
2025-05-01,A_wo_USD_index,EW,XLP,0.09090909090909091
2025-05-01,A_wo_USD_index,EW,XLRE,0.09090909090909091
2025-05-01,A_wo_USD_index,EW,XLU,0.09090909090909091
2025-05-01,A_wo_USD_index,EW,XLV,0.09090909090909091
2025-05-01,A_wo_USD_index,EW,XLY,0.09090909090909091
2025-06-02,A_wo_USD_index,MV,XLB,0.0
2025-06-02,A_wo_USD_index,MV,XLC,0.5320873889060035
2025-06-02,A_wo_USD_index,MV,XLE,1.0040881978436476e-16
2025-06-02,A_wo_USD_index,MV,XLF,7.238360000536328e-17
2025-06-02,A_wo_USD_index,MV,XLI,2.0348525919895713e-17
2025-06-02,A_wo_USD_index,MV,XLK,4.997491072837346e-17
2025-06-02,A_wo_USD_index,MV,XLP,0.0
2025-06-02,A_wo_USD_index,MV,XLRE,0.0
2025-06-02,A_wo_USD_index,MV,XLU,0.4679126110939964
2025-06-02,A_wo_USD_index,MV,XLV,1.5103372577971515e-17
2025-06-02,A_wo_USD_index,MV,XLY,0.0
2025-06-02,A_wo_USD_index,EW,XLB,0.09090909090909091
2025-06-02,A_wo_USD_index,EW,XLC,0.09090909090909091
2025-06-02,A_wo_USD_index,EW,XLE,0.09090909090909091
2025-06-02,A_wo_USD_index,EW,XLF,0.09090909090909091
2025-06-02,A_wo_USD_index,EW,XLI,0.09090909090909091
2025-06-02,A_wo_USD_index,EW,XLK,0.09090909090909091
2025-06-02,A_wo_USD_index,EW,XLP,0.09090909090909091
2025-06-02,A_wo_USD_index,EW,XLRE,0.09090909090909091
2025-06-02,A_wo_USD_index,EW,XLU,0.09090909090909091
2025-06-02,A_wo_USD_index,EW,XLV,0.09090909090909091
2025-06-02,A_wo_USD_index,EW,XLY,0.09090909090909091
2025-07-01,A_wo_USD_index,MV,XLB,0.0
2025-07-01,A_wo_USD_index,MV,XLC,0.9999999999999998
2025-07-01,A_wo_USD_index,MV,XLE,0.0
2025-07-01,A_wo_USD_index,MV,XLF,4.911116412289629e-18
2025-07-01,A_wo_USD_index,MV,XLI,1.4171956798731524e-16
2025-07-01,A_wo_USD_index,MV,XLK,3.5255884474721454e-17
2025-07-01,A_wo_USD_index,MV,XLP,1.4360357326271373e-17
2025-07-01,A_wo_USD_index,MV,XLRE,1.6175208903309874e-17
2025-07-01,A_wo_USD_index,MV,XLU,0.0
2025-07-01,A_wo_USD_index,MV,XLV,0.0
2025-07-01,A_wo_USD_index,MV,XLY,6.694896738718449e-17
2025-07-01,A_wo_USD_index,EW,XLB,0.09090909090909091
2025-07-01,A_wo_USD_index,EW,XLC,0.09090909090909091
2025-07-01,A_wo_USD_index,EW,XLE,0.09090909090909091
2025-07-01,A_wo_USD_index,EW,XLF,0.09090909090909091
2025-07-01,A_wo_USD_index,EW,XLI,0.09090909090909091
2025-07-01,A_wo_USD_index,EW,XLK,0.09090909090909091
2025-07-01,A_wo_USD_index,EW,XLP,0.09090909090909091
2025-07-01,A_wo_USD_index,EW,XLRE,0.09090909090909091
2025-07-01,A_wo_USD_index,EW,XLU,0.09090909090909091
2025-07-01,A_wo_USD_index,EW,XLV,0.09090909090909091
2025-07-01,A_wo_USD_index,EW,XLY,0.09090909090909091
2025-08-01,A_wo_USD_index,MV,XLB,1.3306120947714345e-16
2025-08-01,A_wo_USD_index,MV,XLC,5.176036397477429e-17
2025-08-01,A_wo_USD_index,MV,XLE,2.2086490898080345e-17
2025-08-01,A_wo_USD_index,MV,XLF,0.0
2025-08-01,A_wo_USD_index,MV,XLI,6.658559967100318e-18
2025-08-01,A_wo_USD_index,MV,XLK,0.0
2025-08-01,A_wo_USD_index,MV,XLP,5.944249099605208e-17
2025-08-01,A_wo_USD_index,MV,XLRE,0.0
2025-08-01,A_wo_USD_index,MV,XLU,1.6393546811194445e-17
2025-08-01,A_wo_USD_index,MV,XLV,0.9999999999999999
2025-08-01,A_wo_USD_index,MV,XLY,0.0
2025-08-01,A_wo_USD_index,EW,XLB,0.09090909090909091
2025-08-01,A_wo_USD_index,EW,XLC,0.09090909090909091
2025-08-01,A_wo_USD_index,EW,XLE,0.09090909090909091
2025-08-01,A_wo_USD_index,EW,XLF,0.09090909090909091
2025-08-01,A_wo_USD_index,EW,XLI,0.09090909090909091
2025-08-01,A_wo_USD_index,EW,XLK,0.09090909090909091
2025-08-01,A_wo_USD_index,EW,XLP,0.09090909090909091
2025-08-01,A_wo_USD_index,EW,XLRE,0.09090909090909091
2025-08-01,A_wo_USD_index,EW,XLU,0.09090909090909091
2025-08-01,A_wo_USD_index,EW,XLV,0.09090909090909091
2025-08-01,A_wo_USD_index,EW,XLY,0.09090909090909091
2025-09-02,A_wo_USD_index,MV,XLB,0.0
2025-09-02,A_wo_USD_index,MV,XLC,0.6697252959416632
2025-09-02,A_wo_USD_index,MV,XLE,0.0
2025-09-02,A_wo_USD_index,MV,XLF,0.0
2025-09-02,A_wo_USD_index,MV,XLI,4.403690656350031e-19
2025-09-02,A_wo_USD_index,MV,XLK,0.0
2025-09-02,A_wo_USD_index,MV,XLP,0.33027470405833725
2025-09-02,A_wo_USD_index,MV,XLRE,0.0
2025-09-02,A_wo_USD_index,MV,XLU,3.5255698099032206e-17
2025-09-02,A_wo_USD_index,MV,XLV,5.3034056474232004e-17
2025-09-02,A_wo_USD_index,MV,XLY,0.0
2025-09-02,A_wo_USD_index,EW,XLB,0.09090909090909091
2025-09-02,A_wo_USD_index,EW,XLC,0.09090909090909091
2025-09-02,A_wo_USD_index,EW,XLE,0.09090909090909091
2025-09-02,A_wo_USD_index,EW,XLF,0.09090909090909091
2025-09-02,A_wo_USD_index,EW,XLI,0.09090909090909091
2025-09-02,A_wo_USD_index,EW,XLK,0.09090909090909091
2025-09-02,A_wo_USD_index,EW,XLP,0.09090909090909091
2025-09-02,A_wo_USD_index,EW,XLRE,0.09090909090909091
2025-09-02,A_wo_USD_index,EW,XLU,0.09090909090909091
2025-09-02,A_wo_USD_index,EW,XLV,0.09090909090909091
2025-09-02,A_wo_USD_index,EW,XLY,0.09090909090909091
2025-10-01,A_wo_USD_index,MV,XLB,0.0
2025-10-01,A_wo_USD_index,MV,XLC,0.26993233354146645
2025-10-01,A_wo_USD_index,MV,XLE,0.0
2025-10-01,A_wo_USD_index,MV,XLF,4.1326377788059496e-18
2025-10-01,A_wo_USD_index,MV,XLI,2.02309544276512e-17
2025-10-01,A_wo_USD_index,MV,XLK,5.5351980458767967e-17
2025-10-01,A_wo_USD_index,MV,XLP,1.7103318865574755e-16
2025-10-01,A_wo_USD_index,MV,XLRE,0.0
2025-10-01,A_wo_USD_index,MV,XLU,0.7300676664585339
2025-10-01,A_wo_USD_index,MV,XLV,0.0
2025-10-01,A_wo_USD_index,MV,XLY,4.81353429174419e-18
2025-10-01,A_wo_USD_index,EW,XLB,0.09090909090909091
2025-10-01,A_wo_USD_index,EW,XLC,0.09090909090909091
2025-10-01,A_wo_USD_index,EW,XLE,0.09090909090909091
2025-10-01,A_wo_USD_index,EW,XLF,0.09090909090909091
2025-10-01,A_wo_USD_index,EW,XLI,0.09090909090909091
2025-10-01,A_wo_USD_index,EW,XLK,0.09090909090909091
2025-10-01,A_wo_USD_index,EW,XLP,0.09090909090909091
2025-10-01,A_wo_USD_index,EW,XLRE,0.09090909090909091
2025-10-01,A_wo_USD_index,EW,XLU,0.09090909090909091
2025-10-01,A_wo_USD_index,EW,XLV,0.09090909090909091
2025-10-01,A_wo_USD_index,EW,XLY,0.09090909090909091
2025-11-03,A_wo_USD_index,MV,XLB,0.0
2025-11-03,A_wo_USD_index,MV,XLC,0.21036888728108064
2025-11-03,A_wo_USD_index,MV,XLE,4.523097002379571e-18
2025-11-03,A_wo_USD_index,MV,XLF,2.5424199014473567e-18
2025-11-03,A_wo_USD_index,MV,XLI,3.545144009426523e-17
2025-11-03,A_wo_USD_index,MV,XLK,0.059085905055371334
2025-11-03,A_wo_USD_index,MV,XLP,0.7305452076635479
2025-11-03,A_wo_USD_index,MV,XLRE,0.0
2025-11-03,A_wo_USD_index,MV,XLU,1.7695385163428786e-16
2025-11-03,A_wo_USD_index,MV,XLV,0.0
2025-11-03,A_wo_USD_index,MV,XLY,0.0
2025-11-03,A_wo_USD_index,EW,XLB,0.09090909090909091
2025-11-03,A_wo_USD_index,EW,XLC,0.09090909090909091
2025-11-03,A_wo_USD_index,EW,XLE,0.09090909090909091
2025-11-03,A_wo_USD_index,EW,XLF,0.09090909090909091
2025-11-03,A_wo_USD_index,EW,XLI,0.09090909090909091
2025-11-03,A_wo_USD_index,EW,XLK,0.09090909090909091
2025-11-03,A_wo_USD_index,EW,XLP,0.09090909090909091
2025-11-03,A_wo_USD_index,EW,XLRE,0.09090909090909091
2025-11-03,A_wo_USD_index,EW,XLU,0.09090909090909091
2025-11-03,A_wo_USD_index,EW,XLV,0.09090909090909091
2025-11-03,A_wo_USD_index,EW,XLY,0.09090909090909091
2025-12-01,A_wo_USD_index,MV,XLB,0.0
2025-12-01,A_wo_USD_index,MV,XLC,0.457965076157281
2025-12-01,A_wo_USD_index,MV,XLE,1.1085845310413618e-18
2025-12-01,A_wo_USD_index,MV,XLF,2.104893224028685e-17
2025-12-01,A_wo_USD_index,MV,XLI,0.0
2025-12-01,A_wo_USD_index,MV,XLK,0.0
2025-12-01,A_wo_USD_index,MV,XLP,0.0
2025-12-01,A_wo_USD_index,MV,XLRE,0.0
2025-12-01,A_wo_USD_index,MV,XLU,0.5420349238427198
2025-12-01,A_wo_USD_index,MV,XLV,0.0
2025-12-01,A_wo_USD_index,MV,XLY,0.0
2025-12-01,A_wo_USD_index,EW,XLB,0.09090909090909091
2025-12-01,A_wo_USD_index,EW,XLC,0.09090909090909091
2025-12-01,A_wo_USD_index,EW,XLE,0.09090909090909091
2025-12-01,A_wo_USD_index,EW,XLF,0.09090909090909091
2025-12-01,A_wo_USD_index,EW,XLI,0.09090909090909091
2025-12-01,A_wo_USD_index,EW,XLK,0.09090909090909091
2025-12-01,A_wo_USD_index,EW,XLP,0.09090909090909091
2025-12-01,A_wo_USD_index,EW,XLRE,0.09090909090909091
2025-12-01,A_wo_USD_index,EW,XLU,0.09090909090909091
2025-12-01,A_wo_USD_index,EW,XLV,0.09090909090909091
2025-12-01,A_wo_USD_index,EW,XLY,0.09090909090909091
2026-01-02,A_wo_USD_index,MV,XLB,0.0
2026-01-02,A_wo_USD_index,MV,XLC,0.10713679471985846
2026-01-02,A_wo_USD_index,MV,XLE,1.6751005717151728e-17
2026-01-02,A_wo_USD_index,MV,XLF,2.422280639863835e-17
2026-01-02,A_wo_USD_index,MV,XLI,7.437946856467886e-19
2026-01-02,A_wo_USD_index,MV,XLK,0.030944768290316848
2026-01-02,A_wo_USD_index,MV,XLP,0.0
2026-01-02,A_wo_USD_index,MV,XLRE,3.201346457399762e-17
2026-01-02,A_wo_USD_index,MV,XLU,0.8619184369898247
2026-01-02,A_wo_USD_index,MV,XLV,5.3291636964593614e-18
2026-01-02,A_wo_USD_index,MV,XLY,0.0
2026-01-02,A_wo_USD_index,EW,XLB,0.09090909090909091
2026-01-02,A_wo_USD_index,EW,XLC,0.09090909090909091
2026-01-02,A_wo_USD_index,EW,XLE,0.09090909090909091
2026-01-02,A_wo_USD_index,EW,XLF,0.09090909090909091
2026-01-02,A_wo_USD_index,EW,XLI,0.09090909090909091
2026-01-02,A_wo_USD_index,EW,XLK,0.09090909090909091
2026-01-02,A_wo_USD_index,EW,XLP,0.09090909090909091
2026-01-02,A_wo_USD_index,EW,XLRE,0.09090909090909091
2026-01-02,A_wo_USD_index,EW,XLU,0.09090909090909091
2026-01-02,A_wo_USD_index,EW,XLV,0.09090909090909091
2026-01-02,A_wo_USD_index,EW,XLY,0.09090909090909091
2026-02-02,A_wo_USD_index,MV,XLB,0.0
2026-02-02,A_wo_USD_index,MV,XLC,3.958122498301896e-18
2026-02-02,A_wo_USD_index,MV,XLE,0.048956500190802096
2026-02-02,A_wo_USD_index,MV,XLF,3.209177804935097e-17
2026-02-02,A_wo_USD_index,MV,XLI,0.0
2026-02-02,A_wo_USD_index,MV,XLK,6.00571035224748e-17
2026-02-02,A_wo_USD_index,MV,XLP,2.2545960972348896e-18
2026-02-02,A_wo_USD_index,MV,XLRE,3.823395020317333e-17
2026-02-02,A_wo_USD_index,MV,XLU,0.0
2026-02-02,A_wo_USD_index,MV,XLV,0.9510434998091981
2026-02-02,A_wo_USD_index,MV,XLY,8.466608563834448e-18
2026-02-02,A_wo_USD_index,EW,XLB,0.09090909090909091
2026-02-02,A_wo_USD_index,EW,XLC,0.09090909090909091
2026-02-02,A_wo_USD_index,EW,XLE,0.09090909090909091
2026-02-02,A_wo_USD_index,EW,XLF,0.09090909090909091
2026-02-02,A_wo_USD_index,EW,XLI,0.09090909090909091
2026-02-02,A_wo_USD_index,EW,XLK,0.09090909090909091
2026-02-02,A_wo_USD_index,EW,XLP,0.09090909090909091
2026-02-02,A_wo_USD_index,EW,XLRE,0.09090909090909091
2026-02-02,A_wo_USD_index,EW,XLU,0.09090909090909091
2026-02-02,A_wo_USD_index,EW,XLV,0.09090909090909091
2026-02-02,A_wo_USD_index,EW,XLY,0.09090909090909091
2026-03-02,A_wo_USD_index,MV,XLB,9.760956015146043e-17
2026-03-02,A_wo_USD_index,MV,XLC,2.6428454670071526e-17
2026-03-02,A_wo_USD_index,MV,XLE,0.0
2026-03-02,A_wo_USD_index,MV,XLF,0.0
2026-03-02,A_wo_USD_index,MV,XLI,0.9999999999999999
2026-03-02,A_wo_USD_index,MV,XLK,3.11035916949384e-17
2026-03-02,A_wo_USD_index,MV,XLP,4.753142324176451e-16
2026-03-02,A_wo_USD_index,MV,XLRE,0.0
2026-03-02,A_wo_USD_index,MV,XLU,0.0
2026-03-02,A_wo_USD_index,MV,XLV,3.80129343055635e-17
2026-03-02,A_wo_USD_index,MV,XLY,0.0
2026-03-02,A_wo_USD_index,EW,XLB,0.09090909090909091
2026-03-02,A_wo_USD_index,EW,XLC,0.09090909090909091
2026-03-02,A_wo_USD_index,EW,XLE,0.09090909090909091
2026-03-02,A_wo_USD_index,EW,XLF,0.09090909090909091
2026-03-02,A_wo_USD_index,EW,XLI,0.09090909090909091
2026-03-02,A_wo_USD_index,EW,XLK,0.09090909090909091
2026-03-02,A_wo_USD_index,EW,XLP,0.09090909090909091
2026-03-02,A_wo_USD_index,EW,XLRE,0.09090909090909091
2026-03-02,A_wo_USD_index,EW,XLU,0.09090909090909091
2026-03-02,A_wo_USD_index,EW,XLV,0.09090909090909091
2026-03-02,A_wo_USD_index,EW,XLY,0.09090909090909091
2026-04-01,A_wo_USD_index,MV,XLB,6.74360460142957e-17
2026-04-01,A_wo_USD_index,MV,XLC,0.7445971905121487
2026-04-01,A_wo_USD_index,MV,XLE,9.345954857093634e-18
2026-04-01,A_wo_USD_index,MV,XLF,1.1945059085451666e-16
2026-04-01,A_wo_USD_index,MV,XLI,1.214306433183765e-16
2026-04-01,A_wo_USD_index,MV,XLK,0.021336231994370177
2026-04-01,A_wo_USD_index,MV,XLP,0.23406657749348128
2026-04-01,A_wo_USD_index,MV,XLRE,5.767676699875959e-18
2026-04-01,A_wo_USD_index,MV,XLU,0.0
2026-04-01,A_wo_USD_index,MV,XLV,0.0
2026-04-01,A_wo_USD_index,MV,XLY,0.0
2026-04-01,A_wo_USD_index,EW,XLB,0.09090909090909091
2026-04-01,A_wo_USD_index,EW,XLC,0.09090909090909091
2026-04-01,A_wo_USD_index,EW,XLE,0.09090909090909091
2026-04-01,A_wo_USD_index,EW,XLF,0.09090909090909091
2026-04-01,A_wo_USD_index,EW,XLI,0.09090909090909091
2026-04-01,A_wo_USD_index,EW,XLK,0.09090909090909091
2026-04-01,A_wo_USD_index,EW,XLP,0.09090909090909091
2026-04-01,A_wo_USD_index,EW,XLRE,0.09090909090909091
2026-04-01,A_wo_USD_index,EW,XLU,0.09090909090909091
2026-04-01,A_wo_USD_index,EW,XLV,0.09090909090909091
2026-04-01,A_wo_USD_index,EW,XLY,0.09090909090909091
2026-05-01,A_wo_USD_index,MV,XLB,0.0
2026-05-01,A_wo_USD_index,MV,XLC,3.3639119890328626e-17
2026-05-01,A_wo_USD_index,MV,XLE,0.0
2026-05-01,A_wo_USD_index,MV,XLF,0.0
2026-05-01,A_wo_USD_index,MV,XLI,7.103954282111352e-18
2026-05-01,A_wo_USD_index,MV,XLK,0.04536857583226553
2026-05-01,A_wo_USD_index,MV,XLP,3.81119428836255e-17
2026-05-01,A_wo_USD_index,MV,XLRE,2.42861286636753e-17
2026-05-01,A_wo_USD_index,MV,XLU,4.586707633856968e-17
2026-05-01,A_wo_USD_index,MV,XLV,0.9546314241677345
2026-05-01,A_wo_USD_index,MV,XLY,0.0
2026-05-01,A_wo_USD_index,EW,XLB,0.09090909090909091
2026-05-01,A_wo_USD_index,EW,XLC,0.09090909090909091
2026-05-01,A_wo_USD_index,EW,XLE,0.09090909090909091
2026-05-01,A_wo_USD_index,EW,XLF,0.09090909090909091
2026-05-01,A_wo_USD_index,EW,XLI,0.09090909090909091
2026-05-01,A_wo_USD_index,EW,XLK,0.09090909090909091
2026-05-01,A_wo_USD_index,EW,XLP,0.09090909090909091
2026-05-01,A_wo_USD_index,EW,XLRE,0.09090909090909091
2026-05-01,A_wo_USD_index,EW,XLU,0.09090909090909091
2026-05-01,A_wo_USD_index,EW,XLV,0.09090909090909091
2026-05-01,A_wo_USD_index,EW,XLY,0.09090909090909091
2026-06-01,A_wo_USD_index,MV,XLB,1.1061607334602215e-16
2026-06-01,A_wo_USD_index,MV,XLC,0.0
2026-06-01,A_wo_USD_index,MV,XLE,2.5240373751335713e-17
2026-06-01,A_wo_USD_index,MV,XLF,2.965610881449694e-17
2026-06-01,A_wo_USD_index,MV,XLI,9.599000427849844e-17
2026-06-01,A_wo_USD_index,MV,XLK,1.0
2026-06-01,A_wo_USD_index,MV,XLP,0.0
2026-06-01,A_wo_USD_index,MV,XLRE,9.212949462733391e-17
2026-06-01,A_wo_USD_index,MV,XLU,4.075530074572957e-18
2026-06-01,A_wo_USD_index,MV,XLV,7.529419135444378e-17
2026-06-01,A_wo_USD_index,MV,XLY,2.6270032857147333e-17
2026-06-01,A_wo_USD_index,EW,XLB,0.09090909090909091
2026-06-01,A_wo_USD_index,EW,XLC,0.09090909090909091
2026-06-01,A_wo_USD_index,EW,XLE,0.09090909090909091
2026-06-01,A_wo_USD_index,EW,XLF,0.09090909090909091
2026-06-01,A_wo_USD_index,EW,XLI,0.09090909090909091
2026-06-01,A_wo_USD_index,EW,XLK,0.09090909090909091
2026-06-01,A_wo_USD_index,EW,XLP,0.09090909090909091
2026-06-01,A_wo_USD_index,EW,XLRE,0.09090909090909091
2026-06-01,A_wo_USD_index,EW,XLU,0.09090909090909091
2026-06-01,A_wo_USD_index,EW,XLV,0.09090909090909091
2026-06-01,A_wo_USD_index,EW,XLY,0.09090909090909091
2026-07-01,A_wo_USD_index,MV,XLB,0.0
2026-07-01,A_wo_USD_index,MV,XLC,0.2836487619791319
2026-07-01,A_wo_USD_index,MV,XLE,0.0
2026-07-01,A_wo_USD_index,MV,XLF,0.5885549299005417
2026-07-01,A_wo_USD_index,MV,XLI,0.0
2026-07-01,A_wo_USD_index,MV,XLK,6.955885685871085e-17
2026-07-01,A_wo_USD_index,MV,XLP,0.12779630812032683
2026-07-01,A_wo_USD_index,MV,XLRE,9.71445146547012e-17
2026-07-01,A_wo_USD_index,MV,XLU,0.0
2026-07-01,A_wo_USD_index,MV,XLV,0.0
2026-07-01,A_wo_USD_index,MV,XLY,0.0
2026-07-01,A_wo_USD_index,EW,XLB,0.09090909090909091
2026-07-01,A_wo_USD_index,EW,XLC,0.09090909090909091
2026-07-01,A_wo_USD_index,EW,XLE,0.09090909090909091
2026-07-01,A_wo_USD_index,EW,XLF,0.09090909090909091
2026-07-01,A_wo_USD_index,EW,XLI,0.09090909090909091
2026-07-01,A_wo_USD_index,EW,XLK,0.09090909090909091
2026-07-01,A_wo_USD_index,EW,XLP,0.09090909090909091
2026-07-01,A_wo_USD_index,EW,XLRE,0.09090909090909091
2026-07-01,A_wo_USD_index,EW,XLU,0.09090909090909091
2026-07-01,A_wo_USD_index,EW,XLV,0.09090909090909091
2026-07-01,A_wo_USD_index,EW,XLY,0.09090909090909091
2023-01-03,A_wo_Gold,MV,XLB,2.174169292316236e-17
2023-01-03,A_wo_Gold,MV,XLC,0.0
2023-01-03,A_wo_Gold,MV,XLE,0.26574024589568507
2023-01-03,A_wo_Gold,MV,XLF,0.15078595174785187
2023-01-03,A_wo_Gold,MV,XLI,1.0128673647364043e-17
2023-01-03,A_wo_Gold,MV,XLK,0.0
2023-01-03,A_wo_Gold,MV,XLP,0.121658137912348
2023-01-03,A_wo_Gold,MV,XLRE,0.18408603664533457
2023-01-03,A_wo_Gold,MV,XLU,0.16758545367391697
2023-01-03,A_wo_Gold,MV,XLV,0.11014417412486376
2023-01-03,A_wo_Gold,MV,XLY,0.0
2023-01-03,A_wo_Gold,EW,XLB,0.09090909090909091
2023-01-03,A_wo_Gold,EW,XLC,0.09090909090909091
2023-01-03,A_wo_Gold,EW,XLE,0.09090909090909091
2023-01-03,A_wo_Gold,EW,XLF,0.09090909090909091
2023-01-03,A_wo_Gold,EW,XLI,0.09090909090909091
2023-01-03,A_wo_Gold,EW,XLK,0.09090909090909091
2023-01-03,A_wo_Gold,EW,XLP,0.09090909090909091
2023-01-03,A_wo_Gold,EW,XLRE,0.09090909090909091
2023-01-03,A_wo_Gold,EW,XLU,0.09090909090909091
2023-01-03,A_wo_Gold,EW,XLV,0.09090909090909091
2023-01-03,A_wo_Gold,EW,XLY,0.09090909090909091
2023-02-01,A_wo_Gold,MV,XLB,0.0
2023-02-01,A_wo_Gold,MV,XLC,0.24498151286717343
2023-02-01,A_wo_Gold,MV,XLE,1.214306433183765e-17
2023-02-01,A_wo_Gold,MV,XLF,0.0
2023-02-01,A_wo_Gold,MV,XLI,1.8214596497756474e-17
2023-02-01,A_wo_Gold,MV,XLK,0.0
2023-02-01,A_wo_Gold,MV,XLP,0.20084715099512868
2023-02-01,A_wo_Gold,MV,XLRE,0.2707552406987911
2023-02-01,A_wo_Gold,MV,XLU,0.2834160954389069
2023-02-01,A_wo_Gold,MV,XLV,0.0
2023-02-01,A_wo_Gold,MV,XLY,0.0
2023-02-01,A_wo_Gold,EW,XLB,0.09090909090909091
2023-02-01,A_wo_Gold,EW,XLC,0.09090909090909091
2023-02-01,A_wo_Gold,EW,XLE,0.09090909090909091
2023-02-01,A_wo_Gold,EW,XLF,0.09090909090909091
2023-02-01,A_wo_Gold,EW,XLI,0.09090909090909091
2023-02-01,A_wo_Gold,EW,XLK,0.09090909090909091
2023-02-01,A_wo_Gold,EW,XLP,0.09090909090909091
2023-02-01,A_wo_Gold,EW,XLRE,0.09090909090909091
2023-02-01,A_wo_Gold,EW,XLU,0.09090909090909091
2023-02-01,A_wo_Gold,EW,XLV,0.09090909090909091
2023-02-01,A_wo_Gold,EW,XLY,0.09090909090909091
2023-03-01,A_wo_Gold,MV,XLB,0.0
2023-03-01,A_wo_Gold,MV,XLC,0.10698433095723185
2023-03-01,A_wo_Gold,MV,XLE,0.27561409036112827
2023-03-01,A_wo_Gold,MV,XLF,0.610125421370251
2023-03-01,A_wo_Gold,MV,XLI,0.0
2023-03-01,A_wo_Gold,MV,XLK,0.0
2023-03-01,A_wo_Gold,MV,XLP,0.0
2023-03-01,A_wo_Gold,MV,XLRE,0.00727615731138893
2023-03-01,A_wo_Gold,MV,XLU,0.0
2023-03-01,A_wo_Gold,MV,XLV,0.0
2023-03-01,A_wo_Gold,MV,XLY,7.630618804815342e-18
2023-03-01,A_wo_Gold,EW,XLB,0.09090909090909091
2023-03-01,A_wo_Gold,EW,XLC,0.09090909090909091
2023-03-01,A_wo_Gold,EW,XLE,0.09090909090909091
2023-03-01,A_wo_Gold,EW,XLF,0.09090909090909091
2023-03-01,A_wo_Gold,EW,XLI,0.09090909090909091
2023-03-01,A_wo_Gold,EW,XLK,0.09090909090909091
2023-03-01,A_wo_Gold,EW,XLP,0.09090909090909091
2023-03-01,A_wo_Gold,EW,XLRE,0.09090909090909091
2023-03-01,A_wo_Gold,EW,XLU,0.09090909090909091
2023-03-01,A_wo_Gold,EW,XLV,0.09090909090909091
2023-03-01,A_wo_Gold,EW,XLY,0.09090909090909091
2023-04-03,A_wo_Gold,MV,XLB,3.8749411952236763e-17
2023-04-03,A_wo_Gold,MV,XLC,0.4730491843904724
2023-04-03,A_wo_Gold,MV,XLE,2.7945653617068774e-17
2023-04-03,A_wo_Gold,MV,XLF,0.0
2023-04-03,A_wo_Gold,MV,XLI,0.0
2023-04-03,A_wo_Gold,MV,XLK,2.906542386739601e-17
2023-04-03,A_wo_Gold,MV,XLP,3.0357660829594124e-17
2023-04-03,A_wo_Gold,MV,XLRE,0.22241950504884322
2023-04-03,A_wo_Gold,MV,XLU,0.13329850226360268
2023-04-03,A_wo_Gold,MV,XLV,0.17123280829708165
2023-04-03,A_wo_Gold,MV,XLY,0.0
2023-04-03,A_wo_Gold,EW,XLB,0.09090909090909091
2023-04-03,A_wo_Gold,EW,XLC,0.09090909090909091
2023-04-03,A_wo_Gold,EW,XLE,0.09090909090909091
2023-04-03,A_wo_Gold,EW,XLF,0.09090909090909091
2023-04-03,A_wo_Gold,EW,XLI,0.09090909090909091
2023-04-03,A_wo_Gold,EW,XLK,0.09090909090909091
2023-04-03,A_wo_Gold,EW,XLP,0.09090909090909091
2023-04-03,A_wo_Gold,EW,XLRE,0.09090909090909091
2023-04-03,A_wo_Gold,EW,XLU,0.09090909090909091
2023-04-03,A_wo_Gold,EW,XLV,0.09090909090909091
2023-04-03,A_wo_Gold,EW,XLY,0.09090909090909091
2023-05-01,A_wo_Gold,MV,XLB,9.540979117872439e-18
2023-05-01,A_wo_Gold,MV,XLC,0.16713229719307965
2023-05-01,A_wo_Gold,MV,XLE,5.160802341031001e-17
2023-05-01,A_wo_Gold,MV,XLF,6.114900252818245e-17
2023-05-01,A_wo_Gold,MV,XLI,0.0
2023-05-01,A_wo_Gold,MV,XLK,1.3010426069826053e-18
2023-05-01,A_wo_Gold,MV,XLP,0.7615928833820225
2023-05-01,A_wo_Gold,MV,XLRE,3.686287386450715e-17
2023-05-01,A_wo_Gold,MV,XLU,0.0
2023-05-01,A_wo_Gold,MV,XLV,0.0
2023-05-01,A_wo_Gold,MV,XLY,0.07127481942489801
2023-05-01,A_wo_Gold,EW,XLB,0.09090909090909091
2023-05-01,A_wo_Gold,EW,XLC,0.09090909090909091
2023-05-01,A_wo_Gold,EW,XLE,0.09090909090909091
2023-05-01,A_wo_Gold,EW,XLF,0.09090909090909091
2023-05-01,A_wo_Gold,EW,XLI,0.09090909090909091
2023-05-01,A_wo_Gold,EW,XLK,0.09090909090909091
2023-05-01,A_wo_Gold,EW,XLP,0.09090909090909091
2023-05-01,A_wo_Gold,EW,XLRE,0.09090909090909091
2023-05-01,A_wo_Gold,EW,XLU,0.09090909090909091
2023-05-01,A_wo_Gold,EW,XLV,0.09090909090909091
2023-05-01,A_wo_Gold,EW,XLY,0.09090909090909091
2023-06-01,A_wo_Gold,MV,XLB,0.9103346364802621
2023-06-01,A_wo_Gold,MV,XLC,0.0
2023-06-01,A_wo_Gold,MV,XLE,5.310221559068893e-18
2023-06-01,A_wo_Gold,MV,XLF,0.08966536351973822
2023-06-01,A_wo_Gold,MV,XLI,0.0
2023-06-01,A_wo_Gold,MV,XLK,0.0
2023-06-01,A_wo_Gold,MV,XLP,0.0
2023-06-01,A_wo_Gold,MV,XLRE,0.0
2023-06-01,A_wo_Gold,MV,XLU,0.0
2023-06-01,A_wo_Gold,MV,XLV,0.0
2023-06-01,A_wo_Gold,MV,XLY,0.0
2023-06-01,A_wo_Gold,EW,XLB,0.09090909090909091
2023-06-01,A_wo_Gold,EW,XLC,0.09090909090909091
2023-06-01,A_wo_Gold,EW,XLE,0.09090909090909091
2023-06-01,A_wo_Gold,EW,XLF,0.09090909090909091
2023-06-01,A_wo_Gold,EW,XLI,0.09090909090909091
2023-06-01,A_wo_Gold,EW,XLK,0.09090909090909091
2023-06-01,A_wo_Gold,EW,XLP,0.09090909090909091
2023-06-01,A_wo_Gold,EW,XLRE,0.09090909090909091
2023-06-01,A_wo_Gold,EW,XLU,0.09090909090909091
2023-06-01,A_wo_Gold,EW,XLV,0.09090909090909091
2023-06-01,A_wo_Gold,EW,XLY,0.09090909090909091
2023-07-03,A_wo_Gold,MV,XLB,7.407199038343987e-18
2023-07-03,A_wo_Gold,MV,XLC,0.5460609261751952
2023-07-03,A_wo_Gold,MV,XLE,0.0
2023-07-03,A_wo_Gold,MV,XLF,0.0
2023-07-03,A_wo_Gold,MV,XLI,3.5694167061573063e-17
2023-07-03,A_wo_Gold,MV,XLK,1.3498301014616289e-16
2023-07-03,A_wo_Gold,MV,XLP,0.45393907382480486
2023-07-03,A_wo_Gold,MV,XLRE,0.0
2023-07-03,A_wo_Gold,MV,XLU,7.400272040528333e-17
2023-07-03,A_wo_Gold,MV,XLV,0.0
2023-07-03,A_wo_Gold,MV,XLY,0.0
2023-07-03,A_wo_Gold,EW,XLB,0.09090909090909091
2023-07-03,A_wo_Gold,EW,XLC,0.09090909090909091
2023-07-03,A_wo_Gold,EW,XLE,0.09090909090909091
2023-07-03,A_wo_Gold,EW,XLF,0.09090909090909091
2023-07-03,A_wo_Gold,EW,XLI,0.09090909090909091
2023-07-03,A_wo_Gold,EW,XLK,0.09090909090909091
2023-07-03,A_wo_Gold,EW,XLP,0.09090909090909091
2023-07-03,A_wo_Gold,EW,XLRE,0.09090909090909091
2023-07-03,A_wo_Gold,EW,XLU,0.09090909090909091
2023-07-03,A_wo_Gold,EW,XLV,0.09090909090909091
2023-07-03,A_wo_Gold,EW,XLY,0.09090909090909091
2023-08-01,A_wo_Gold,MV,XLB,0.0
2023-08-01,A_wo_Gold,MV,XLC,0.3805819627691841
2023-08-01,A_wo_Gold,MV,XLE,0.033299112206457385
2023-08-01,A_wo_Gold,MV,XLF,2.2399210125202e-17
2023-08-01,A_wo_Gold,MV,XLI,1.969750655354289e-18
2023-08-01,A_wo_Gold,MV,XLK,0.0
2023-08-01,A_wo_Gold,MV,XLP,0.06590965779122428
2023-08-01,A_wo_Gold,MV,XLRE,0.23378417688345043
2023-08-01,A_wo_Gold,MV,XLU,0.17086685079485006
2023-08-01,A_wo_Gold,MV,XLV,0.11555823955483384
2023-08-01,A_wo_Gold,MV,XLY,0.0
2023-08-01,A_wo_Gold,EW,XLB,0.09090909090909091
2023-08-01,A_wo_Gold,EW,XLC,0.09090909090909091
2023-08-01,A_wo_Gold,EW,XLE,0.09090909090909091
2023-08-01,A_wo_Gold,EW,XLF,0.09090909090909091
2023-08-01,A_wo_Gold,EW,XLI,0.09090909090909091
2023-08-01,A_wo_Gold,EW,XLK,0.09090909090909091
2023-08-01,A_wo_Gold,EW,XLP,0.09090909090909091
2023-08-01,A_wo_Gold,EW,XLRE,0.09090909090909091
2023-08-01,A_wo_Gold,EW,XLU,0.09090909090909091
2023-08-01,A_wo_Gold,EW,XLV,0.09090909090909091
2023-08-01,A_wo_Gold,EW,XLY,0.09090909090909091
2023-09-01,A_wo_Gold,MV,XLB,2.6020852139652106e-17
2023-09-01,A_wo_Gold,MV,XLC,4.9873299934333204e-17
2023-09-01,A_wo_Gold,MV,XLE,0.0
2023-09-01,A_wo_Gold,MV,XLF,0.0
2023-09-01,A_wo_Gold,MV,XLI,5.637851296924623e-17
2023-09-01,A_wo_Gold,MV,XLK,4.119968255444917e-17
2023-09-01,A_wo_Gold,MV,XLP,0.8943267946953843
2023-09-01,A_wo_Gold,MV,XLRE,0.05104416765936101
2023-09-01,A_wo_Gold,MV,XLU,0.0
2023-09-01,A_wo_Gold,MV,XLV,1.3097162243624894e-16
2023-09-01,A_wo_Gold,MV,XLY,0.05462903764525462
2023-09-01,A_wo_Gold,EW,XLB,0.09090909090909091
2023-09-01,A_wo_Gold,EW,XLC,0.09090909090909091
2023-09-01,A_wo_Gold,EW,XLE,0.09090909090909091
2023-09-01,A_wo_Gold,EW,XLF,0.09090909090909091
2023-09-01,A_wo_Gold,EW,XLI,0.09090909090909091
2023-09-01,A_wo_Gold,EW,XLK,0.09090909090909091
2023-09-01,A_wo_Gold,EW,XLP,0.09090909090909091
2023-09-01,A_wo_Gold,EW,XLRE,0.09090909090909091
2023-09-01,A_wo_Gold,EW,XLU,0.09090909090909091
2023-09-01,A_wo_Gold,EW,XLV,0.09090909090909091
2023-09-01,A_wo_Gold,EW,XLY,0.09090909090909091
2023-10-02,A_wo_Gold,MV,XLB,7.502405230095242e-18
2023-10-02,A_wo_Gold,MV,XLC,0.0
2023-10-02,A_wo_Gold,MV,XLE,5.301977594838072e-18
2023-10-02,A_wo_Gold,MV,XLF,5.643012497141352e-17
2023-10-02,A_wo_Gold,MV,XLI,3.079138084972076e-17
2023-10-02,A_wo_Gold,MV,XLK,1.5698225303628085e-17
2023-10-02,A_wo_Gold,MV,XLP,1.3877787807814457e-17
2023-10-02,A_wo_Gold,MV,XLRE,1.6896769767830486e-17
2023-10-02,A_wo_Gold,MV,XLU,0.4754933607566653
2023-10-02,A_wo_Gold,MV,XLV,0.5245066392433344
2023-10-02,A_wo_Gold,MV,XLY,4.437134455029263e-17
2023-10-02,A_wo_Gold,EW,XLB,0.09090909090909091
2023-10-02,A_wo_Gold,EW,XLC,0.09090909090909091
2023-10-02,A_wo_Gold,EW,XLE,0.09090909090909091
2023-10-02,A_wo_Gold,EW,XLF,0.09090909090909091
2023-10-02,A_wo_Gold,EW,XLI,0.09090909090909091
2023-10-02,A_wo_Gold,EW,XLK,0.09090909090909091
2023-10-02,A_wo_Gold,EW,XLP,0.09090909090909091
2023-10-02,A_wo_Gold,EW,XLRE,0.09090909090909091
2023-10-02,A_wo_Gold,EW,XLU,0.09090909090909091
2023-10-02,A_wo_Gold,EW,XLV,0.09090909090909091
2023-10-02,A_wo_Gold,EW,XLY,0.09090909090909091
2023-11-01,A_wo_Gold,MV,XLB,1.0
2023-11-01,A_wo_Gold,MV,XLC,6.653279733968095e-17
2023-11-01,A_wo_Gold,MV,XLE,0.0
2023-11-01,A_wo_Gold,MV,XLF,7.494097231792618e-19
2023-11-01,A_wo_Gold,MV,XLI,0.0
2023-11-01,A_wo_Gold,MV,XLK,8.971821001711882e-17
2023-11-01,A_wo_Gold,MV,XLP,5.0584502017426104e-17
2023-11-01,A_wo_Gold,MV,XLRE,2.620281646981143e-17
2023-11-01,A_wo_Gold,MV,XLU,4.7267631837118305e-17
2023-11-01,A_wo_Gold,MV,XLV,0.0
2023-11-01,A_wo_Gold,MV,XLY,1.3081392288487795e-16
2023-11-01,A_wo_Gold,EW,XLB,0.09090909090909091
2023-11-01,A_wo_Gold,EW,XLC,0.09090909090909091
2023-11-01,A_wo_Gold,EW,XLE,0.09090909090909091
2023-11-01,A_wo_Gold,EW,XLF,0.09090909090909091
2023-11-01,A_wo_Gold,EW,XLI,0.09090909090909091
2023-11-01,A_wo_Gold,EW,XLK,0.09090909090909091
2023-11-01,A_wo_Gold,EW,XLP,0.09090909090909091
2023-11-01,A_wo_Gold,EW,XLRE,0.09090909090909091
2023-11-01,A_wo_Gold,EW,XLU,0.09090909090909091
2023-11-01,A_wo_Gold,EW,XLV,0.09090909090909091
2023-11-01,A_wo_Gold,EW,XLY,0.09090909090909091
2023-12-01,A_wo_Gold,MV,XLB,4.001851072662963e-17
2023-12-01,A_wo_Gold,MV,XLC,0.35999690303728354
2023-12-01,A_wo_Gold,MV,XLE,2.537992115689154e-17
2023-12-01,A_wo_Gold,MV,XLF,0.0
2023-12-01,A_wo_Gold,MV,XLI,0.0
2023-12-01,A_wo_Gold,MV,XLK,0.0
2023-12-01,A_wo_Gold,MV,XLP,0.3717330481007561
2023-12-01,A_wo_Gold,MV,XLRE,0.0
2023-12-01,A_wo_Gold,MV,XLU,0.0
2023-12-01,A_wo_Gold,MV,XLV,0.2682700488619608
2023-12-01,A_wo_Gold,MV,XLY,0.0
2023-12-01,A_wo_Gold,EW,XLB,0.09090909090909091
2023-12-01,A_wo_Gold,EW,XLC,0.09090909090909091
2023-12-01,A_wo_Gold,EW,XLE,0.09090909090909091
2023-12-01,A_wo_Gold,EW,XLF,0.09090909090909091
2023-12-01,A_wo_Gold,EW,XLI,0.09090909090909091
2023-12-01,A_wo_Gold,EW,XLK,0.09090909090909091
2023-12-01,A_wo_Gold,EW,XLP,0.09090909090909091
2023-12-01,A_wo_Gold,EW,XLRE,0.09090909090909091
2023-12-01,A_wo_Gold,EW,XLU,0.09090909090909091
2023-12-01,A_wo_Gold,EW,XLV,0.09090909090909091
2023-12-01,A_wo_Gold,EW,XLY,0.09090909090909091
2024-01-02,A_wo_Gold,MV,XLB,0.0
2024-01-02,A_wo_Gold,MV,XLC,0.5139628285379017
2024-01-02,A_wo_Gold,MV,XLE,0.0
2024-01-02,A_wo_Gold,MV,XLF,2.998847635814002e-17
2024-01-02,A_wo_Gold,MV,XLI,0.0
2024-01-02,A_wo_Gold,MV,XLK,1.734723475976807e-18
2024-01-02,A_wo_Gold,MV,XLP,0.1623503495475587
2024-01-02,A_wo_Gold,MV,XLRE,1.3559243590031132e-17
2024-01-02,A_wo_Gold,MV,XLU,0.32368682191453985
2024-01-02,A_wo_Gold,MV,XLV,0.0
2024-01-02,A_wo_Gold,MV,XLY,2.102864015828344e-17
2024-01-02,A_wo_Gold,EW,XLB,0.09090909090909091
2024-01-02,A_wo_Gold,EW,XLC,0.09090909090909091
2024-01-02,A_wo_Gold,EW,XLE,0.09090909090909091
2024-01-02,A_wo_Gold,EW,XLF,0.09090909090909091
2024-01-02,A_wo_Gold,EW,XLI,0.09090909090909091
2024-01-02,A_wo_Gold,EW,XLK,0.09090909090909091
2024-01-02,A_wo_Gold,EW,XLP,0.09090909090909091
2024-01-02,A_wo_Gold,EW,XLRE,0.09090909090909091
2024-01-02,A_wo_Gold,EW,XLU,0.09090909090909091
2024-01-02,A_wo_Gold,EW,XLV,0.09090909090909091
2024-01-02,A_wo_Gold,EW,XLY,0.09090909090909091
2024-02-01,A_wo_Gold,MV,XLB,0.0
2024-02-01,A_wo_Gold,MV,XLC,0.5045704979671015
2024-02-01,A_wo_Gold,MV,XLE,0.0
2024-02-01,A_wo_Gold,MV,XLF,0.0
2024-02-01,A_wo_Gold,MV,XLI,0.0
2024-02-01,A_wo_Gold,MV,XLK,9.513744624968823e-17
2024-02-01,A_wo_Gold,MV,XLP,0.25032149623616085
2024-02-01,A_wo_Gold,MV,XLRE,6.8013081819220546e-18
2024-02-01,A_wo_Gold,MV,XLU,0.24510800579673772
2024-02-01,A_wo_Gold,MV,XLV,0.0
2024-02-01,A_wo_Gold,MV,XLY,0.0
2024-02-01,A_wo_Gold,EW,XLB,0.09090909090909091
2024-02-01,A_wo_Gold,EW,XLC,0.09090909090909091
2024-02-01,A_wo_Gold,EW,XLE,0.09090909090909091
2024-02-01,A_wo_Gold,EW,XLF,0.09090909090909091
2024-02-01,A_wo_Gold,EW,XLI,0.09090909090909091
2024-02-01,A_wo_Gold,EW,XLK,0.09090909090909091
2024-02-01,A_wo_Gold,EW,XLP,0.09090909090909091
2024-02-01,A_wo_Gold,EW,XLRE,0.09090909090909091
2024-02-01,A_wo_Gold,EW,XLU,0.09090909090909091
2024-02-01,A_wo_Gold,EW,XLV,0.09090909090909091
2024-02-01,A_wo_Gold,EW,XLY,0.09090909090909091
2024-03-01,A_wo_Gold,MV,XLB,6.407741499814008e-19
2024-03-01,A_wo_Gold,MV,XLC,0.18078658304187226
2024-03-01,A_wo_Gold,MV,XLE,3.5521763882838653e-17
2024-03-01,A_wo_Gold,MV,XLF,0.24632064233092427
2024-03-01,A_wo_Gold,MV,XLI,0.11841039213408712
2024-03-01,A_wo_Gold,MV,XLK,0.0
2024-03-01,A_wo_Gold,MV,XLP,0.20995701288718577
2024-03-01,A_wo_Gold,MV,XLRE,0.0
2024-03-01,A_wo_Gold,MV,XLU,0.0
2024-03-01,A_wo_Gold,MV,XLV,0.2445253696059307
2024-03-01,A_wo_Gold,MV,XLY,3.684652651090917e-18
2024-03-01,A_wo_Gold,EW,XLB,0.09090909090909091
2024-03-01,A_wo_Gold,EW,XLC,0.09090909090909091
2024-03-01,A_wo_Gold,EW,XLE,0.09090909090909091
2024-03-01,A_wo_Gold,EW,XLF,0.09090909090909091
2024-03-01,A_wo_Gold,EW,XLI,0.09090909090909091
2024-03-01,A_wo_Gold,EW,XLK,0.09090909090909091
2024-03-01,A_wo_Gold,EW,XLP,0.09090909090909091
2024-03-01,A_wo_Gold,EW,XLRE,0.09090909090909091
2024-03-01,A_wo_Gold,EW,XLU,0.09090909090909091
2024-03-01,A_wo_Gold,EW,XLV,0.09090909090909091
2024-03-01,A_wo_Gold,EW,XLY,0.09090909090909091
2024-04-01,A_wo_Gold,MV,XLB,8.534339977199105e-17
2024-04-01,A_wo_Gold,MV,XLC,0.021871481368662238
2024-04-01,A_wo_Gold,MV,XLE,0.07287834729304346
2024-04-01,A_wo_Gold,MV,XLF,0.9052501713382946
2024-04-01,A_wo_Gold,MV,XLI,1.1812714556705248e-16
2024-04-01,A_wo_Gold,MV,XLK,0.0
2024-04-01,A_wo_Gold,MV,XLP,0.0
2024-04-01,A_wo_Gold,MV,XLRE,5.18161494736059e-17
2024-04-01,A_wo_Gold,MV,XLU,0.0
2024-04-01,A_wo_Gold,MV,XLV,6.151717706862051e-17
2024-04-01,A_wo_Gold,MV,XLY,9.282659323293115e-17
2024-04-01,A_wo_Gold,EW,XLB,0.09090909090909091
2024-04-01,A_wo_Gold,EW,XLC,0.09090909090909091
2024-04-01,A_wo_Gold,EW,XLE,0.09090909090909091
2024-04-01,A_wo_Gold,EW,XLF,0.09090909090909091
2024-04-01,A_wo_Gold,EW,XLI,0.09090909090909091
2024-04-01,A_wo_Gold,EW,XLK,0.09090909090909091
2024-04-01,A_wo_Gold,EW,XLP,0.09090909090909091
2024-04-01,A_wo_Gold,EW,XLRE,0.09090909090909091
2024-04-01,A_wo_Gold,EW,XLU,0.09090909090909091
2024-04-01,A_wo_Gold,EW,XLV,0.09090909090909091
2024-04-01,A_wo_Gold,EW,XLY,0.09090909090909091
2024-05-01,A_wo_Gold,MV,XLB,1.7296475222656482e-17
2024-05-01,A_wo_Gold,MV,XLC,0.8318878478414321
2024-05-01,A_wo_Gold,MV,XLE,0.16811215215856787
2024-05-01,A_wo_Gold,MV,XLF,0.0
2024-05-01,A_wo_Gold,MV,XLI,1.9989735127024014e-17
2024-05-01,A_wo_Gold,MV,XLK,8.326672684688674e-17
2024-05-01,A_wo_Gold,MV,XLP,0.0
2024-05-01,A_wo_Gold,MV,XLRE,0.0
2024-05-01,A_wo_Gold,MV,XLU,0.0
2024-05-01,A_wo_Gold,MV,XLV,0.0
2024-05-01,A_wo_Gold,MV,XLY,6.104676404377995e-18
2024-05-01,A_wo_Gold,EW,XLB,0.09090909090909091
2024-05-01,A_wo_Gold,EW,XLC,0.09090909090909091
2024-05-01,A_wo_Gold,EW,XLE,0.09090909090909091
2024-05-01,A_wo_Gold,EW,XLF,0.09090909090909091
2024-05-01,A_wo_Gold,EW,XLI,0.09090909090909091
2024-05-01,A_wo_Gold,EW,XLK,0.09090909090909091
2024-05-01,A_wo_Gold,EW,XLP,0.09090909090909091
2024-05-01,A_wo_Gold,EW,XLRE,0.09090909090909091
2024-05-01,A_wo_Gold,EW,XLU,0.09090909090909091
2024-05-01,A_wo_Gold,EW,XLV,0.09090909090909091
2024-05-01,A_wo_Gold,EW,XLY,0.09090909090909091
2024-06-03,A_wo_Gold,MV,XLB,0.0
2024-06-03,A_wo_Gold,MV,XLC,0.0
2024-06-03,A_wo_Gold,MV,XLE,0.0
2024-06-03,A_wo_Gold,MV,XLF,0.0
2024-06-03,A_wo_Gold,MV,XLI,2.763459593935124e-17
2024-06-03,A_wo_Gold,MV,XLK,0.5793047011336544
2024-06-03,A_wo_Gold,MV,XLP,0.0
2024-06-03,A_wo_Gold,MV,XLRE,0.0
2024-06-03,A_wo_Gold,MV,XLU,7.260459045850467e-17
2024-06-03,A_wo_Gold,MV,XLV,0.4206952988663458
2024-06-03,A_wo_Gold,MV,XLY,0.0
2024-06-03,A_wo_Gold,EW,XLB,0.09090909090909091
2024-06-03,A_wo_Gold,EW,XLC,0.09090909090909091
2024-06-03,A_wo_Gold,EW,XLE,0.09090909090909091
2024-06-03,A_wo_Gold,EW,XLF,0.09090909090909091
2024-06-03,A_wo_Gold,EW,XLI,0.09090909090909091
2024-06-03,A_wo_Gold,EW,XLK,0.09090909090909091
2024-06-03,A_wo_Gold,EW,XLP,0.09090909090909091
2024-06-03,A_wo_Gold,EW,XLRE,0.09090909090909091
2024-06-03,A_wo_Gold,EW,XLU,0.09090909090909091
2024-06-03,A_wo_Gold,EW,XLV,0.09090909090909091
2024-06-03,A_wo_Gold,EW,XLY,0.09090909090909091
2024-07-01,A_wo_Gold,MV,XLB,0.0
2024-07-01,A_wo_Gold,MV,XLC,0.9999999999999998
2024-07-01,A_wo_Gold,MV,XLE,2.46959348409858e-17
2024-07-01,A_wo_Gold,MV,XLF,8.752896094068897e-18
2024-07-01,A_wo_Gold,MV,XLI,1.916008032359725e-17
2024-07-01,A_wo_Gold,MV,XLK,8.024503705840827e-17
2024-07-01,A_wo_Gold,MV,XLP,2.7929047963226594e-16
2024-07-01,A_wo_Gold,MV,XLRE,0.0
2024-07-01,A_wo_Gold,MV,XLU,0.0
2024-07-01,A_wo_Gold,MV,XLV,0.0
2024-07-01,A_wo_Gold,MV,XLY,1.0447844814427432e-17
2024-07-01,A_wo_Gold,EW,XLB,0.09090909090909091
2024-07-01,A_wo_Gold,EW,XLC,0.09090909090909091
2024-07-01,A_wo_Gold,EW,XLE,0.09090909090909091
2024-07-01,A_wo_Gold,EW,XLF,0.09090909090909091
2024-07-01,A_wo_Gold,EW,XLI,0.09090909090909091
2024-07-01,A_wo_Gold,EW,XLK,0.09090909090909091
2024-07-01,A_wo_Gold,EW,XLP,0.09090909090909091
2024-07-01,A_wo_Gold,EW,XLRE,0.09090909090909091
2024-07-01,A_wo_Gold,EW,XLU,0.09090909090909091
2024-07-01,A_wo_Gold,EW,XLV,0.09090909090909091
2024-07-01,A_wo_Gold,EW,XLY,0.09090909090909091
2024-08-01,A_wo_Gold,MV,XLB,3.2433926696914847e-18
2024-08-01,A_wo_Gold,MV,XLC,0.0
2024-08-01,A_wo_Gold,MV,XLE,1.722292467382e-17
2024-08-01,A_wo_Gold,MV,XLF,0.0
2024-08-01,A_wo_Gold,MV,XLI,1.0720914123926294e-17
2024-08-01,A_wo_Gold,MV,XLK,1.0
2024-08-01,A_wo_Gold,MV,XLP,4.0267783152085664e-16
2024-08-01,A_wo_Gold,MV,XLRE,3.3507142552407e-17
2024-08-01,A_wo_Gold,MV,XLU,1.6877397375579265e-18
2024-08-01,A_wo_Gold,MV,XLV,1.1090438053898272e-17
2024-08-01,A_wo_Gold,MV,XLY,0.0
2024-08-01,A_wo_Gold,EW,XLB,0.09090909090909091
2024-08-01,A_wo_Gold,EW,XLC,0.09090909090909091
2024-08-01,A_wo_Gold,EW,XLE,0.09090909090909091
2024-08-01,A_wo_Gold,EW,XLF,0.09090909090909091
2024-08-01,A_wo_Gold,EW,XLI,0.09090909090909091
2024-08-01,A_wo_Gold,EW,XLK,0.09090909090909091
2024-08-01,A_wo_Gold,EW,XLP,0.09090909090909091
2024-08-01,A_wo_Gold,EW,XLRE,0.09090909090909091
2024-08-01,A_wo_Gold,EW,XLU,0.09090909090909091
2024-08-01,A_wo_Gold,EW,XLV,0.09090909090909091
2024-08-01,A_wo_Gold,EW,XLY,0.09090909090909091
2024-09-03,A_wo_Gold,MV,XLB,1.8966568679270196e-16
2024-09-03,A_wo_Gold,MV,XLC,2.220446049250313e-16
2024-09-03,A_wo_Gold,MV,XLE,3.3034766698572136e-17
2024-09-03,A_wo_Gold,MV,XLF,0.45435911734343953
2024-09-03,A_wo_Gold,MV,XLI,0.0
2024-09-03,A_wo_Gold,MV,XLK,0.5456408826565601
2024-09-03,A_wo_Gold,MV,XLP,0.0
2024-09-03,A_wo_Gold,MV,XLRE,1.796996123319945e-18
2024-09-03,A_wo_Gold,MV,XLU,6.583905863124155e-17
2024-09-03,A_wo_Gold,MV,XLV,9.64010013289085e-17
2024-09-03,A_wo_Gold,MV,XLY,9.317325478606257e-18
2024-09-03,A_wo_Gold,EW,XLB,0.09090909090909091
2024-09-03,A_wo_Gold,EW,XLC,0.09090909090909091
2024-09-03,A_wo_Gold,EW,XLE,0.09090909090909091
2024-09-03,A_wo_Gold,EW,XLF,0.09090909090909091
2024-09-03,A_wo_Gold,EW,XLI,0.09090909090909091
2024-09-03,A_wo_Gold,EW,XLK,0.09090909090909091
2024-09-03,A_wo_Gold,EW,XLP,0.09090909090909091
2024-09-03,A_wo_Gold,EW,XLRE,0.09090909090909091
2024-09-03,A_wo_Gold,EW,XLU,0.09090909090909091
2024-09-03,A_wo_Gold,EW,XLV,0.09090909090909091
2024-09-03,A_wo_Gold,EW,XLY,0.09090909090909091
2024-10-01,A_wo_Gold,MV,XLB,0.0
2024-10-01,A_wo_Gold,MV,XLC,0.5720928564184296
2024-10-01,A_wo_Gold,MV,XLE,3.114189288661123e-17
2024-10-01,A_wo_Gold,MV,XLF,2.201576014388036e-16
2024-10-01,A_wo_Gold,MV,XLI,4.163336342344337e-17
2024-10-01,A_wo_Gold,MV,XLK,0.0
2024-10-01,A_wo_Gold,MV,XLP,0.0
2024-10-01,A_wo_Gold,MV,XLRE,6.408174568555021e-17
2024-10-01,A_wo_Gold,MV,XLU,0.4279071435815703
2024-10-01,A_wo_Gold,MV,XLV,0.0
2024-10-01,A_wo_Gold,MV,XLY,2.7783107440977254e-17
2024-10-01,A_wo_Gold,EW,XLB,0.09090909090909091
2024-10-01,A_wo_Gold,EW,XLC,0.09090909090909091
2024-10-01,A_wo_Gold,EW,XLE,0.09090909090909091
2024-10-01,A_wo_Gold,EW,XLF,0.09090909090909091
2024-10-01,A_wo_Gold,EW,XLI,0.09090909090909091
2024-10-01,A_wo_Gold,EW,XLK,0.09090909090909091
2024-10-01,A_wo_Gold,EW,XLP,0.09090909090909091
2024-10-01,A_wo_Gold,EW,XLRE,0.09090909090909091
2024-10-01,A_wo_Gold,EW,XLU,0.09090909090909091
2024-10-01,A_wo_Gold,EW,XLV,0.09090909090909091
2024-10-01,A_wo_Gold,EW,XLY,0.09090909090909091
2024-11-01,A_wo_Gold,MV,XLB,0.0
2024-11-01,A_wo_Gold,MV,XLC,0.24256192136304158
2024-11-01,A_wo_Gold,MV,XLE,1.6309765245000868e-16
2024-11-01,A_wo_Gold,MV,XLF,0.0
2024-11-01,A_wo_Gold,MV,XLI,1.5012479548091462e-17
2024-11-01,A_wo_Gold,MV,XLK,0.7574380786369584
2024-11-01,A_wo_Gold,MV,XLP,7.13105291178311e-19
2024-11-01,A_wo_Gold,MV,XLRE,2.5629253129261666e-17
2024-11-01,A_wo_Gold,MV,XLU,0.0
2024-11-01,A_wo_Gold,MV,XLV,0.0
2024-11-01,A_wo_Gold,MV,XLY,1.7154737046927794e-18
2024-11-01,A_wo_Gold,EW,XLB,0.09090909090909091
2024-11-01,A_wo_Gold,EW,XLC,0.09090909090909091
2024-11-01,A_wo_Gold,EW,XLE,0.09090909090909091
2024-11-01,A_wo_Gold,EW,XLF,0.09090909090909091
2024-11-01,A_wo_Gold,EW,XLI,0.09090909090909091
2024-11-01,A_wo_Gold,EW,XLK,0.09090909090909091
2024-11-01,A_wo_Gold,EW,XLP,0.09090909090909091
2024-11-01,A_wo_Gold,EW,XLRE,0.09090909090909091
2024-11-01,A_wo_Gold,EW,XLU,0.09090909090909091
2024-11-01,A_wo_Gold,EW,XLV,0.09090909090909091
2024-11-01,A_wo_Gold,EW,XLY,0.09090909090909091
2024-12-02,A_wo_Gold,MV,XLB,0.0
2024-12-02,A_wo_Gold,MV,XLC,1.0
2024-12-02,A_wo_Gold,MV,XLE,7.97768227214071e-17
2024-12-02,A_wo_Gold,MV,XLF,0.0
2024-12-02,A_wo_Gold,MV,XLI,0.0
2024-12-02,A_wo_Gold,MV,XLK,7.857534718391882e-17
2024-12-02,A_wo_Gold,MV,XLP,7.846366283735922e-17
2024-12-02,A_wo_Gold,MV,XLRE,1.0415164381718531e-17
2024-12-02,A_wo_Gold,MV,XLU,2.1881310430043676e-17
2024-12-02,A_wo_Gold,MV,XLV,3.978643359274806e-17
2024-12-02,A_wo_Gold,MV,XLY,7.797575931459082e-17
2024-12-02,A_wo_Gold,EW,XLB,0.09090909090909091
2024-12-02,A_wo_Gold,EW,XLC,0.09090909090909091
2024-12-02,A_wo_Gold,EW,XLE,0.09090909090909091
2024-12-02,A_wo_Gold,EW,XLF,0.09090909090909091
2024-12-02,A_wo_Gold,EW,XLI,0.09090909090909091
2024-12-02,A_wo_Gold,EW,XLK,0.09090909090909091
2024-12-02,A_wo_Gold,EW,XLP,0.09090909090909091
2024-12-02,A_wo_Gold,EW,XLRE,0.09090909090909091
2024-12-02,A_wo_Gold,EW,XLU,0.09090909090909091
2024-12-02,A_wo_Gold,EW,XLV,0.09090909090909091
2024-12-02,A_wo_Gold,EW,XLY,0.09090909090909091
2025-01-02,A_wo_Gold,MV,XLB,8.069956067852134e-16
2025-01-02,A_wo_Gold,MV,XLC,0.9999999999999999
2025-01-02,A_wo_Gold,MV,XLE,0.0
2025-01-02,A_wo_Gold,MV,XLF,5.2338121437716376e-17
2025-01-02,A_wo_Gold,MV,XLI,0.0
2025-01-02,A_wo_Gold,MV,XLK,0.0
2025-01-02,A_wo_Gold,MV,XLP,0.0
2025-01-02,A_wo_Gold,MV,XLRE,0.0
2025-01-02,A_wo_Gold,MV,XLU,0.0
2025-01-02,A_wo_Gold,MV,XLV,0.0
2025-01-02,A_wo_Gold,MV,XLY,0.0
2025-01-02,A_wo_Gold,EW,XLB,0.09090909090909091
2025-01-02,A_wo_Gold,EW,XLC,0.09090909090909091
2025-01-02,A_wo_Gold,EW,XLE,0.09090909090909091
2025-01-02,A_wo_Gold,EW,XLF,0.09090909090909091
2025-01-02,A_wo_Gold,EW,XLI,0.09090909090909091
2025-01-02,A_wo_Gold,EW,XLK,0.09090909090909091
2025-01-02,A_wo_Gold,EW,XLP,0.09090909090909091
2025-01-02,A_wo_Gold,EW,XLRE,0.09090909090909091
2025-01-02,A_wo_Gold,EW,XLU,0.09090909090909091
2025-01-02,A_wo_Gold,EW,XLV,0.09090909090909091
2025-01-02,A_wo_Gold,EW,XLY,0.09090909090909091
2025-02-03,A_wo_Gold,MV,XLB,2.0361178128596038e-17
2025-02-03,A_wo_Gold,MV,XLC,0.5577761871607939
2025-02-03,A_wo_Gold,MV,XLE,0.052355154442485945
2025-02-03,A_wo_Gold,MV,XLF,6.418476861114186e-17
2025-02-03,A_wo_Gold,MV,XLI,0.0
2025-02-03,A_wo_Gold,MV,XLK,0.38986865839672014
2025-02-03,A_wo_Gold,MV,XLP,8.675120786831184e-17
2025-02-03,A_wo_Gold,MV,XLRE,5.555781245450191e-17
2025-02-03,A_wo_Gold,MV,XLU,4.600492440873532e-17
2025-02-03,A_wo_Gold,MV,XLV,0.0
2025-02-03,A_wo_Gold,MV,XLY,0.0
2025-02-03,A_wo_Gold,EW,XLB,0.09090909090909091
2025-02-03,A_wo_Gold,EW,XLC,0.09090909090909091
2025-02-03,A_wo_Gold,EW,XLE,0.09090909090909091
2025-02-03,A_wo_Gold,EW,XLF,0.09090909090909091
2025-02-03,A_wo_Gold,EW,XLI,0.09090909090909091
2025-02-03,A_wo_Gold,EW,XLK,0.09090909090909091
2025-02-03,A_wo_Gold,EW,XLP,0.09090909090909091
2025-02-03,A_wo_Gold,EW,XLRE,0.09090909090909091
2025-02-03,A_wo_Gold,EW,XLU,0.09090909090909091
2025-02-03,A_wo_Gold,EW,XLV,0.09090909090909091
2025-02-03,A_wo_Gold,EW,XLY,0.09090909090909091
2025-03-03,A_wo_Gold,MV,XLB,1.197490716975749e-16
2025-03-03,A_wo_Gold,MV,XLC,0.4514317527599563
2025-03-03,A_wo_Gold,MV,XLE,2.085196477009481e-17
2025-03-03,A_wo_Gold,MV,XLF,4.163336342344337e-17
2025-03-03,A_wo_Gold,MV,XLI,1.5523606127598345e-16
2025-03-03,A_wo_Gold,MV,XLK,0.5485682472400436
2025-03-03,A_wo_Gold,MV,XLP,0.0
2025-03-03,A_wo_Gold,MV,XLRE,0.0
2025-03-03,A_wo_Gold,MV,XLU,0.0
2025-03-03,A_wo_Gold,MV,XLV,1.4904052807878935e-16
2025-03-03,A_wo_Gold,MV,XLY,2.5861127798683566e-17
2025-03-03,A_wo_Gold,EW,XLB,0.09090909090909091
2025-03-03,A_wo_Gold,EW,XLC,0.09090909090909091
2025-03-03,A_wo_Gold,EW,XLE,0.09090909090909091
2025-03-03,A_wo_Gold,EW,XLF,0.09090909090909091
2025-03-03,A_wo_Gold,EW,XLI,0.09090909090909091
2025-03-03,A_wo_Gold,EW,XLK,0.09090909090909091
2025-03-03,A_wo_Gold,EW,XLP,0.09090909090909091
2025-03-03,A_wo_Gold,EW,XLRE,0.09090909090909091
2025-03-03,A_wo_Gold,EW,XLU,0.09090909090909091
2025-03-03,A_wo_Gold,EW,XLV,0.09090909090909091
2025-03-03,A_wo_Gold,EW,XLY,0.09090909090909091
2025-04-01,A_wo_Gold,MV,XLB,0.0
2025-04-01,A_wo_Gold,MV,XLC,0.9999999999999999
2025-04-01,A_wo_Gold,MV,XLE,0.0
2025-04-01,A_wo_Gold,MV,XLF,0.0
2025-04-01,A_wo_Gold,MV,XLI,0.0
2025-04-01,A_wo_Gold,MV,XLK,6.157494420220935e-17
2025-04-01,A_wo_Gold,MV,XLP,1.4886771066432683e-17
2025-04-01,A_wo_Gold,MV,XLRE,1.4775862664210603e-16
2025-04-01,A_wo_Gold,MV,XLU,0.0
2025-04-01,A_wo_Gold,MV,XLV,1.8041124150158794e-16
2025-04-01,A_wo_Gold,MV,XLY,4.810296799417992e-17
2025-04-01,A_wo_Gold,EW,XLB,0.09090909090909091
2025-04-01,A_wo_Gold,EW,XLC,0.09090909090909091
2025-04-01,A_wo_Gold,EW,XLE,0.09090909090909091
2025-04-01,A_wo_Gold,EW,XLF,0.09090909090909091
2025-04-01,A_wo_Gold,EW,XLI,0.09090909090909091
2025-04-01,A_wo_Gold,EW,XLK,0.09090909090909091
2025-04-01,A_wo_Gold,EW,XLP,0.09090909090909091
2025-04-01,A_wo_Gold,EW,XLRE,0.09090909090909091
2025-04-01,A_wo_Gold,EW,XLU,0.09090909090909091
2025-04-01,A_wo_Gold,EW,XLV,0.09090909090909091
2025-04-01,A_wo_Gold,EW,XLY,0.09090909090909091
2025-05-01,A_wo_Gold,MV,XLB,0.0
2025-05-01,A_wo_Gold,MV,XLC,0.9999999999999998
2025-05-01,A_wo_Gold,MV,XLE,5.786642284427063e-17
2025-05-01,A_wo_Gold,MV,XLF,5.551115123125783e-17
2025-05-01,A_wo_Gold,MV,XLI,1.899955727804852e-16
2025-05-01,A_wo_Gold,MV,XLK,1.6968552422623362e-16
2025-05-01,A_wo_Gold,MV,XLP,0.0
2025-05-01,A_wo_Gold,MV,XLRE,1.4435580522966853e-16
2025-05-01,A_wo_Gold,MV,XLU,1.2486757811824152e-16
2025-05-01,A_wo_Gold,MV,XLV,2.527197764478746e-17
2025-05-01,A_wo_Gold,MV,XLY,7.019289906325071e-17
2025-05-01,A_wo_Gold,EW,XLB,0.09090909090909091
2025-05-01,A_wo_Gold,EW,XLC,0.09090909090909091
2025-05-01,A_wo_Gold,EW,XLE,0.09090909090909091
2025-05-01,A_wo_Gold,EW,XLF,0.09090909090909091
2025-05-01,A_wo_Gold,EW,XLI,0.09090909090909091
2025-05-01,A_wo_Gold,EW,XLK,0.09090909090909091
2025-05-01,A_wo_Gold,EW,XLP,0.09090909090909091
2025-05-01,A_wo_Gold,EW,XLRE,0.09090909090909091
2025-05-01,A_wo_Gold,EW,XLU,0.09090909090909091
2025-05-01,A_wo_Gold,EW,XLV,0.09090909090909091
2025-05-01,A_wo_Gold,EW,XLY,0.09090909090909091
2025-06-02,A_wo_Gold,MV,XLB,0.0
2025-06-02,A_wo_Gold,MV,XLC,0.1375057355242471
2025-06-02,A_wo_Gold,MV,XLE,6.140393493343728e-17
2025-06-02,A_wo_Gold,MV,XLF,0.043243165875743096
2025-06-02,A_wo_Gold,MV,XLI,3.81915972848894e-17
2025-06-02,A_wo_Gold,MV,XLK,0.0
2025-06-02,A_wo_Gold,MV,XLP,0.0
2025-06-02,A_wo_Gold,MV,XLRE,4.7843838796190724e-17
2025-06-02,A_wo_Gold,MV,XLU,0.4013456874343808
2025-06-02,A_wo_Gold,MV,XLV,0.4179054111656293
2025-06-02,A_wo_Gold,MV,XLY,0.0
2025-06-02,A_wo_Gold,EW,XLB,0.09090909090909091
2025-06-02,A_wo_Gold,EW,XLC,0.09090909090909091
2025-06-02,A_wo_Gold,EW,XLE,0.09090909090909091
2025-06-02,A_wo_Gold,EW,XLF,0.09090909090909091
2025-06-02,A_wo_Gold,EW,XLI,0.09090909090909091
2025-06-02,A_wo_Gold,EW,XLK,0.09090909090909091
2025-06-02,A_wo_Gold,EW,XLP,0.09090909090909091
2025-06-02,A_wo_Gold,EW,XLRE,0.09090909090909091
2025-06-02,A_wo_Gold,EW,XLU,0.09090909090909091
2025-06-02,A_wo_Gold,EW,XLV,0.09090909090909091
2025-06-02,A_wo_Gold,EW,XLY,0.09090909090909091
2025-07-01,A_wo_Gold,MV,XLB,1.0667395271792864e-18
2025-07-01,A_wo_Gold,MV,XLC,0.8353564626663607
2025-07-01,A_wo_Gold,MV,XLE,2.1206769738637236e-17
2025-07-01,A_wo_Gold,MV,XLF,2.3744305306648445e-18
2025-07-01,A_wo_Gold,MV,XLI,6.905286864954467e-17
2025-07-01,A_wo_Gold,MV,XLK,5.624108987834803e-17
2025-07-01,A_wo_Gold,MV,XLP,0.0
2025-07-01,A_wo_Gold,MV,XLRE,0.0
2025-07-01,A_wo_Gold,MV,XLU,3.586395418117177e-17
2025-07-01,A_wo_Gold,MV,XLV,0.16464353733363918
2025-07-01,A_wo_Gold,MV,XLY,4.7319066870688844e-17
2025-07-01,A_wo_Gold,EW,XLB,0.09090909090909091
2025-07-01,A_wo_Gold,EW,XLC,0.09090909090909091
2025-07-01,A_wo_Gold,EW,XLE,0.09090909090909091
2025-07-01,A_wo_Gold,EW,XLF,0.09090909090909091
2025-07-01,A_wo_Gold,EW,XLI,0.09090909090909091
2025-07-01,A_wo_Gold,EW,XLK,0.09090909090909091
2025-07-01,A_wo_Gold,EW,XLP,0.09090909090909091
2025-07-01,A_wo_Gold,EW,XLRE,0.09090909090909091
2025-07-01,A_wo_Gold,EW,XLU,0.09090909090909091
2025-07-01,A_wo_Gold,EW,XLV,0.09090909090909091
2025-07-01,A_wo_Gold,EW,XLY,0.09090909090909091
2025-08-01,A_wo_Gold,MV,XLB,0.0
2025-08-01,A_wo_Gold,MV,XLC,0.0
2025-08-01,A_wo_Gold,MV,XLE,3.9671063518728174e-17
2025-08-01,A_wo_Gold,MV,XLF,3.2528506788007525e-17
2025-08-01,A_wo_Gold,MV,XLI,1.6998224902871172e-17
2025-08-01,A_wo_Gold,MV,XLK,3.759371796626542e-17
2025-08-01,A_wo_Gold,MV,XLP,0.0
2025-08-01,A_wo_Gold,MV,XLRE,0.0
2025-08-01,A_wo_Gold,MV,XLU,2.4945099772665816e-17
2025-08-01,A_wo_Gold,MV,XLV,1.0
2025-08-01,A_wo_Gold,MV,XLY,3.7253077680871565e-17
2025-08-01,A_wo_Gold,EW,XLB,0.09090909090909091
2025-08-01,A_wo_Gold,EW,XLC,0.09090909090909091
2025-08-01,A_wo_Gold,EW,XLE,0.09090909090909091
2025-08-01,A_wo_Gold,EW,XLF,0.09090909090909091
2025-08-01,A_wo_Gold,EW,XLI,0.09090909090909091
2025-08-01,A_wo_Gold,EW,XLK,0.09090909090909091
2025-08-01,A_wo_Gold,EW,XLP,0.09090909090909091
2025-08-01,A_wo_Gold,EW,XLRE,0.09090909090909091
2025-08-01,A_wo_Gold,EW,XLU,0.09090909090909091
2025-08-01,A_wo_Gold,EW,XLV,0.09090909090909091
2025-08-01,A_wo_Gold,EW,XLY,0.09090909090909091
2025-09-02,A_wo_Gold,MV,XLB,5.690679793862706e-17
2025-09-02,A_wo_Gold,MV,XLC,0.47507518255177095
2025-09-02,A_wo_Gold,MV,XLE,2.962754154585614e-16
2025-09-02,A_wo_Gold,MV,XLF,0.0
2025-09-02,A_wo_Gold,MV,XLI,6.0588607991601396e-18
2025-09-02,A_wo_Gold,MV,XLK,0.0
2025-09-02,A_wo_Gold,MV,XLP,0.5249248174482293
2025-09-02,A_wo_Gold,MV,XLRE,0.0
2025-09-02,A_wo_Gold,MV,XLU,5.967471210968778e-18
2025-09-02,A_wo_Gold,MV,XLV,1.0121127336192593e-16
2025-09-02,A_wo_Gold,MV,XLY,5.341813556158757e-17
2025-09-02,A_wo_Gold,EW,XLB,0.09090909090909091
2025-09-02,A_wo_Gold,EW,XLC,0.09090909090909091
2025-09-02,A_wo_Gold,EW,XLE,0.09090909090909091
2025-09-02,A_wo_Gold,EW,XLF,0.09090909090909091
2025-09-02,A_wo_Gold,EW,XLI,0.09090909090909091
2025-09-02,A_wo_Gold,EW,XLK,0.09090909090909091
2025-09-02,A_wo_Gold,EW,XLP,0.09090909090909091
2025-09-02,A_wo_Gold,EW,XLRE,0.09090909090909091
2025-09-02,A_wo_Gold,EW,XLU,0.09090909090909091
2025-09-02,A_wo_Gold,EW,XLV,0.09090909090909091
2025-09-02,A_wo_Gold,EW,XLY,0.09090909090909091
2025-10-01,A_wo_Gold,MV,XLB,0.0
2025-10-01,A_wo_Gold,MV,XLC,0.30245049103695315
2025-10-01,A_wo_Gold,MV,XLE,3.469446951953614e-18
2025-10-01,A_wo_Gold,MV,XLF,2.6740637870134412e-17
2025-10-01,A_wo_Gold,MV,XLI,0.0
2025-10-01,A_wo_Gold,MV,XLK,0.0
2025-10-01,A_wo_Gold,MV,XLP,0.34737993452912247
2025-10-01,A_wo_Gold,MV,XLRE,0.0
2025-10-01,A_wo_Gold,MV,XLU,0.35016957443392444
2025-10-01,A_wo_Gold,MV,XLV,1.6344962741011842e-20
2025-10-01,A_wo_Gold,MV,XLY,7.605151080723158e-19
2025-10-01,A_wo_Gold,EW,XLB,0.09090909090909091
2025-10-01,A_wo_Gold,EW,XLC,0.09090909090909091
2025-10-01,A_wo_Gold,EW,XLE,0.09090909090909091
2025-10-01,A_wo_Gold,EW,XLF,0.09090909090909091
2025-10-01,A_wo_Gold,EW,XLI,0.09090909090909091
2025-10-01,A_wo_Gold,EW,XLK,0.09090909090909091
2025-10-01,A_wo_Gold,EW,XLP,0.09090909090909091
2025-10-01,A_wo_Gold,EW,XLRE,0.09090909090909091
2025-10-01,A_wo_Gold,EW,XLU,0.09090909090909091
2025-10-01,A_wo_Gold,EW,XLV,0.09090909090909091
2025-10-01,A_wo_Gold,EW,XLY,0.09090909090909091
2025-11-03,A_wo_Gold,MV,XLB,0.06782741298834054
2025-11-03,A_wo_Gold,MV,XLC,0.15526332100070062
2025-11-03,A_wo_Gold,MV,XLE,0.0
2025-11-03,A_wo_Gold,MV,XLF,0.0
2025-11-03,A_wo_Gold,MV,XLI,0.0
2025-11-03,A_wo_Gold,MV,XLK,0.0
2025-11-03,A_wo_Gold,MV,XLP,0.4254545390309973
2025-11-03,A_wo_Gold,MV,XLRE,0.3514547269799613
2025-11-03,A_wo_Gold,MV,XLU,5.16908947451523e-17
2025-11-03,A_wo_Gold,MV,XLV,3.320806036218857e-17
2025-11-03,A_wo_Gold,MV,XLY,4.0540109638874405e-17
2025-11-03,A_wo_Gold,EW,XLB,0.09090909090909091
2025-11-03,A_wo_Gold,EW,XLC,0.09090909090909091
2025-11-03,A_wo_Gold,EW,XLE,0.09090909090909091
2025-11-03,A_wo_Gold,EW,XLF,0.09090909090909091
2025-11-03,A_wo_Gold,EW,XLI,0.09090909090909091
2025-11-03,A_wo_Gold,EW,XLK,0.09090909090909091
2025-11-03,A_wo_Gold,EW,XLP,0.09090909090909091
2025-11-03,A_wo_Gold,EW,XLRE,0.09090909090909091
2025-11-03,A_wo_Gold,EW,XLU,0.09090909090909091
2025-11-03,A_wo_Gold,EW,XLV,0.09090909090909091
2025-11-03,A_wo_Gold,EW,XLY,0.09090909090909091
2025-12-01,A_wo_Gold,MV,XLB,3.1102345776779746e-18
2025-12-01,A_wo_Gold,MV,XLC,0.21323304844459945
2025-12-01,A_wo_Gold,MV,XLE,7.645705959719636e-17
2025-12-01,A_wo_Gold,MV,XLF,3.304504096176875e-17
2025-12-01,A_wo_Gold,MV,XLI,3.2961860818426785e-17
2025-12-01,A_wo_Gold,MV,XLK,2.686396927617486e-17
2025-12-01,A_wo_Gold,MV,XLP,6.242265507609895e-17
2025-12-01,A_wo_Gold,MV,XLRE,0.0
2025-12-01,A_wo_Gold,MV,XLU,0.7867669515554003
2025-12-01,A_wo_Gold,MV,XLV,0.0
2025-12-01,A_wo_Gold,MV,XLY,5.78239771656437e-17
2025-12-01,A_wo_Gold,EW,XLB,0.09090909090909091
2025-12-01,A_wo_Gold,EW,XLC,0.09090909090909091
2025-12-01,A_wo_Gold,EW,XLE,0.09090909090909091
2025-12-01,A_wo_Gold,EW,XLF,0.09090909090909091
2025-12-01,A_wo_Gold,EW,XLI,0.09090909090909091
2025-12-01,A_wo_Gold,EW,XLK,0.09090909090909091
2025-12-01,A_wo_Gold,EW,XLP,0.09090909090909091
2025-12-01,A_wo_Gold,EW,XLRE,0.09090909090909091
2025-12-01,A_wo_Gold,EW,XLU,0.09090909090909091
2025-12-01,A_wo_Gold,EW,XLV,0.09090909090909091
2025-12-01,A_wo_Gold,EW,XLY,0.09090909090909091
2026-01-02,A_wo_Gold,MV,XLB,3.0944713647759854e-17
2026-01-02,A_wo_Gold,MV,XLC,0.12243257555433357
2026-01-02,A_wo_Gold,MV,XLE,1.0778817890648858e-17
2026-01-02,A_wo_Gold,MV,XLF,0.043972040873754295
2026-01-02,A_wo_Gold,MV,XLI,0.027528340233802316
2026-01-02,A_wo_Gold,MV,XLK,0.0
2026-01-02,A_wo_Gold,MV,XLP,0.04880629632404927
2026-01-02,A_wo_Gold,MV,XLRE,0.0
2026-01-02,A_wo_Gold,MV,XLU,0.7572607470140608
2026-01-02,A_wo_Gold,MV,XLV,0.0
2026-01-02,A_wo_Gold,MV,XLY,6.773286851067558e-18
2026-01-02,A_wo_Gold,EW,XLB,0.09090909090909091
2026-01-02,A_wo_Gold,EW,XLC,0.09090909090909091
2026-01-02,A_wo_Gold,EW,XLE,0.09090909090909091
2026-01-02,A_wo_Gold,EW,XLF,0.09090909090909091
2026-01-02,A_wo_Gold,EW,XLI,0.09090909090909091
2026-01-02,A_wo_Gold,EW,XLK,0.09090909090909091
2026-01-02,A_wo_Gold,EW,XLP,0.09090909090909091
2026-01-02,A_wo_Gold,EW,XLRE,0.09090909090909091
2026-01-02,A_wo_Gold,EW,XLU,0.09090909090909091
2026-01-02,A_wo_Gold,EW,XLV,0.09090909090909091
2026-01-02,A_wo_Gold,EW,XLY,0.09090909090909091
2026-02-02,A_wo_Gold,MV,XLB,6.105888938457234e-18
2026-02-02,A_wo_Gold,MV,XLC,4.751559768319068e-17
2026-02-02,A_wo_Gold,MV,XLE,0.0
2026-02-02,A_wo_Gold,MV,XLF,0.0
2026-02-02,A_wo_Gold,MV,XLI,0.10302801891569793
2026-02-02,A_wo_Gold,MV,XLK,0.0
2026-02-02,A_wo_Gold,MV,XLP,1.5036366800710614e-16
2026-02-02,A_wo_Gold,MV,XLRE,7.430857865719953e-17
2026-02-02,A_wo_Gold,MV,XLU,3.148063919484918e-17
2026-02-02,A_wo_Gold,MV,XLV,0.8969719810843022
2026-02-02,A_wo_Gold,MV,XLY,0.0
2026-02-02,A_wo_Gold,EW,XLB,0.09090909090909091
2026-02-02,A_wo_Gold,EW,XLC,0.09090909090909091
2026-02-02,A_wo_Gold,EW,XLE,0.09090909090909091
2026-02-02,A_wo_Gold,EW,XLF,0.09090909090909091
2026-02-02,A_wo_Gold,EW,XLI,0.09090909090909091
2026-02-02,A_wo_Gold,EW,XLK,0.09090909090909091
2026-02-02,A_wo_Gold,EW,XLP,0.09090909090909091
2026-02-02,A_wo_Gold,EW,XLRE,0.09090909090909091
2026-02-02,A_wo_Gold,EW,XLU,0.09090909090909091
2026-02-02,A_wo_Gold,EW,XLV,0.09090909090909091
2026-02-02,A_wo_Gold,EW,XLY,0.09090909090909091
2026-03-02,A_wo_Gold,MV,XLB,2.7418076063377727e-16
2026-03-02,A_wo_Gold,MV,XLC,0.0
2026-03-02,A_wo_Gold,MV,XLE,0.0
2026-03-02,A_wo_Gold,MV,XLF,0.0
2026-03-02,A_wo_Gold,MV,XLI,0.9728453047411105
2026-03-02,A_wo_Gold,MV,XLK,0.0
2026-03-02,A_wo_Gold,MV,XLP,5.4279393746222e-17
2026-03-02,A_wo_Gold,MV,XLRE,0.0
2026-03-02,A_wo_Gold,MV,XLU,0.027154695258890096
2026-03-02,A_wo_Gold,MV,XLV,2.1991813423411635e-17
2026-03-02,A_wo_Gold,MV,XLY,1.2938241020699062e-16
2026-03-02,A_wo_Gold,EW,XLB,0.09090909090909091
2026-03-02,A_wo_Gold,EW,XLC,0.09090909090909091
2026-03-02,A_wo_Gold,EW,XLE,0.09090909090909091
2026-03-02,A_wo_Gold,EW,XLF,0.09090909090909091
2026-03-02,A_wo_Gold,EW,XLI,0.09090909090909091
2026-03-02,A_wo_Gold,EW,XLK,0.09090909090909091
2026-03-02,A_wo_Gold,EW,XLP,0.09090909090909091
2026-03-02,A_wo_Gold,EW,XLRE,0.09090909090909091
2026-03-02,A_wo_Gold,EW,XLU,0.09090909090909091
2026-03-02,A_wo_Gold,EW,XLV,0.09090909090909091
2026-03-02,A_wo_Gold,EW,XLY,0.09090909090909091
2026-04-01,A_wo_Gold,MV,XLB,0.0
2026-04-01,A_wo_Gold,MV,XLC,0.5965164372810571
2026-04-01,A_wo_Gold,MV,XLE,2.0211457698709223e-17
2026-04-01,A_wo_Gold,MV,XLF,0.0
2026-04-01,A_wo_Gold,MV,XLI,1.3934236056558633e-16
2026-04-01,A_wo_Gold,MV,XLK,2.0816681711721685e-17
2026-04-01,A_wo_Gold,MV,XLP,0.18573737168299023
2026-04-01,A_wo_Gold,MV,XLRE,0.2177461910359529
2026-04-01,A_wo_Gold,MV,XLU,0.0
2026-04-01,A_wo_Gold,MV,XLV,2.871773415375108e-17
2026-04-01,A_wo_Gold,MV,XLY,2.7361122160669892e-17
2026-04-01,A_wo_Gold,EW,XLB,0.09090909090909091
2026-04-01,A_wo_Gold,EW,XLC,0.09090909090909091
2026-04-01,A_wo_Gold,EW,XLE,0.09090909090909091
2026-04-01,A_wo_Gold,EW,XLF,0.09090909090909091
2026-04-01,A_wo_Gold,EW,XLI,0.09090909090909091
2026-04-01,A_wo_Gold,EW,XLK,0.09090909090909091
2026-04-01,A_wo_Gold,EW,XLP,0.09090909090909091
2026-04-01,A_wo_Gold,EW,XLRE,0.09090909090909091
2026-04-01,A_wo_Gold,EW,XLU,0.09090909090909091
2026-04-01,A_wo_Gold,EW,XLV,0.09090909090909091
2026-04-01,A_wo_Gold,EW,XLY,0.09090909090909091
2026-05-01,A_wo_Gold,MV,XLB,1.1492435197587198e-17
2026-05-01,A_wo_Gold,MV,XLC,0.0
2026-05-01,A_wo_Gold,MV,XLE,0.0
2026-05-01,A_wo_Gold,MV,XLF,7.339694067747211e-17
2026-05-01,A_wo_Gold,MV,XLI,0.0
2026-05-01,A_wo_Gold,MV,XLK,0.0
2026-05-01,A_wo_Gold,MV,XLP,2.647438474417867e-18
2026-05-01,A_wo_Gold,MV,XLRE,4.267227289809506e-17
2026-05-01,A_wo_Gold,MV,XLU,1.0408340855860843e-17
2026-05-01,A_wo_Gold,MV,XLV,1.0
2026-05-01,A_wo_Gold,MV,XLY,0.0
2026-05-01,A_wo_Gold,EW,XLB,0.09090909090909091
2026-05-01,A_wo_Gold,EW,XLC,0.09090909090909091
2026-05-01,A_wo_Gold,EW,XLE,0.09090909090909091
2026-05-01,A_wo_Gold,EW,XLF,0.09090909090909091
2026-05-01,A_wo_Gold,EW,XLI,0.09090909090909091
2026-05-01,A_wo_Gold,EW,XLK,0.09090909090909091
2026-05-01,A_wo_Gold,EW,XLP,0.09090909090909091
2026-05-01,A_wo_Gold,EW,XLRE,0.09090909090909091
2026-05-01,A_wo_Gold,EW,XLU,0.09090909090909091
2026-05-01,A_wo_Gold,EW,XLV,0.09090909090909091
2026-05-01,A_wo_Gold,EW,XLY,0.09090909090909091
2026-06-01,A_wo_Gold,MV,XLB,1.0924765412713953e-17
2026-06-01,A_wo_Gold,MV,XLC,0.0
2026-06-01,A_wo_Gold,MV,XLE,2.0353306551243482e-17
2026-06-01,A_wo_Gold,MV,XLF,0.0
2026-06-01,A_wo_Gold,MV,XLI,0.0
2026-06-01,A_wo_Gold,MV,XLK,1.0
2026-06-01,A_wo_Gold,MV,XLP,2.498001805406602e-16
2026-06-01,A_wo_Gold,MV,XLRE,0.0
2026-06-01,A_wo_Gold,MV,XLU,0.0
2026-06-01,A_wo_Gold,MV,XLV,0.0
2026-06-01,A_wo_Gold,MV,XLY,0.0
2026-06-01,A_wo_Gold,EW,XLB,0.09090909090909091
2026-06-01,A_wo_Gold,EW,XLC,0.09090909090909091
2026-06-01,A_wo_Gold,EW,XLE,0.09090909090909091
2026-06-01,A_wo_Gold,EW,XLF,0.09090909090909091
2026-06-01,A_wo_Gold,EW,XLI,0.09090909090909091
2026-06-01,A_wo_Gold,EW,XLK,0.09090909090909091
2026-06-01,A_wo_Gold,EW,XLP,0.09090909090909091
2026-06-01,A_wo_Gold,EW,XLRE,0.09090909090909091
2026-06-01,A_wo_Gold,EW,XLU,0.09090909090909091
2026-06-01,A_wo_Gold,EW,XLV,0.09090909090909091
2026-06-01,A_wo_Gold,EW,XLY,0.09090909090909091
2026-07-01,A_wo_Gold,MV,XLB,1.5977008172802273e-16
2026-07-01,A_wo_Gold,MV,XLC,0.5389106845988564
2026-07-01,A_wo_Gold,MV,XLE,1.3392665290342988e-16
2026-07-01,A_wo_Gold,MV,XLF,0.46108931540114484
2026-07-01,A_wo_Gold,MV,XLI,0.0
2026-07-01,A_wo_Gold,MV,XLK,1.8797213338945441e-16
2026-07-01,A_wo_Gold,MV,XLP,0.0
2026-07-01,A_wo_Gold,MV,XLRE,0.0
2026-07-01,A_wo_Gold,MV,XLU,0.0
2026-07-01,A_wo_Gold,MV,XLV,1.0018731046181658e-16
2026-07-01,A_wo_Gold,MV,XLY,0.0
2026-07-01,A_wo_Gold,EW,XLB,0.09090909090909091
2026-07-01,A_wo_Gold,EW,XLC,0.09090909090909091
2026-07-01,A_wo_Gold,EW,XLE,0.09090909090909091
2026-07-01,A_wo_Gold,EW,XLF,0.09090909090909091
2026-07-01,A_wo_Gold,EW,XLI,0.09090909090909091
2026-07-01,A_wo_Gold,EW,XLK,0.09090909090909091
2026-07-01,A_wo_Gold,EW,XLP,0.09090909090909091
2026-07-01,A_wo_Gold,EW,XLRE,0.09090909090909091
2026-07-01,A_wo_Gold,EW,XLU,0.09090909090909091
2026-07-01,A_wo_Gold,EW,XLV,0.09090909090909091
2026-07-01,A_wo_Gold,EW,XLY,0.09090909090909091
2023-01-03,A_wo_US10Y_yield,MV,XLB,6.742414992557561e-17
2023-01-03,A_wo_US10Y_yield,MV,XLC,5.873131110873115e-17
2023-01-03,A_wo_US10Y_yield,MV,XLE,0.276098348435279
2023-01-03,A_wo_US10Y_yield,MV,XLF,0.38050501911369244
2023-01-03,A_wo_US10Y_yield,MV,XLI,0.0
2023-01-03,A_wo_US10Y_yield,MV,XLK,0.0
2023-01-03,A_wo_US10Y_yield,MV,XLP,0.0
2023-01-03,A_wo_US10Y_yield,MV,XLRE,0.0
2023-01-03,A_wo_US10Y_yield,MV,XLU,0.21139465529117799
2023-01-03,A_wo_US10Y_yield,MV,XLV,0.13200197715985063
2023-01-03,A_wo_US10Y_yield,MV,XLY,0.0
2023-01-03,A_wo_US10Y_yield,EW,XLB,0.09090909090909091
2023-01-03,A_wo_US10Y_yield,EW,XLC,0.09090909090909091
2023-01-03,A_wo_US10Y_yield,EW,XLE,0.09090909090909091
2023-01-03,A_wo_US10Y_yield,EW,XLF,0.09090909090909091
2023-01-03,A_wo_US10Y_yield,EW,XLI,0.09090909090909091
2023-01-03,A_wo_US10Y_yield,EW,XLK,0.09090909090909091
2023-01-03,A_wo_US10Y_yield,EW,XLP,0.09090909090909091
2023-01-03,A_wo_US10Y_yield,EW,XLRE,0.09090909090909091
2023-01-03,A_wo_US10Y_yield,EW,XLU,0.09090909090909091
2023-01-03,A_wo_US10Y_yield,EW,XLV,0.09090909090909091
2023-01-03,A_wo_US10Y_yield,EW,XLY,0.09090909090909091
2023-02-01,A_wo_US10Y_yield,MV,XLB,0.0
2023-02-01,A_wo_US10Y_yield,MV,XLC,0.0977612957691719
2023-02-01,A_wo_US10Y_yield,MV,XLE,5.204170427930421e-18
2023-02-01,A_wo_US10Y_yield,MV,XLF,4.7488055154865094e-17
2023-02-01,A_wo_US10Y_yield,MV,XLI,0.0
2023-02-01,A_wo_US10Y_yield,MV,XLK,4.640385298237959e-17
2023-02-01,A_wo_US10Y_yield,MV,XLP,0.17864318209086585
2023-02-01,A_wo_US10Y_yield,MV,XLRE,3.469446951953614e-18
2023-02-01,A_wo_US10Y_yield,MV,XLU,0.5352519076876694
2023-02-01,A_wo_US10Y_yield,MV,XLV,0.0
2023-02-01,A_wo_US10Y_yield,MV,XLY,0.1883436144522927
2023-02-01,A_wo_US10Y_yield,EW,XLB,0.09090909090909091
2023-02-01,A_wo_US10Y_yield,EW,XLC,0.09090909090909091
2023-02-01,A_wo_US10Y_yield,EW,XLE,0.09090909090909091
2023-02-01,A_wo_US10Y_yield,EW,XLF,0.09090909090909091
2023-02-01,A_wo_US10Y_yield,EW,XLI,0.09090909090909091
2023-02-01,A_wo_US10Y_yield,EW,XLK,0.09090909090909091
2023-02-01,A_wo_US10Y_yield,EW,XLP,0.09090909090909091
2023-02-01,A_wo_US10Y_yield,EW,XLRE,0.09090909090909091
2023-02-01,A_wo_US10Y_yield,EW,XLU,0.09090909090909091
2023-02-01,A_wo_US10Y_yield,EW,XLV,0.09090909090909091
2023-02-01,A_wo_US10Y_yield,EW,XLY,0.09090909090909091
2023-03-01,A_wo_US10Y_yield,MV,XLB,3.573690410241575e-18
2023-03-01,A_wo_US10Y_yield,MV,XLC,0.38830952265854685
2023-03-01,A_wo_US10Y_yield,MV,XLE,0.3125980040218113
2023-03-01,A_wo_US10Y_yield,MV,XLF,0.2895628479217313
2023-03-01,A_wo_US10Y_yield,MV,XLI,0.0
2023-03-01,A_wo_US10Y_yield,MV,XLK,3.82903924123123e-17
2023-03-01,A_wo_US10Y_yield,MV,XLP,0.0
2023-03-01,A_wo_US10Y_yield,MV,XLRE,1.510581990435532e-18
2023-03-01,A_wo_US10Y_yield,MV,XLU,0.009529625397910616
2023-03-01,A_wo_US10Y_yield,MV,XLV,0.0
2023-03-01,A_wo_US10Y_yield,MV,XLY,2.116652140958612e-17
2023-03-01,A_wo_US10Y_yield,EW,XLB,0.09090909090909091
2023-03-01,A_wo_US10Y_yield,EW,XLC,0.09090909090909091
2023-03-01,A_wo_US10Y_yield,EW,XLE,0.09090909090909091
2023-03-01,A_wo_US10Y_yield,EW,XLF,0.09090909090909091
2023-03-01,A_wo_US10Y_yield,EW,XLI,0.09090909090909091
2023-03-01,A_wo_US10Y_yield,EW,XLK,0.09090909090909091
2023-03-01,A_wo_US10Y_yield,EW,XLP,0.09090909090909091
2023-03-01,A_wo_US10Y_yield,EW,XLRE,0.09090909090909091
2023-03-01,A_wo_US10Y_yield,EW,XLU,0.09090909090909091
2023-03-01,A_wo_US10Y_yield,EW,XLV,0.09090909090909091
2023-03-01,A_wo_US10Y_yield,EW,XLY,0.09090909090909091
2023-04-03,A_wo_US10Y_yield,MV,XLB,3.903060690033034e-17
2023-04-03,A_wo_US10Y_yield,MV,XLC,0.19675834790155008
2023-04-03,A_wo_US10Y_yield,MV,XLE,4.660364985093531e-18
2023-04-03,A_wo_US10Y_yield,MV,XLF,4.9075772818559805e-17
2023-04-03,A_wo_US10Y_yield,MV,XLI,3.120153492132265e-18
2023-04-03,A_wo_US10Y_yield,MV,XLK,1.1283122873782931e-17
2023-04-03,A_wo_US10Y_yield,MV,XLP,0.0
2023-04-03,A_wo_US10Y_yield,MV,XLRE,0.16319855516841783
2023-04-03,A_wo_US10Y_yield,MV,XLU,0.021241718885092208
2023-04-03,A_wo_US10Y_yield,MV,XLV,0.6188013780449397
2023-04-03,A_wo_US10Y_yield,MV,XLY,0.0
2023-04-03,A_wo_US10Y_yield,EW,XLB,0.09090909090909091
2023-04-03,A_wo_US10Y_yield,EW,XLC,0.09090909090909091
2023-04-03,A_wo_US10Y_yield,EW,XLE,0.09090909090909091
2023-04-03,A_wo_US10Y_yield,EW,XLF,0.09090909090909091
2023-04-03,A_wo_US10Y_yield,EW,XLI,0.09090909090909091
2023-04-03,A_wo_US10Y_yield,EW,XLK,0.09090909090909091
2023-04-03,A_wo_US10Y_yield,EW,XLP,0.09090909090909091
2023-04-03,A_wo_US10Y_yield,EW,XLRE,0.09090909090909091
2023-04-03,A_wo_US10Y_yield,EW,XLU,0.09090909090909091
2023-04-03,A_wo_US10Y_yield,EW,XLV,0.09090909090909091
2023-04-03,A_wo_US10Y_yield,EW,XLY,0.09090909090909091
2023-05-01,A_wo_US10Y_yield,MV,XLB,0.0
2023-05-01,A_wo_US10Y_yield,MV,XLC,0.0
2023-05-01,A_wo_US10Y_yield,MV,XLE,0.0
2023-05-01,A_wo_US10Y_yield,MV,XLF,0.0
2023-05-01,A_wo_US10Y_yield,MV,XLI,5.896165591065258e-17
2023-05-01,A_wo_US10Y_yield,MV,XLK,0.0
2023-05-01,A_wo_US10Y_yield,MV,XLP,0.535341473694245
2023-05-01,A_wo_US10Y_yield,MV,XLRE,0.0
2023-05-01,A_wo_US10Y_yield,MV,XLU,1.249000902703301e-16
2023-05-01,A_wo_US10Y_yield,MV,XLV,0.46465852630575516
2023-05-01,A_wo_US10Y_yield,MV,XLY,3.977836895206347e-17
2023-05-01,A_wo_US10Y_yield,EW,XLB,0.09090909090909091
2023-05-01,A_wo_US10Y_yield,EW,XLC,0.09090909090909091
2023-05-01,A_wo_US10Y_yield,EW,XLE,0.09090909090909091
2023-05-01,A_wo_US10Y_yield,EW,XLF,0.09090909090909091
2023-05-01,A_wo_US10Y_yield,EW,XLI,0.09090909090909091
2023-05-01,A_wo_US10Y_yield,EW,XLK,0.09090909090909091
2023-05-01,A_wo_US10Y_yield,EW,XLP,0.09090909090909091
2023-05-01,A_wo_US10Y_yield,EW,XLRE,0.09090909090909091
2023-05-01,A_wo_US10Y_yield,EW,XLU,0.09090909090909091
2023-05-01,A_wo_US10Y_yield,EW,XLV,0.09090909090909091
2023-05-01,A_wo_US10Y_yield,EW,XLY,0.09090909090909091
2023-06-01,A_wo_US10Y_yield,MV,XLB,0.8822388667170373
2023-06-01,A_wo_US10Y_yield,MV,XLC,0.0
2023-06-01,A_wo_US10Y_yield,MV,XLE,0.0
2023-06-01,A_wo_US10Y_yield,MV,XLF,0.11776113328296292
2023-06-01,A_wo_US10Y_yield,MV,XLI,0.0
2023-06-01,A_wo_US10Y_yield,MV,XLK,1.0837044755128919e-16
2023-06-01,A_wo_US10Y_yield,MV,XLP,5.097831895778749e-17
2023-06-01,A_wo_US10Y_yield,MV,XLRE,0.0
2023-06-01,A_wo_US10Y_yield,MV,XLU,0.0
2023-06-01,A_wo_US10Y_yield,MV,XLV,3.3973743351794717e-17
2023-06-01,A_wo_US10Y_yield,MV,XLY,0.0
2023-06-01,A_wo_US10Y_yield,EW,XLB,0.09090909090909091
2023-06-01,A_wo_US10Y_yield,EW,XLC,0.09090909090909091
2023-06-01,A_wo_US10Y_yield,EW,XLE,0.09090909090909091
2023-06-01,A_wo_US10Y_yield,EW,XLF,0.09090909090909091
2023-06-01,A_wo_US10Y_yield,EW,XLI,0.09090909090909091
2023-06-01,A_wo_US10Y_yield,EW,XLK,0.09090909090909091
2023-06-01,A_wo_US10Y_yield,EW,XLP,0.09090909090909091
2023-06-01,A_wo_US10Y_yield,EW,XLRE,0.09090909090909091
2023-06-01,A_wo_US10Y_yield,EW,XLU,0.09090909090909091
2023-06-01,A_wo_US10Y_yield,EW,XLV,0.09090909090909091
2023-06-01,A_wo_US10Y_yield,EW,XLY,0.09090909090909091
2023-07-03,A_wo_US10Y_yield,MV,XLB,0.0
2023-07-03,A_wo_US10Y_yield,MV,XLC,0.49051069064243286
2023-07-03,A_wo_US10Y_yield,MV,XLE,0.0
2023-07-03,A_wo_US10Y_yield,MV,XLF,0.0
2023-07-03,A_wo_US10Y_yield,MV,XLI,0.0
2023-07-03,A_wo_US10Y_yield,MV,XLK,9.234933652306175e-18
2023-07-03,A_wo_US10Y_yield,MV,XLP,0.5094893093575665
2023-07-03,A_wo_US10Y_yield,MV,XLRE,2.0213268082408542e-16
2023-07-03,A_wo_US10Y_yield,MV,XLU,1.2902075354904766e-16
2023-07-03,A_wo_US10Y_yield,MV,XLV,4.944890289579224e-16
2023-07-03,A_wo_US10Y_yield,MV,XLY,6.300476784022246e-16
2023-07-03,A_wo_US10Y_yield,EW,XLB,0.09090909090909091
2023-07-03,A_wo_US10Y_yield,EW,XLC,0.09090909090909091
2023-07-03,A_wo_US10Y_yield,EW,XLE,0.09090909090909091
2023-07-03,A_wo_US10Y_yield,EW,XLF,0.09090909090909091
2023-07-03,A_wo_US10Y_yield,EW,XLI,0.09090909090909091
2023-07-03,A_wo_US10Y_yield,EW,XLK,0.09090909090909091
2023-07-03,A_wo_US10Y_yield,EW,XLP,0.09090909090909091
2023-07-03,A_wo_US10Y_yield,EW,XLRE,0.09090909090909091
2023-07-03,A_wo_US10Y_yield,EW,XLU,0.09090909090909091
2023-07-03,A_wo_US10Y_yield,EW,XLV,0.09090909090909091
2023-07-03,A_wo_US10Y_yield,EW,XLY,0.09090909090909091
2023-08-01,A_wo_US10Y_yield,MV,XLB,0.0
2023-08-01,A_wo_US10Y_yield,MV,XLC,0.5137192006607737
2023-08-01,A_wo_US10Y_yield,MV,XLE,0.1065211194387686
2023-08-01,A_wo_US10Y_yield,MV,XLF,5.548278630356245e-17
2023-08-01,A_wo_US10Y_yield,MV,XLI,1.0395378333341626e-17
2023-08-01,A_wo_US10Y_yield,MV,XLK,0.0
2023-08-01,A_wo_US10Y_yield,MV,XLP,9.79085911531951e-17
2023-08-01,A_wo_US10Y_yield,MV,XLRE,0.23934223241940064
2023-08-01,A_wo_US10Y_yield,MV,XLU,0.140417447481057
2023-08-01,A_wo_US10Y_yield,MV,XLV,0.0
2023-08-01,A_wo_US10Y_yield,MV,XLY,2.9350909687959414e-17
2023-08-01,A_wo_US10Y_yield,EW,XLB,0.09090909090909091
2023-08-01,A_wo_US10Y_yield,EW,XLC,0.09090909090909091
2023-08-01,A_wo_US10Y_yield,EW,XLE,0.09090909090909091
2023-08-01,A_wo_US10Y_yield,EW,XLF,0.09090909090909091
2023-08-01,A_wo_US10Y_yield,EW,XLI,0.09090909090909091
2023-08-01,A_wo_US10Y_yield,EW,XLK,0.09090909090909091
2023-08-01,A_wo_US10Y_yield,EW,XLP,0.09090909090909091
2023-08-01,A_wo_US10Y_yield,EW,XLRE,0.09090909090909091
2023-08-01,A_wo_US10Y_yield,EW,XLU,0.09090909090909091
2023-08-01,A_wo_US10Y_yield,EW,XLV,0.09090909090909091
2023-08-01,A_wo_US10Y_yield,EW,XLY,0.09090909090909091
2023-09-01,A_wo_US10Y_yield,MV,XLB,0.0
2023-09-01,A_wo_US10Y_yield,MV,XLC,0.0
2023-09-01,A_wo_US10Y_yield,MV,XLE,0.0
2023-09-01,A_wo_US10Y_yield,MV,XLF,0.0
2023-09-01,A_wo_US10Y_yield,MV,XLI,0.0
2023-09-01,A_wo_US10Y_yield,MV,XLK,0.0
2023-09-01,A_wo_US10Y_yield,MV,XLP,1.0
2023-09-01,A_wo_US10Y_yield,MV,XLRE,0.0
2023-09-01,A_wo_US10Y_yield,MV,XLU,8.654495071501858e-17
2023-09-01,A_wo_US10Y_yield,MV,XLV,1.1102230246251565e-16
2023-09-01,A_wo_US10Y_yield,MV,XLY,1.8209484385533298e-16
2023-09-01,A_wo_US10Y_yield,EW,XLB,0.09090909090909091
2023-09-01,A_wo_US10Y_yield,EW,XLC,0.09090909090909091
2023-09-01,A_wo_US10Y_yield,EW,XLE,0.09090909090909091
2023-09-01,A_wo_US10Y_yield,EW,XLF,0.09090909090909091
2023-09-01,A_wo_US10Y_yield,EW,XLI,0.09090909090909091
2023-09-01,A_wo_US10Y_yield,EW,XLK,0.09090909090909091
2023-09-01,A_wo_US10Y_yield,EW,XLP,0.09090909090909091
2023-09-01,A_wo_US10Y_yield,EW,XLRE,0.09090909090909091
2023-09-01,A_wo_US10Y_yield,EW,XLU,0.09090909090909091
2023-09-01,A_wo_US10Y_yield,EW,XLV,0.09090909090909091
2023-09-01,A_wo_US10Y_yield,EW,XLY,0.09090909090909091
2023-10-02,A_wo_US10Y_yield,MV,XLB,4.816851583952809e-18
2023-10-02,A_wo_US10Y_yield,MV,XLC,3.271953680731469e-17
2023-10-02,A_wo_US10Y_yield,MV,XLE,6.305612977600125e-18
2023-10-02,A_wo_US10Y_yield,MV,XLF,1.5467148985635258e-17
2023-10-02,A_wo_US10Y_yield,MV,XLI,0.0
2023-10-02,A_wo_US10Y_yield,MV,XLK,0.0
2023-10-02,A_wo_US10Y_yield,MV,XLP,0.0
2023-10-02,A_wo_US10Y_yield,MV,XLRE,1.7616939925867415e-17
2023-10-02,A_wo_US10Y_yield,MV,XLU,1.0
2023-10-02,A_wo_US10Y_yield,MV,XLV,8.326672684688674e-17
2023-10-02,A_wo_US10Y_yield,MV,XLY,0.0
2023-10-02,A_wo_US10Y_yield,EW,XLB,0.09090909090909091
2023-10-02,A_wo_US10Y_yield,EW,XLC,0.09090909090909091
2023-10-02,A_wo_US10Y_yield,EW,XLE,0.09090909090909091
2023-10-02,A_wo_US10Y_yield,EW,XLF,0.09090909090909091
2023-10-02,A_wo_US10Y_yield,EW,XLI,0.09090909090909091
2023-10-02,A_wo_US10Y_yield,EW,XLK,0.09090909090909091
2023-10-02,A_wo_US10Y_yield,EW,XLP,0.09090909090909091
2023-10-02,A_wo_US10Y_yield,EW,XLRE,0.09090909090909091
2023-10-02,A_wo_US10Y_yield,EW,XLU,0.09090909090909091
2023-10-02,A_wo_US10Y_yield,EW,XLV,0.09090909090909091
2023-10-02,A_wo_US10Y_yield,EW,XLY,0.09090909090909091
2023-11-01,A_wo_US10Y_yield,MV,XLB,0.891794838726101
2023-11-01,A_wo_US10Y_yield,MV,XLC,0.0
2023-11-01,A_wo_US10Y_yield,MV,XLE,0.0
2023-11-01,A_wo_US10Y_yield,MV,XLF,0.0
2023-11-01,A_wo_US10Y_yield,MV,XLI,0.0
2023-11-01,A_wo_US10Y_yield,MV,XLK,5.204170427930421e-17
2023-11-01,A_wo_US10Y_yield,MV,XLP,4.475586568020162e-16
2023-11-01,A_wo_US10Y_yield,MV,XLRE,6.245004513516506e-17
2023-11-01,A_wo_US10Y_yield,MV,XLU,1.8735013540549517e-16
2023-11-01,A_wo_US10Y_yield,MV,XLV,0.0
2023-11-01,A_wo_US10Y_yield,MV,XLY,0.10820516127389948
2023-11-01,A_wo_US10Y_yield,EW,XLB,0.09090909090909091
2023-11-01,A_wo_US10Y_yield,EW,XLC,0.09090909090909091
2023-11-01,A_wo_US10Y_yield,EW,XLE,0.09090909090909091
2023-11-01,A_wo_US10Y_yield,EW,XLF,0.09090909090909091
2023-11-01,A_wo_US10Y_yield,EW,XLI,0.09090909090909091
2023-11-01,A_wo_US10Y_yield,EW,XLK,0.09090909090909091
2023-11-01,A_wo_US10Y_yield,EW,XLP,0.09090909090909091
2023-11-01,A_wo_US10Y_yield,EW,XLRE,0.09090909090909091
2023-11-01,A_wo_US10Y_yield,EW,XLU,0.09090909090909091
2023-11-01,A_wo_US10Y_yield,EW,XLV,0.09090909090909091
2023-11-01,A_wo_US10Y_yield,EW,XLY,0.09090909090909091
2023-12-01,A_wo_US10Y_yield,MV,XLB,1.3371961040337541e-17
2023-12-01,A_wo_US10Y_yield,MV,XLC,0.38413466118209577
2023-12-01,A_wo_US10Y_yield,MV,XLE,0.0
2023-12-01,A_wo_US10Y_yield,MV,XLF,0.0
2023-12-01,A_wo_US10Y_yield,MV,XLI,6.525011953296994e-17
2023-12-01,A_wo_US10Y_yield,MV,XLK,0.0
2023-12-01,A_wo_US10Y_yield,MV,XLP,0.6158653388179045
2023-12-01,A_wo_US10Y_yield,MV,XLRE,4.040768433660445e-17
2023-12-01,A_wo_US10Y_yield,MV,XLU,0.0
2023-12-01,A_wo_US10Y_yield,MV,XLV,0.0
2023-12-01,A_wo_US10Y_yield,MV,XLY,7.463246887774576e-18
2023-12-01,A_wo_US10Y_yield,EW,XLB,0.09090909090909091
2023-12-01,A_wo_US10Y_yield,EW,XLC,0.09090909090909091
2023-12-01,A_wo_US10Y_yield,EW,XLE,0.09090909090909091
2023-12-01,A_wo_US10Y_yield,EW,XLF,0.09090909090909091
2023-12-01,A_wo_US10Y_yield,EW,XLI,0.09090909090909091
2023-12-01,A_wo_US10Y_yield,EW,XLK,0.09090909090909091
2023-12-01,A_wo_US10Y_yield,EW,XLP,0.09090909090909091
2023-12-01,A_wo_US10Y_yield,EW,XLRE,0.09090909090909091
2023-12-01,A_wo_US10Y_yield,EW,XLU,0.09090909090909091
2023-12-01,A_wo_US10Y_yield,EW,XLV,0.09090909090909091
2023-12-01,A_wo_US10Y_yield,EW,XLY,0.09090909090909091
2024-01-02,A_wo_US10Y_yield,MV,XLB,3.9898639947466563e-17
2024-01-02,A_wo_US10Y_yield,MV,XLC,0.45808998555718683
2024-01-02,A_wo_US10Y_yield,MV,XLE,0.0
2024-01-02,A_wo_US10Y_yield,MV,XLF,1.214306433183765e-17
2024-01-02,A_wo_US10Y_yield,MV,XLI,0.0
2024-01-02,A_wo_US10Y_yield,MV,XLK,0.0
2024-01-02,A_wo_US10Y_yield,MV,XLP,0.19043803064326076
2024-01-02,A_wo_US10Y_yield,MV,XLRE,0.0
2024-01-02,A_wo_US10Y_yield,MV,XLU,0.350965938693143
2024-01-02,A_wo_US10Y_yield,MV,XLV,5.074066167232161e-17
2024-01-02,A_wo_US10Y_yield,MV,XLY,0.000506045106409253
2024-01-02,A_wo_US10Y_yield,EW,XLB,0.09090909090909091
2024-01-02,A_wo_US10Y_yield,EW,XLC,0.09090909090909091
2024-01-02,A_wo_US10Y_yield,EW,XLE,0.09090909090909091
2024-01-02,A_wo_US10Y_yield,EW,XLF,0.09090909090909091
2024-01-02,A_wo_US10Y_yield,EW,XLI,0.09090909090909091
2024-01-02,A_wo_US10Y_yield,EW,XLK,0.09090909090909091
2024-01-02,A_wo_US10Y_yield,EW,XLP,0.09090909090909091
2024-01-02,A_wo_US10Y_yield,EW,XLRE,0.09090909090909091
2024-01-02,A_wo_US10Y_yield,EW,XLU,0.09090909090909091
2024-01-02,A_wo_US10Y_yield,EW,XLV,0.09090909090909091
2024-01-02,A_wo_US10Y_yield,EW,XLY,0.09090909090909091
2024-02-01,A_wo_US10Y_yield,MV,XLB,0.0
2024-02-01,A_wo_US10Y_yield,MV,XLC,0.5673871233712531
2024-02-01,A_wo_US10Y_yield,MV,XLE,0.01655420208428565
2024-02-01,A_wo_US10Y_yield,MV,XLF,1.311161097215892e-17
2024-02-01,A_wo_US10Y_yield,MV,XLI,3.657414235274735e-17
2024-02-01,A_wo_US10Y_yield,MV,XLK,1.5419803408532388e-17
2024-02-01,A_wo_US10Y_yield,MV,XLP,0.298368684346082
2024-02-01,A_wo_US10Y_yield,MV,XLRE,2.4038879083360348e-17
2024-02-01,A_wo_US10Y_yield,MV,XLU,0.11768999019837942
2024-02-01,A_wo_US10Y_yield,MV,XLV,4.7728181195542265e-17
2024-02-01,A_wo_US10Y_yield,MV,XLY,3.449800183535144e-19
2024-02-01,A_wo_US10Y_yield,EW,XLB,0.09090909090909091
2024-02-01,A_wo_US10Y_yield,EW,XLC,0.09090909090909091
2024-02-01,A_wo_US10Y_yield,EW,XLE,0.09090909090909091
2024-02-01,A_wo_US10Y_yield,EW,XLF,0.09090909090909091
2024-02-01,A_wo_US10Y_yield,EW,XLI,0.09090909090909091
2024-02-01,A_wo_US10Y_yield,EW,XLK,0.09090909090909091
2024-02-01,A_wo_US10Y_yield,EW,XLP,0.09090909090909091
2024-02-01,A_wo_US10Y_yield,EW,XLRE,0.09090909090909091
2024-02-01,A_wo_US10Y_yield,EW,XLU,0.09090909090909091
2024-02-01,A_wo_US10Y_yield,EW,XLV,0.09090909090909091
2024-02-01,A_wo_US10Y_yield,EW,XLY,0.09090909090909091
2024-03-01,A_wo_US10Y_yield,MV,XLB,0.0
2024-03-01,A_wo_US10Y_yield,MV,XLC,0.32882048730778074
2024-03-01,A_wo_US10Y_yield,MV,XLE,0.0
2024-03-01,A_wo_US10Y_yield,MV,XLF,0.18962921987382708
2024-03-01,A_wo_US10Y_yield,MV,XLI,3.469446951953614e-17
2024-03-01,A_wo_US10Y_yield,MV,XLK,0.09223585942005297
2024-03-01,A_wo_US10Y_yield,MV,XLP,0.19634660618071684
2024-03-01,A_wo_US10Y_yield,MV,XLRE,6.955765386261317e-17
2024-03-01,A_wo_US10Y_yield,MV,XLU,0.0
2024-03-01,A_wo_US10Y_yield,MV,XLV,0.19296782721762237
2024-03-01,A_wo_US10Y_yield,MV,XLY,0.0
2024-03-01,A_wo_US10Y_yield,EW,XLB,0.09090909090909091
2024-03-01,A_wo_US10Y_yield,EW,XLC,0.09090909090909091
2024-03-01,A_wo_US10Y_yield,EW,XLE,0.09090909090909091
2024-03-01,A_wo_US10Y_yield,EW,XLF,0.09090909090909091
2024-03-01,A_wo_US10Y_yield,EW,XLI,0.09090909090909091
2024-03-01,A_wo_US10Y_yield,EW,XLK,0.09090909090909091
2024-03-01,A_wo_US10Y_yield,EW,XLP,0.09090909090909091
2024-03-01,A_wo_US10Y_yield,EW,XLRE,0.09090909090909091
2024-03-01,A_wo_US10Y_yield,EW,XLU,0.09090909090909091
2024-03-01,A_wo_US10Y_yield,EW,XLV,0.09090909090909091
2024-03-01,A_wo_US10Y_yield,EW,XLY,0.09090909090909091
2024-04-01,A_wo_US10Y_yield,MV,XLB,7.755328322174555e-19
2024-04-01,A_wo_US10Y_yield,MV,XLC,0.1888762332039759
2024-04-01,A_wo_US10Y_yield,MV,XLE,4.517972082577645e-16
2024-04-01,A_wo_US10Y_yield,MV,XLF,0.8111237667960234
2024-04-01,A_wo_US10Y_yield,MV,XLI,2.7408349595814826e-17
2024-04-01,A_wo_US10Y_yield,MV,XLK,3.45685362334392e-17
2024-04-01,A_wo_US10Y_yield,MV,XLP,4.8605112874897845e-17
2024-04-01,A_wo_US10Y_yield,MV,XLRE,8.281019525859735e-17
2024-04-01,A_wo_US10Y_yield,MV,XLU,4.133307457758844e-17
2024-04-01,A_wo_US10Y_yield,MV,XLV,0.0
2024-04-01,A_wo_US10Y_yield,MV,XLY,1.470355489395859e-16
2024-04-01,A_wo_US10Y_yield,EW,XLB,0.09090909090909091
2024-04-01,A_wo_US10Y_yield,EW,XLC,0.09090909090909091
2024-04-01,A_wo_US10Y_yield,EW,XLE,0.09090909090909091
2024-04-01,A_wo_US10Y_yield,EW,XLF,0.09090909090909091
2024-04-01,A_wo_US10Y_yield,EW,XLI,0.09090909090909091
2024-04-01,A_wo_US10Y_yield,EW,XLK,0.09090909090909091
2024-04-01,A_wo_US10Y_yield,EW,XLP,0.09090909090909091
2024-04-01,A_wo_US10Y_yield,EW,XLRE,0.09090909090909091
2024-04-01,A_wo_US10Y_yield,EW,XLU,0.09090909090909091
2024-04-01,A_wo_US10Y_yield,EW,XLV,0.09090909090909091
2024-04-01,A_wo_US10Y_yield,EW,XLY,0.09090909090909091
2024-05-01,A_wo_US10Y_yield,MV,XLB,1.210590123630562e-17
2024-05-01,A_wo_US10Y_yield,MV,XLC,1.0
2024-05-01,A_wo_US10Y_yield,MV,XLE,1.8360945519748343e-16
2024-05-01,A_wo_US10Y_yield,MV,XLF,5.551171952939319e-18
2024-05-01,A_wo_US10Y_yield,MV,XLI,7.074185673038336e-17
2024-05-01,A_wo_US10Y_yield,MV,XLK,0.0
2024-05-01,A_wo_US10Y_yield,MV,XLP,0.0
2024-05-01,A_wo_US10Y_yield,MV,XLRE,0.0
2024-05-01,A_wo_US10Y_yield,MV,XLU,0.0
2024-05-01,A_wo_US10Y_yield,MV,XLV,4.7802985639122595e-17
2024-05-01,A_wo_US10Y_yield,MV,XLY,0.0
2024-05-01,A_wo_US10Y_yield,EW,XLB,0.09090909090909091
2024-05-01,A_wo_US10Y_yield,EW,XLC,0.09090909090909091
2024-05-01,A_wo_US10Y_yield,EW,XLE,0.09090909090909091
2024-05-01,A_wo_US10Y_yield,EW,XLF,0.09090909090909091
2024-05-01,A_wo_US10Y_yield,EW,XLI,0.09090909090909091
2024-05-01,A_wo_US10Y_yield,EW,XLK,0.09090909090909091
2024-05-01,A_wo_US10Y_yield,EW,XLP,0.09090909090909091
2024-05-01,A_wo_US10Y_yield,EW,XLRE,0.09090909090909091
2024-05-01,A_wo_US10Y_yield,EW,XLU,0.09090909090909091
2024-05-01,A_wo_US10Y_yield,EW,XLV,0.09090909090909091
2024-05-01,A_wo_US10Y_yield,EW,XLY,0.09090909090909091
2024-06-03,A_wo_US10Y_yield,MV,XLB,3.816224972265989e-17
2024-06-03,A_wo_US10Y_yield,MV,XLC,0.0
2024-06-03,A_wo_US10Y_yield,MV,XLE,2.6931893765197953e-18
2024-06-03,A_wo_US10Y_yield,MV,XLF,0.0
2024-06-03,A_wo_US10Y_yield,MV,XLI,0.0
2024-06-03,A_wo_US10Y_yield,MV,XLK,0.48075215931411996
2024-06-03,A_wo_US10Y_yield,MV,XLP,0.0
2024-06-03,A_wo_US10Y_yield,MV,XLRE,9.974076447317373e-17
2024-06-03,A_wo_US10Y_yield,MV,XLU,9.070455976228632e-17
2024-06-03,A_wo_US10Y_yield,MV,XLV,0.5192478406858804
2024-06-03,A_wo_US10Y_yield,MV,XLY,0.0
2024-06-03,A_wo_US10Y_yield,EW,XLB,0.09090909090909091
2024-06-03,A_wo_US10Y_yield,EW,XLC,0.09090909090909091
2024-06-03,A_wo_US10Y_yield,EW,XLE,0.09090909090909091
2024-06-03,A_wo_US10Y_yield,EW,XLF,0.09090909090909091
2024-06-03,A_wo_US10Y_yield,EW,XLI,0.09090909090909091
2024-06-03,A_wo_US10Y_yield,EW,XLK,0.09090909090909091
2024-06-03,A_wo_US10Y_yield,EW,XLP,0.09090909090909091
2024-06-03,A_wo_US10Y_yield,EW,XLRE,0.09090909090909091
2024-06-03,A_wo_US10Y_yield,EW,XLU,0.09090909090909091
2024-06-03,A_wo_US10Y_yield,EW,XLV,0.09090909090909091
2024-06-03,A_wo_US10Y_yield,EW,XLY,0.09090909090909091
2024-07-01,A_wo_US10Y_yield,MV,XLB,4.1311434402029814e-17
2024-07-01,A_wo_US10Y_yield,MV,XLC,1.0
2024-07-01,A_wo_US10Y_yield,MV,XLE,0.0
2024-07-01,A_wo_US10Y_yield,MV,XLF,3.9500020848042973e-17
2024-07-01,A_wo_US10Y_yield,MV,XLI,0.0
2024-07-01,A_wo_US10Y_yield,MV,XLK,0.0
2024-07-01,A_wo_US10Y_yield,MV,XLP,3.406231169894014e-17
2024-07-01,A_wo_US10Y_yield,MV,XLRE,2.0025800847886147e-17
2024-07-01,A_wo_US10Y_yield,MV,XLU,0.0
2024-07-01,A_wo_US10Y_yield,MV,XLV,0.0
2024-07-01,A_wo_US10Y_yield,MV,XLY,0.0
2024-07-01,A_wo_US10Y_yield,EW,XLB,0.09090909090909091
2024-07-01,A_wo_US10Y_yield,EW,XLC,0.09090909090909091
2024-07-01,A_wo_US10Y_yield,EW,XLE,0.09090909090909091
2024-07-01,A_wo_US10Y_yield,EW,XLF,0.09090909090909091
2024-07-01,A_wo_US10Y_yield,EW,XLI,0.09090909090909091
2024-07-01,A_wo_US10Y_yield,EW,XLK,0.09090909090909091
2024-07-01,A_wo_US10Y_yield,EW,XLP,0.09090909090909091
2024-07-01,A_wo_US10Y_yield,EW,XLRE,0.09090909090909091
2024-07-01,A_wo_US10Y_yield,EW,XLU,0.09090909090909091
2024-07-01,A_wo_US10Y_yield,EW,XLV,0.09090909090909091
2024-07-01,A_wo_US10Y_yield,EW,XLY,0.09090909090909091
2024-08-01,A_wo_US10Y_yield,MV,XLB,3.247593518108754e-17
2024-08-01,A_wo_US10Y_yield,MV,XLC,8.326672684688674e-17
2024-08-01,A_wo_US10Y_yield,MV,XLE,0.0
2024-08-01,A_wo_US10Y_yield,MV,XLF,2.3438380102888552e-18
2024-08-01,A_wo_US10Y_yield,MV,XLI,8.65147021154596e-18
2024-08-01,A_wo_US10Y_yield,MV,XLK,0.9999999999999999
2024-08-01,A_wo_US10Y_yield,MV,XLP,0.0
2024-08-01,A_wo_US10Y_yield,MV,XLRE,0.0
2024-08-01,A_wo_US10Y_yield,MV,XLU,0.0
2024-08-01,A_wo_US10Y_yield,MV,XLV,0.0
2024-08-01,A_wo_US10Y_yield,MV,XLY,0.0
2024-08-01,A_wo_US10Y_yield,EW,XLB,0.09090909090909091
2024-08-01,A_wo_US10Y_yield,EW,XLC,0.09090909090909091
2024-08-01,A_wo_US10Y_yield,EW,XLE,0.09090909090909091
2024-08-01,A_wo_US10Y_yield,EW,XLF,0.09090909090909091
2024-08-01,A_wo_US10Y_yield,EW,XLI,0.09090909090909091
2024-08-01,A_wo_US10Y_yield,EW,XLK,0.09090909090909091
2024-08-01,A_wo_US10Y_yield,EW,XLP,0.09090909090909091
2024-08-01,A_wo_US10Y_yield,EW,XLRE,0.09090909090909091
2024-08-01,A_wo_US10Y_yield,EW,XLU,0.09090909090909091
2024-08-01,A_wo_US10Y_yield,EW,XLV,0.09090909090909091
2024-08-01,A_wo_US10Y_yield,EW,XLY,0.09090909090909091
2024-09-03,A_wo_US10Y_yield,MV,XLB,0.0
2024-09-03,A_wo_US10Y_yield,MV,XLC,0.0
2024-09-03,A_wo_US10Y_yield,MV,XLE,0.0
2024-09-03,A_wo_US10Y_yield,MV,XLF,0.18073448515273177
2024-09-03,A_wo_US10Y_yield,MV,XLI,1.7277545186036567e-17
2024-09-03,A_wo_US10Y_yield,MV,XLK,0.8192655148472684
2024-09-03,A_wo_US10Y_yield,MV,XLP,0.0
2024-09-03,A_wo_US10Y_yield,MV,XLRE,0.0
2024-09-03,A_wo_US10Y_yield,MV,XLU,0.0
2024-09-03,A_wo_US10Y_yield,MV,XLV,0.0
2024-09-03,A_wo_US10Y_yield,MV,XLY,0.0
2024-09-03,A_wo_US10Y_yield,EW,XLB,0.09090909090909091
2024-09-03,A_wo_US10Y_yield,EW,XLC,0.09090909090909091
2024-09-03,A_wo_US10Y_yield,EW,XLE,0.09090909090909091
2024-09-03,A_wo_US10Y_yield,EW,XLF,0.09090909090909091
2024-09-03,A_wo_US10Y_yield,EW,XLI,0.09090909090909091
2024-09-03,A_wo_US10Y_yield,EW,XLK,0.09090909090909091
2024-09-03,A_wo_US10Y_yield,EW,XLP,0.09090909090909091
2024-09-03,A_wo_US10Y_yield,EW,XLRE,0.09090909090909091
2024-09-03,A_wo_US10Y_yield,EW,XLU,0.09090909090909091
2024-09-03,A_wo_US10Y_yield,EW,XLV,0.09090909090909091
2024-09-03,A_wo_US10Y_yield,EW,XLY,0.09090909090909091
2024-10-01,A_wo_US10Y_yield,MV,XLB,2.2512002366731045e-17
2024-10-01,A_wo_US10Y_yield,MV,XLC,0.7178619586510845
2024-10-01,A_wo_US10Y_yield,MV,XLE,4.87403920589847e-17
2024-10-01,A_wo_US10Y_yield,MV,XLF,0.28213804134891507
2024-10-01,A_wo_US10Y_yield,MV,XLI,3.247463336427862e-17
2024-10-01,A_wo_US10Y_yield,MV,XLK,0.0
2024-10-01,A_wo_US10Y_yield,MV,XLP,3.226848653607264e-17
2024-10-01,A_wo_US10Y_yield,MV,XLRE,2.3709113861106628e-17
2024-10-01,A_wo_US10Y_yield,MV,XLU,2.5673907444456745e-16
2024-10-01,A_wo_US10Y_yield,MV,XLV,8.938415986619773e-17
2024-10-01,A_wo_US10Y_yield,MV,XLY,3.292702338749738e-18
2024-10-01,A_wo_US10Y_yield,EW,XLB,0.09090909090909091
2024-10-01,A_wo_US10Y_yield,EW,XLC,0.09090909090909091
2024-10-01,A_wo_US10Y_yield,EW,XLE,0.09090909090909091
2024-10-01,A_wo_US10Y_yield,EW,XLF,0.09090909090909091
2024-10-01,A_wo_US10Y_yield,EW,XLI,0.09090909090909091
2024-10-01,A_wo_US10Y_yield,EW,XLK,0.09090909090909091
2024-10-01,A_wo_US10Y_yield,EW,XLP,0.09090909090909091
2024-10-01,A_wo_US10Y_yield,EW,XLRE,0.09090909090909091
2024-10-01,A_wo_US10Y_yield,EW,XLU,0.09090909090909091
2024-10-01,A_wo_US10Y_yield,EW,XLV,0.09090909090909091
2024-10-01,A_wo_US10Y_yield,EW,XLY,0.09090909090909091
2024-11-01,A_wo_US10Y_yield,MV,XLB,0.0
2024-11-01,A_wo_US10Y_yield,MV,XLC,0.08320698766334077
2024-11-01,A_wo_US10Y_yield,MV,XLE,0.0
2024-11-01,A_wo_US10Y_yield,MV,XLF,0.0
2024-11-01,A_wo_US10Y_yield,MV,XLI,0.0
2024-11-01,A_wo_US10Y_yield,MV,XLK,0.9167930123366593
2024-11-01,A_wo_US10Y_yield,MV,XLP,0.0
2024-11-01,A_wo_US10Y_yield,MV,XLRE,1.3959740280693313e-17
2024-11-01,A_wo_US10Y_yield,MV,XLU,5.3598684665198576e-17
2024-11-01,A_wo_US10Y_yield,MV,XLV,0.0
2024-11-01,A_wo_US10Y_yield,MV,XLY,3.0550138959564053e-18
2024-11-01,A_wo_US10Y_yield,EW,XLB,0.09090909090909091
2024-11-01,A_wo_US10Y_yield,EW,XLC,0.09090909090909091
2024-11-01,A_wo_US10Y_yield,EW,XLE,0.09090909090909091
2024-11-01,A_wo_US10Y_yield,EW,XLF,0.09090909090909091
2024-11-01,A_wo_US10Y_yield,EW,XLI,0.09090909090909091
2024-11-01,A_wo_US10Y_yield,EW,XLK,0.09090909090909091
2024-11-01,A_wo_US10Y_yield,EW,XLP,0.09090909090909091
2024-11-01,A_wo_US10Y_yield,EW,XLRE,0.09090909090909091
2024-11-01,A_wo_US10Y_yield,EW,XLU,0.09090909090909091
2024-11-01,A_wo_US10Y_yield,EW,XLV,0.09090909090909091
2024-11-01,A_wo_US10Y_yield,EW,XLY,0.09090909090909091
2024-12-02,A_wo_US10Y_yield,MV,XLB,0.0
2024-12-02,A_wo_US10Y_yield,MV,XLC,0.9999999999999998
2024-12-02,A_wo_US10Y_yield,MV,XLE,0.0
2024-12-02,A_wo_US10Y_yield,MV,XLF,3.608224830031759e-16
2024-12-02,A_wo_US10Y_yield,MV,XLI,0.0
2024-12-02,A_wo_US10Y_yield,MV,XLK,0.0
2024-12-02,A_wo_US10Y_yield,MV,XLP,1.970498884418683e-16
2024-12-02,A_wo_US10Y_yield,MV,XLRE,2.8706498707522796e-17
2024-12-02,A_wo_US10Y_yield,MV,XLU,0.0
2024-12-02,A_wo_US10Y_yield,MV,XLV,0.0
2024-12-02,A_wo_US10Y_yield,MV,XLY,0.0
2024-12-02,A_wo_US10Y_yield,EW,XLB,0.09090909090909091
2024-12-02,A_wo_US10Y_yield,EW,XLC,0.09090909090909091
2024-12-02,A_wo_US10Y_yield,EW,XLE,0.09090909090909091
2024-12-02,A_wo_US10Y_yield,EW,XLF,0.09090909090909091
2024-12-02,A_wo_US10Y_yield,EW,XLI,0.09090909090909091
2024-12-02,A_wo_US10Y_yield,EW,XLK,0.09090909090909091
2024-12-02,A_wo_US10Y_yield,EW,XLP,0.09090909090909091
2024-12-02,A_wo_US10Y_yield,EW,XLRE,0.09090909090909091
2024-12-02,A_wo_US10Y_yield,EW,XLU,0.09090909090909091
2024-12-02,A_wo_US10Y_yield,EW,XLV,0.09090909090909091
2024-12-02,A_wo_US10Y_yield,EW,XLY,0.09090909090909091
2025-01-02,A_wo_US10Y_yield,MV,XLB,7.616166283247462e-16
2025-01-02,A_wo_US10Y_yield,MV,XLC,0.9999999999999998
2025-01-02,A_wo_US10Y_yield,MV,XLE,0.0
2025-01-02,A_wo_US10Y_yield,MV,XLF,0.0
2025-01-02,A_wo_US10Y_yield,MV,XLI,1.156239879514237e-16
2025-01-02,A_wo_US10Y_yield,MV,XLK,0.0
2025-01-02,A_wo_US10Y_yield,MV,XLP,0.0
2025-01-02,A_wo_US10Y_yield,MV,XLRE,8.41449307187709e-17
2025-01-02,A_wo_US10Y_yield,MV,XLU,3.494317933104369e-16
2025-01-02,A_wo_US10Y_yield,MV,XLV,0.0
2025-01-02,A_wo_US10Y_yield,MV,XLY,7.051975476211513e-17
2025-01-02,A_wo_US10Y_yield,EW,XLB,0.09090909090909091
2025-01-02,A_wo_US10Y_yield,EW,XLC,0.09090909090909091
2025-01-02,A_wo_US10Y_yield,EW,XLE,0.09090909090909091
2025-01-02,A_wo_US10Y_yield,EW,XLF,0.09090909090909091
2025-01-02,A_wo_US10Y_yield,EW,XLI,0.09090909090909091
2025-01-02,A_wo_US10Y_yield,EW,XLK,0.09090909090909091
2025-01-02,A_wo_US10Y_yield,EW,XLP,0.09090909090909091
2025-01-02,A_wo_US10Y_yield,EW,XLRE,0.09090909090909091
2025-01-02,A_wo_US10Y_yield,EW,XLU,0.09090909090909091
2025-01-02,A_wo_US10Y_yield,EW,XLV,0.09090909090909091
2025-01-02,A_wo_US10Y_yield,EW,XLY,0.09090909090909091
2025-02-03,A_wo_US10Y_yield,MV,XLB,0.0
2025-02-03,A_wo_US10Y_yield,MV,XLC,0.41198727502386473
2025-02-03,A_wo_US10Y_yield,MV,XLE,9.732909594483982e-17
2025-02-03,A_wo_US10Y_yield,MV,XLF,5.551115123125783e-17
2025-02-03,A_wo_US10Y_yield,MV,XLI,2.7331151377225932e-17
2025-02-03,A_wo_US10Y_yield,MV,XLK,0.18903333746436007
2025-02-03,A_wo_US10Y_yield,MV,XLP,5.333183219608632e-17
2025-02-03,A_wo_US10Y_yield,MV,XLRE,0.0
2025-02-03,A_wo_US10Y_yield,MV,XLU,0.39897938751177525
2025-02-03,A_wo_US10Y_yield,MV,XLV,0.0
2025-02-03,A_wo_US10Y_yield,MV,XLY,0.0
2025-02-03,A_wo_US10Y_yield,EW,XLB,0.09090909090909091
2025-02-03,A_wo_US10Y_yield,EW,XLC,0.09090909090909091
2025-02-03,A_wo_US10Y_yield,EW,XLE,0.09090909090909091
2025-02-03,A_wo_US10Y_yield,EW,XLF,0.09090909090909091
2025-02-03,A_wo_US10Y_yield,EW,XLI,0.09090909090909091
2025-02-03,A_wo_US10Y_yield,EW,XLK,0.09090909090909091
2025-02-03,A_wo_US10Y_yield,EW,XLP,0.09090909090909091
2025-02-03,A_wo_US10Y_yield,EW,XLRE,0.09090909090909091
2025-02-03,A_wo_US10Y_yield,EW,XLU,0.09090909090909091
2025-02-03,A_wo_US10Y_yield,EW,XLV,0.09090909090909091
2025-02-03,A_wo_US10Y_yield,EW,XLY,0.09090909090909091
2025-03-03,A_wo_US10Y_yield,MV,XLB,3.332407533293005e-17
2025-03-03,A_wo_US10Y_yield,MV,XLC,0.21326233336857456
2025-03-03,A_wo_US10Y_yield,MV,XLE,5.951731201948532e-17
2025-03-03,A_wo_US10Y_yield,MV,XLF,0.0
2025-03-03,A_wo_US10Y_yield,MV,XLI,1.142592111004703e-17
2025-03-03,A_wo_US10Y_yield,MV,XLK,0.7867376666314256
2025-03-03,A_wo_US10Y_yield,MV,XLP,0.0
2025-03-03,A_wo_US10Y_yield,MV,XLRE,7.710949220785466e-18
2025-03-03,A_wo_US10Y_yield,MV,XLU,6.035499930985917e-18
2025-03-03,A_wo_US10Y_yield,MV,XLV,0.0
2025-03-03,A_wo_US10Y_yield,MV,XLY,0.0
2025-03-03,A_wo_US10Y_yield,EW,XLB,0.09090909090909091
2025-03-03,A_wo_US10Y_yield,EW,XLC,0.09090909090909091
2025-03-03,A_wo_US10Y_yield,EW,XLE,0.09090909090909091
2025-03-03,A_wo_US10Y_yield,EW,XLF,0.09090909090909091
2025-03-03,A_wo_US10Y_yield,EW,XLI,0.09090909090909091
2025-03-03,A_wo_US10Y_yield,EW,XLK,0.09090909090909091
2025-03-03,A_wo_US10Y_yield,EW,XLP,0.09090909090909091
2025-03-03,A_wo_US10Y_yield,EW,XLRE,0.09090909090909091
2025-03-03,A_wo_US10Y_yield,EW,XLU,0.09090909090909091
2025-03-03,A_wo_US10Y_yield,EW,XLV,0.09090909090909091
2025-03-03,A_wo_US10Y_yield,EW,XLY,0.09090909090909091
2025-04-01,A_wo_US10Y_yield,MV,XLB,9.320830979727216e-17
2025-04-01,A_wo_US10Y_yield,MV,XLC,0.9999999999999999
2025-04-01,A_wo_US10Y_yield,MV,XLE,9.958191902798143e-17
2025-04-01,A_wo_US10Y_yield,MV,XLF,0.0
2025-04-01,A_wo_US10Y_yield,MV,XLI,4.8922135331095004e-17
2025-04-01,A_wo_US10Y_yield,MV,XLK,1.9956452083824084e-17
2025-04-01,A_wo_US10Y_yield,MV,XLP,6.68131310123733e-17
2025-04-01,A_wo_US10Y_yield,MV,XLRE,5.14998065809476e-17
2025-04-01,A_wo_US10Y_yield,MV,XLU,2.568774782907381e-16
2025-04-01,A_wo_US10Y_yield,MV,XLV,1.974513150213575e-17
2025-04-01,A_wo_US10Y_yield,MV,XLY,3.969780198413416e-17
2025-04-01,A_wo_US10Y_yield,EW,XLB,0.09090909090909091
2025-04-01,A_wo_US10Y_yield,EW,XLC,0.09090909090909091
2025-04-01,A_wo_US10Y_yield,EW,XLE,0.09090909090909091
2025-04-01,A_wo_US10Y_yield,EW,XLF,0.09090909090909091
2025-04-01,A_wo_US10Y_yield,EW,XLI,0.09090909090909091
2025-04-01,A_wo_US10Y_yield,EW,XLK,0.09090909090909091
2025-04-01,A_wo_US10Y_yield,EW,XLP,0.09090909090909091
2025-04-01,A_wo_US10Y_yield,EW,XLRE,0.09090909090909091
2025-04-01,A_wo_US10Y_yield,EW,XLU,0.09090909090909091
2025-04-01,A_wo_US10Y_yield,EW,XLV,0.09090909090909091
2025-04-01,A_wo_US10Y_yield,EW,XLY,0.09090909090909091
2025-05-01,A_wo_US10Y_yield,MV,XLB,3.780588247809134e-16
2025-05-01,A_wo_US10Y_yield,MV,XLC,0.9999999999999997
2025-05-01,A_wo_US10Y_yield,MV,XLE,1.4465360082959323e-16
2025-05-01,A_wo_US10Y_yield,MV,XLF,0.0
2025-05-01,A_wo_US10Y_yield,MV,XLI,6.172530582651849e-17
2025-05-01,A_wo_US10Y_yield,MV,XLK,5.7784793831767e-17
2025-05-01,A_wo_US10Y_yield,MV,XLP,0.0
2025-05-01,A_wo_US10Y_yield,MV,XLRE,3.7437139594648934e-17
2025-05-01,A_wo_US10Y_yield,MV,XLU,0.0
2025-05-01,A_wo_US10Y_yield,MV,XLV,1.8966962214172004e-16
2025-05-01,A_wo_US10Y_yield,MV,XLY,1.370902885976808e-17
2025-05-01,A_wo_US10Y_yield,EW,XLB,0.09090909090909091
2025-05-01,A_wo_US10Y_yield,EW,XLC,0.09090909090909091
2025-05-01,A_wo_US10Y_yield,EW,XLE,0.09090909090909091
2025-05-01,A_wo_US10Y_yield,EW,XLF,0.09090909090909091
2025-05-01,A_wo_US10Y_yield,EW,XLI,0.09090909090909091
2025-05-01,A_wo_US10Y_yield,EW,XLK,0.09090909090909091
2025-05-01,A_wo_US10Y_yield,EW,XLP,0.09090909090909091
2025-05-01,A_wo_US10Y_yield,EW,XLRE,0.09090909090909091
2025-05-01,A_wo_US10Y_yield,EW,XLU,0.09090909090909091
2025-05-01,A_wo_US10Y_yield,EW,XLV,0.09090909090909091
2025-05-01,A_wo_US10Y_yield,EW,XLY,0.09090909090909091
2025-06-02,A_wo_US10Y_yield,MV,XLB,0.0
2025-06-02,A_wo_US10Y_yield,MV,XLC,0.7660635580498054
2025-06-02,A_wo_US10Y_yield,MV,XLE,5.144395279402215e-17
2025-06-02,A_wo_US10Y_yield,MV,XLF,0.0
2025-06-02,A_wo_US10Y_yield,MV,XLI,7.608580565150083e-17
2025-06-02,A_wo_US10Y_yield,MV,XLK,0.0
2025-06-02,A_wo_US10Y_yield,MV,XLP,0.04559992982404537
2025-06-02,A_wo_US10Y_yield,MV,XLRE,7.534715275285393e-17
2025-06-02,A_wo_US10Y_yield,MV,XLU,0.188336512126149
2025-06-02,A_wo_US10Y_yield,MV,XLV,1.91288805167632e-16
2025-06-02,A_wo_US10Y_yield,MV,XLY,6.616506626369342e-17
2025-06-02,A_wo_US10Y_yield,EW,XLB,0.09090909090909091
2025-06-02,A_wo_US10Y_yield,EW,XLC,0.09090909090909091
2025-06-02,A_wo_US10Y_yield,EW,XLE,0.09090909090909091
2025-06-02,A_wo_US10Y_yield,EW,XLF,0.09090909090909091
2025-06-02,A_wo_US10Y_yield,EW,XLI,0.09090909090909091
2025-06-02,A_wo_US10Y_yield,EW,XLK,0.09090909090909091
2025-06-02,A_wo_US10Y_yield,EW,XLP,0.09090909090909091
2025-06-02,A_wo_US10Y_yield,EW,XLRE,0.09090909090909091
2025-06-02,A_wo_US10Y_yield,EW,XLU,0.09090909090909091
2025-06-02,A_wo_US10Y_yield,EW,XLV,0.09090909090909091
2025-06-02,A_wo_US10Y_yield,EW,XLY,0.09090909090909091
2025-07-01,A_wo_US10Y_yield,MV,XLB,0.0
2025-07-01,A_wo_US10Y_yield,MV,XLC,0.8867425889392201
2025-07-01,A_wo_US10Y_yield,MV,XLE,0.0
2025-07-01,A_wo_US10Y_yield,MV,XLF,3.498703636445601e-18
2025-07-01,A_wo_US10Y_yield,MV,XLI,1.4149689907848523e-17
2025-07-01,A_wo_US10Y_yield,MV,XLK,7.509980327567029e-17
2025-07-01,A_wo_US10Y_yield,MV,XLP,1.3521949846413086e-16
2025-07-01,A_wo_US10Y_yield,MV,XLRE,4.936666624270985e-17
2025-07-01,A_wo_US10Y_yield,MV,XLU,0.0
2025-07-01,A_wo_US10Y_yield,MV,XLV,0.11325741106077976
2025-07-01,A_wo_US10Y_yield,MV,XLY,1.1357807422116632e-16
2025-07-01,A_wo_US10Y_yield,EW,XLB,0.09090909090909091
2025-07-01,A_wo_US10Y_yield,EW,XLC,0.09090909090909091
2025-07-01,A_wo_US10Y_yield,EW,XLE,0.09090909090909091
2025-07-01,A_wo_US10Y_yield,EW,XLF,0.09090909090909091
2025-07-01,A_wo_US10Y_yield,EW,XLI,0.09090909090909091
2025-07-01,A_wo_US10Y_yield,EW,XLK,0.09090909090909091
2025-07-01,A_wo_US10Y_yield,EW,XLP,0.09090909090909091
2025-07-01,A_wo_US10Y_yield,EW,XLRE,0.09090909090909091
2025-07-01,A_wo_US10Y_yield,EW,XLU,0.09090909090909091
2025-07-01,A_wo_US10Y_yield,EW,XLV,0.09090909090909091
2025-07-01,A_wo_US10Y_yield,EW,XLY,0.09090909090909091
2025-08-01,A_wo_US10Y_yield,MV,XLB,1.883244159512152e-17
2025-08-01,A_wo_US10Y_yield,MV,XLC,0.29627232273318377
2025-08-01,A_wo_US10Y_yield,MV,XLE,0.0
2025-08-01,A_wo_US10Y_yield,MV,XLF,0.0
2025-08-01,A_wo_US10Y_yield,MV,XLI,6.262361748807772e-18
2025-08-01,A_wo_US10Y_yield,MV,XLK,0.0
2025-08-01,A_wo_US10Y_yield,MV,XLP,9.245869272200668e-17
2025-08-01,A_wo_US10Y_yield,MV,XLRE,6.245004513516506e-17
2025-08-01,A_wo_US10Y_yield,MV,XLU,1.4749748394260902e-17
2025-08-01,A_wo_US10Y_yield,MV,XLV,0.7037276772668161
2025-08-01,A_wo_US10Y_yield,MV,XLY,0.0
2025-08-01,A_wo_US10Y_yield,EW,XLB,0.09090909090909091
2025-08-01,A_wo_US10Y_yield,EW,XLC,0.09090909090909091
2025-08-01,A_wo_US10Y_yield,EW,XLE,0.09090909090909091
2025-08-01,A_wo_US10Y_yield,EW,XLF,0.09090909090909091
2025-08-01,A_wo_US10Y_yield,EW,XLI,0.09090909090909091
2025-08-01,A_wo_US10Y_yield,EW,XLK,0.09090909090909091
2025-08-01,A_wo_US10Y_yield,EW,XLP,0.09090909090909091
2025-08-01,A_wo_US10Y_yield,EW,XLRE,0.09090909090909091
2025-08-01,A_wo_US10Y_yield,EW,XLU,0.09090909090909091
2025-08-01,A_wo_US10Y_yield,EW,XLV,0.09090909090909091
2025-08-01,A_wo_US10Y_yield,EW,XLY,0.09090909090909091
2025-09-02,A_wo_US10Y_yield,MV,XLB,0.0
2025-09-02,A_wo_US10Y_yield,MV,XLC,0.7933136168379942
2025-09-02,A_wo_US10Y_yield,MV,XLE,0.0
2025-09-02,A_wo_US10Y_yield,MV,XLF,1.6653345369377348e-16
2025-09-02,A_wo_US10Y_yield,MV,XLI,0.0
2025-09-02,A_wo_US10Y_yield,MV,XLK,1.330412377266845e-17
2025-09-02,A_wo_US10Y_yield,MV,XLP,0.19614351439259795
2025-09-02,A_wo_US10Y_yield,MV,XLRE,0.0
2025-09-02,A_wo_US10Y_yield,MV,XLU,0.010542868769408142
2025-09-02,A_wo_US10Y_yield,MV,XLV,4.1805682100307595e-17
2025-09-02,A_wo_US10Y_yield,MV,XLY,0.0
2025-09-02,A_wo_US10Y_yield,EW,XLB,0.09090909090909091
2025-09-02,A_wo_US10Y_yield,EW,XLC,0.09090909090909091
2025-09-02,A_wo_US10Y_yield,EW,XLE,0.09090909090909091
2025-09-02,A_wo_US10Y_yield,EW,XLF,0.09090909090909091
2025-09-02,A_wo_US10Y_yield,EW,XLI,0.09090909090909091
2025-09-02,A_wo_US10Y_yield,EW,XLK,0.09090909090909091
2025-09-02,A_wo_US10Y_yield,EW,XLP,0.09090909090909091
2025-09-02,A_wo_US10Y_yield,EW,XLRE,0.09090909090909091
2025-09-02,A_wo_US10Y_yield,EW,XLU,0.09090909090909091
2025-09-02,A_wo_US10Y_yield,EW,XLV,0.09090909090909091
2025-09-02,A_wo_US10Y_yield,EW,XLY,0.09090909090909091
2025-10-01,A_wo_US10Y_yield,MV,XLB,1.1760114321149137e-16
2025-10-01,A_wo_US10Y_yield,MV,XLC,0.48195033734201
2025-10-01,A_wo_US10Y_yield,MV,XLE,6.938893903907228e-18
2025-10-01,A_wo_US10Y_yield,MV,XLF,2.683113288659236e-19
2025-10-01,A_wo_US10Y_yield,MV,XLI,2.982995198772441e-17
2025-10-01,A_wo_US10Y_yield,MV,XLK,0.0
2025-10-01,A_wo_US10Y_yield,MV,XLP,0.0
2025-10-01,A_wo_US10Y_yield,MV,XLRE,9.063068899002193e-17
2025-10-01,A_wo_US10Y_yield,MV,XLU,0.5180496626579898
2025-10-01,A_wo_US10Y_yield,MV,XLV,8.144555819350899e-17
2025-10-01,A_wo_US10Y_yield,MV,XLY,3.512162891318507e-18
2025-10-01,A_wo_US10Y_yield,EW,XLB,0.09090909090909091
2025-10-01,A_wo_US10Y_yield,EW,XLC,0.09090909090909091
2025-10-01,A_wo_US10Y_yield,EW,XLE,0.09090909090909091
2025-10-01,A_wo_US10Y_yield,EW,XLF,0.09090909090909091
2025-10-01,A_wo_US10Y_yield,EW,XLI,0.09090909090909091
2025-10-01,A_wo_US10Y_yield,EW,XLK,0.09090909090909091
2025-10-01,A_wo_US10Y_yield,EW,XLP,0.09090909090909091
2025-10-01,A_wo_US10Y_yield,EW,XLRE,0.09090909090909091
2025-10-01,A_wo_US10Y_yield,EW,XLU,0.09090909090909091
2025-10-01,A_wo_US10Y_yield,EW,XLV,0.09090909090909091
2025-10-01,A_wo_US10Y_yield,EW,XLY,0.09090909090909091
2025-11-03,A_wo_US10Y_yield,MV,XLB,0.0
2025-11-03,A_wo_US10Y_yield,MV,XLC,0.5574291229460873
2025-11-03,A_wo_US10Y_yield,MV,XLE,0.0
2025-11-03,A_wo_US10Y_yield,MV,XLF,0.0
2025-11-03,A_wo_US10Y_yield,MV,XLI,0.0
2025-11-03,A_wo_US10Y_yield,MV,XLK,0.06183429032717869
2025-11-03,A_wo_US10Y_yield,MV,XLP,0.3807365867267345
2025-11-03,A_wo_US10Y_yield,MV,XLRE,7.35048670488317e-17
2025-11-03,A_wo_US10Y_yield,MV,XLU,9.053853617988928e-17
2025-11-03,A_wo_US10Y_yield,MV,XLV,0.0
2025-11-03,A_wo_US10Y_yield,MV,XLY,0.0
2025-11-03,A_wo_US10Y_yield,EW,XLB,0.09090909090909091
2025-11-03,A_wo_US10Y_yield,EW,XLC,0.09090909090909091
2025-11-03,A_wo_US10Y_yield,EW,XLE,0.09090909090909091
2025-11-03,A_wo_US10Y_yield,EW,XLF,0.09090909090909091
2025-11-03,A_wo_US10Y_yield,EW,XLI,0.09090909090909091
2025-11-03,A_wo_US10Y_yield,EW,XLK,0.09090909090909091
2025-11-03,A_wo_US10Y_yield,EW,XLP,0.09090909090909091
2025-11-03,A_wo_US10Y_yield,EW,XLRE,0.09090909090909091
2025-11-03,A_wo_US10Y_yield,EW,XLU,0.09090909090909091
2025-11-03,A_wo_US10Y_yield,EW,XLV,0.09090909090909091
2025-11-03,A_wo_US10Y_yield,EW,XLY,0.09090909090909091
2025-12-01,A_wo_US10Y_yield,MV,XLB,0.0
2025-12-01,A_wo_US10Y_yield,MV,XLC,0.44261460932217045
2025-12-01,A_wo_US10Y_yield,MV,XLE,1.0852342955832926e-16
2025-12-01,A_wo_US10Y_yield,MV,XLF,0.0
2025-12-01,A_wo_US10Y_yield,MV,XLI,5.938774153168867e-17
2025-12-01,A_wo_US10Y_yield,MV,XLK,2.31624849957149e-16
2025-12-01,A_wo_US10Y_yield,MV,XLP,0.0
2025-12-01,A_wo_US10Y_yield,MV,XLRE,0.0
2025-12-01,A_wo_US10Y_yield,MV,XLU,0.5573853906778292
2025-12-01,A_wo_US10Y_yield,MV,XLV,7.216449660063518e-16
2025-12-01,A_wo_US10Y_yield,MV,XLY,0.0
2025-12-01,A_wo_US10Y_yield,EW,XLB,0.09090909090909091
2025-12-01,A_wo_US10Y_yield,EW,XLC,0.09090909090909091
2025-12-01,A_wo_US10Y_yield,EW,XLE,0.09090909090909091
2025-12-01,A_wo_US10Y_yield,EW,XLF,0.09090909090909091
2025-12-01,A_wo_US10Y_yield,EW,XLI,0.09090909090909091
2025-12-01,A_wo_US10Y_yield,EW,XLK,0.09090909090909091
2025-12-01,A_wo_US10Y_yield,EW,XLP,0.09090909090909091
2025-12-01,A_wo_US10Y_yield,EW,XLRE,0.09090909090909091
2025-12-01,A_wo_US10Y_yield,EW,XLU,0.09090909090909091
2025-12-01,A_wo_US10Y_yield,EW,XLV,0.09090909090909091
2025-12-01,A_wo_US10Y_yield,EW,XLY,0.09090909090909091
2026-01-02,A_wo_US10Y_yield,MV,XLB,0.0
2026-01-02,A_wo_US10Y_yield,MV,XLC,0.07195718295585607
2026-01-02,A_wo_US10Y_yield,MV,XLE,1.968772714102957e-17
2026-01-02,A_wo_US10Y_yield,MV,XLF,0.0
2026-01-02,A_wo_US10Y_yield,MV,XLI,1.214306433183765e-17
2026-01-02,A_wo_US10Y_yield,MV,XLK,0.06577770878703074
2026-01-02,A_wo_US10Y_yield,MV,XLP,7.271509804298054e-17
2026-01-02,A_wo_US10Y_yield,MV,XLRE,1.5042106989249292e-17
2026-01-02,A_wo_US10Y_yield,MV,XLU,0.862265108257113
2026-01-02,A_wo_US10Y_yield,MV,XLV,0.0
2026-01-02,A_wo_US10Y_yield,MV,XLY,9.0942058927581e-19
2026-01-02,A_wo_US10Y_yield,EW,XLB,0.09090909090909091
2026-01-02,A_wo_US10Y_yield,EW,XLC,0.09090909090909091
2026-01-02,A_wo_US10Y_yield,EW,XLE,0.09090909090909091
2026-01-02,A_wo_US10Y_yield,EW,XLF,0.09090909090909091
2026-01-02,A_wo_US10Y_yield,EW,XLI,0.09090909090909091
2026-01-02,A_wo_US10Y_yield,EW,XLK,0.09090909090909091
2026-01-02,A_wo_US10Y_yield,EW,XLP,0.09090909090909091
2026-01-02,A_wo_US10Y_yield,EW,XLRE,0.09090909090909091
2026-01-02,A_wo_US10Y_yield,EW,XLU,0.09090909090909091
2026-01-02,A_wo_US10Y_yield,EW,XLV,0.09090909090909091
2026-01-02,A_wo_US10Y_yield,EW,XLY,0.09090909090909091
2026-02-02,A_wo_US10Y_yield,MV,XLB,6.042471386784238e-17
2026-02-02,A_wo_US10Y_yield,MV,XLC,4.5828506520291475e-17
2026-02-02,A_wo_US10Y_yield,MV,XLE,0.0
2026-02-02,A_wo_US10Y_yield,MV,XLF,0.0
2026-02-02,A_wo_US10Y_yield,MV,XLI,0.05624249180620569
2026-02-02,A_wo_US10Y_yield,MV,XLK,5.963457935314756e-17
2026-02-02,A_wo_US10Y_yield,MV,XLP,0.0
2026-02-02,A_wo_US10Y_yield,MV,XLRE,2.259140843458918e-17
2026-02-02,A_wo_US10Y_yield,MV,XLU,2.6019566962950182e-17
2026-02-02,A_wo_US10Y_yield,MV,XLV,0.9437575081937942
2026-02-02,A_wo_US10Y_yield,MV,XLY,2.552534515728806e-17
2026-02-02,A_wo_US10Y_yield,EW,XLB,0.09090909090909091
2026-02-02,A_wo_US10Y_yield,EW,XLC,0.09090909090909091
2026-02-02,A_wo_US10Y_yield,EW,XLE,0.09090909090909091
2026-02-02,A_wo_US10Y_yield,EW,XLF,0.09090909090909091
2026-02-02,A_wo_US10Y_yield,EW,XLI,0.09090909090909091
2026-02-02,A_wo_US10Y_yield,EW,XLK,0.09090909090909091
2026-02-02,A_wo_US10Y_yield,EW,XLP,0.09090909090909091
2026-02-02,A_wo_US10Y_yield,EW,XLRE,0.09090909090909091
2026-02-02,A_wo_US10Y_yield,EW,XLU,0.09090909090909091
2026-02-02,A_wo_US10Y_yield,EW,XLV,0.09090909090909091
2026-02-02,A_wo_US10Y_yield,EW,XLY,0.09090909090909091
2026-03-02,A_wo_US10Y_yield,MV,XLB,0.0
2026-03-02,A_wo_US10Y_yield,MV,XLC,0.0
2026-03-02,A_wo_US10Y_yield,MV,XLE,2.362799000523267e-16
2026-03-02,A_wo_US10Y_yield,MV,XLF,0.0
2026-03-02,A_wo_US10Y_yield,MV,XLI,0.8338172830389432
2026-03-02,A_wo_US10Y_yield,MV,XLK,0.0
2026-03-02,A_wo_US10Y_yield,MV,XLP,1.0375320980806735e-16
2026-03-02,A_wo_US10Y_yield,MV,XLRE,1.5113940317250805e-16
2026-03-02,A_wo_US10Y_yield,MV,XLU,0.16618271696105716
2026-03-02,A_wo_US10Y_yield,MV,XLV,7.888114541086408e-17
2026-03-02,A_wo_US10Y_yield,MV,XLY,8.256542119944069e-17
2026-03-02,A_wo_US10Y_yield,EW,XLB,0.09090909090909091
2026-03-02,A_wo_US10Y_yield,EW,XLC,0.09090909090909091
2026-03-02,A_wo_US10Y_yield,EW,XLE,0.09090909090909091
2026-03-02,A_wo_US10Y_yield,EW,XLF,0.09090909090909091
2026-03-02,A_wo_US10Y_yield,EW,XLI,0.09090909090909091
2026-03-02,A_wo_US10Y_yield,EW,XLK,0.09090909090909091
2026-03-02,A_wo_US10Y_yield,EW,XLP,0.09090909090909091
2026-03-02,A_wo_US10Y_yield,EW,XLRE,0.09090909090909091
2026-03-02,A_wo_US10Y_yield,EW,XLU,0.09090909090909091
2026-03-02,A_wo_US10Y_yield,EW,XLV,0.09090909090909091
2026-03-02,A_wo_US10Y_yield,EW,XLY,0.09090909090909091
2026-04-01,A_wo_US10Y_yield,MV,XLB,7.705686087606377e-17
2026-04-01,A_wo_US10Y_yield,MV,XLC,0.5758429450654294
2026-04-01,A_wo_US10Y_yield,MV,XLE,0.0
2026-04-01,A_wo_US10Y_yield,MV,XLF,6.222243771851853e-17
2026-04-01,A_wo_US10Y_yield,MV,XLI,0.26799433620873014
2026-04-01,A_wo_US10Y_yield,MV,XLK,0.0
2026-04-01,A_wo_US10Y_yield,MV,XLP,0.1561627187258406
2026-04-01,A_wo_US10Y_yield,MV,XLRE,0.0
2026-04-01,A_wo_US10Y_yield,MV,XLU,0.0
2026-04-01,A_wo_US10Y_yield,MV,XLV,0.0
2026-04-01,A_wo_US10Y_yield,MV,XLY,0.0
2026-04-01,A_wo_US10Y_yield,EW,XLB,0.09090909090909091
2026-04-01,A_wo_US10Y_yield,EW,XLC,0.09090909090909091
2026-04-01,A_wo_US10Y_yield,EW,XLE,0.09090909090909091
2026-04-01,A_wo_US10Y_yield,EW,XLF,0.09090909090909091
2026-04-01,A_wo_US10Y_yield,EW,XLI,0.09090909090909091
2026-04-01,A_wo_US10Y_yield,EW,XLK,0.09090909090909091
2026-04-01,A_wo_US10Y_yield,EW,XLP,0.09090909090909091
2026-04-01,A_wo_US10Y_yield,EW,XLRE,0.09090909090909091
2026-04-01,A_wo_US10Y_yield,EW,XLU,0.09090909090909091
2026-04-01,A_wo_US10Y_yield,EW,XLV,0.09090909090909091
2026-04-01,A_wo_US10Y_yield,EW,XLY,0.09090909090909091
2026-05-01,A_wo_US10Y_yield,MV,XLB,4.396293683549622e-17
2026-05-01,A_wo_US10Y_yield,MV,XLC,4.5988038023453626e-17
2026-05-01,A_wo_US10Y_yield,MV,XLE,0.0
2026-05-01,A_wo_US10Y_yield,MV,XLF,8.644506888228229e-17
2026-05-01,A_wo_US10Y_yield,MV,XLI,5.552334640706877e-17
2026-05-01,A_wo_US10Y_yield,MV,XLK,0.30720327931218167
2026-05-01,A_wo_US10Y_yield,MV,XLP,3.757320411760324e-17
2026-05-01,A_wo_US10Y_yield,MV,XLRE,0.0064079219781707775
2026-05-01,A_wo_US10Y_yield,MV,XLU,0.012201819201536318
2026-05-01,A_wo_US10Y_yield,MV,XLV,0.674186979508111
2026-05-01,A_wo_US10Y_yield,MV,XLY,3.229863200835562e-17
2026-05-01,A_wo_US10Y_yield,EW,XLB,0.09090909090909091
2026-05-01,A_wo_US10Y_yield,EW,XLC,0.09090909090909091
2026-05-01,A_wo_US10Y_yield,EW,XLE,0.09090909090909091
2026-05-01,A_wo_US10Y_yield,EW,XLF,0.09090909090909091
2026-05-01,A_wo_US10Y_yield,EW,XLI,0.09090909090909091
2026-05-01,A_wo_US10Y_yield,EW,XLK,0.09090909090909091
2026-05-01,A_wo_US10Y_yield,EW,XLP,0.09090909090909091
2026-05-01,A_wo_US10Y_yield,EW,XLRE,0.09090909090909091
2026-05-01,A_wo_US10Y_yield,EW,XLU,0.09090909090909091
2026-05-01,A_wo_US10Y_yield,EW,XLV,0.09090909090909091
2026-05-01,A_wo_US10Y_yield,EW,XLY,0.09090909090909091
2026-06-01,A_wo_US10Y_yield,MV,XLB,0.0
2026-06-01,A_wo_US10Y_yield,MV,XLC,7.386401224999484e-17
2026-06-01,A_wo_US10Y_yield,MV,XLE,0.0
2026-06-01,A_wo_US10Y_yield,MV,XLF,1.4570488163782908e-16
2026-06-01,A_wo_US10Y_yield,MV,XLI,6.679771918270797e-17
2026-06-01,A_wo_US10Y_yield,MV,XLK,0.9999999999999989
2026-06-01,A_wo_US10Y_yield,MV,XLP,9.055256544598933e-16
2026-06-01,A_wo_US10Y_yield,MV,XLRE,9.793593284035122e-17
2026-06-01,A_wo_US10Y_yield,MV,XLU,9.925392928898712e-17
2026-06-01,A_wo_US10Y_yield,MV,XLV,3.1999887607099015e-17
2026-06-01,A_wo_US10Y_yield,MV,XLY,2.098228876456136e-17
2026-06-01,A_wo_US10Y_yield,EW,XLB,0.09090909090909091
2026-06-01,A_wo_US10Y_yield,EW,XLC,0.09090909090909091
2026-06-01,A_wo_US10Y_yield,EW,XLE,0.09090909090909091
2026-06-01,A_wo_US10Y_yield,EW,XLF,0.09090909090909091
2026-06-01,A_wo_US10Y_yield,EW,XLI,0.09090909090909091
2026-06-01,A_wo_US10Y_yield,EW,XLK,0.09090909090909091
2026-06-01,A_wo_US10Y_yield,EW,XLP,0.09090909090909091
2026-06-01,A_wo_US10Y_yield,EW,XLRE,0.09090909090909091
2026-06-01,A_wo_US10Y_yield,EW,XLU,0.09090909090909091
2026-06-01,A_wo_US10Y_yield,EW,XLV,0.09090909090909091
2026-06-01,A_wo_US10Y_yield,EW,XLY,0.09090909090909091
2026-07-01,A_wo_US10Y_yield,MV,XLB,0.0
2026-07-01,A_wo_US10Y_yield,MV,XLC,0.2430407180229795
2026-07-01,A_wo_US10Y_yield,MV,XLE,3.5670251474773096e-17
2026-07-01,A_wo_US10Y_yield,MV,XLF,0.590715668767041
2026-07-01,A_wo_US10Y_yield,MV,XLI,9.172350379227368e-17
2026-07-01,A_wo_US10Y_yield,MV,XLK,0.0
2026-07-01,A_wo_US10Y_yield,MV,XLP,0.1662205924973831
2026-07-01,A_wo_US10Y_yield,MV,XLRE,0.0
2026-07-01,A_wo_US10Y_yield,MV,XLU,7.166576360129184e-17
2026-07-01,A_wo_US10Y_yield,MV,XLV,0.0
2026-07-01,A_wo_US10Y_yield,MV,XLY,2.302071259638024e-05
2026-07-01,A_wo_US10Y_yield,EW,XLB,0.09090909090909091
2026-07-01,A_wo_US10Y_yield,EW,XLC,0.09090909090909091
2026-07-01,A_wo_US10Y_yield,EW,XLE,0.09090909090909091
2026-07-01,A_wo_US10Y_yield,EW,XLF,0.09090909090909091
2026-07-01,A_wo_US10Y_yield,EW,XLI,0.09090909090909091
2026-07-01,A_wo_US10Y_yield,EW,XLK,0.09090909090909091
2026-07-01,A_wo_US10Y_yield,EW,XLP,0.09090909090909091
2026-07-01,A_wo_US10Y_yield,EW,XLRE,0.09090909090909091
2026-07-01,A_wo_US10Y_yield,EW,XLU,0.09090909090909091
2026-07-01,A_wo_US10Y_yield,EW,XLV,0.09090909090909091
2026-07-01,A_wo_US10Y_yield,EW,XLY,0.09090909090909091
2023-01-03,A_wo_VIX_volatility,MV,XLB,0.0
2023-01-03,A_wo_VIX_volatility,MV,XLC,6.506020652078278e-17
2023-01-03,A_wo_VIX_volatility,MV,XLE,0.32512054923218076
2023-01-03,A_wo_VIX_volatility,MV,XLF,0.0769314416865337
2023-01-03,A_wo_VIX_volatility,MV,XLI,0.0
2023-01-03,A_wo_VIX_volatility,MV,XLK,0.0
2023-01-03,A_wo_VIX_volatility,MV,XLP,0.0
2023-01-03,A_wo_VIX_volatility,MV,XLRE,0.19633902250934618
2023-01-03,A_wo_VIX_volatility,MV,XLU,0.2655374839709989
2023-01-03,A_wo_VIX_volatility,MV,XLV,0.13607150260094045
2023-01-03,A_wo_VIX_volatility,MV,XLY,0.0
2023-01-03,A_wo_VIX_volatility,EW,XLB,0.09090909090909091
2023-01-03,A_wo_VIX_volatility,EW,XLC,0.09090909090909091
2023-01-03,A_wo_VIX_volatility,EW,XLE,0.09090909090909091
2023-01-03,A_wo_VIX_volatility,EW,XLF,0.09090909090909091
2023-01-03,A_wo_VIX_volatility,EW,XLI,0.09090909090909091
2023-01-03,A_wo_VIX_volatility,EW,XLK,0.09090909090909091
2023-01-03,A_wo_VIX_volatility,EW,XLP,0.09090909090909091
2023-01-03,A_wo_VIX_volatility,EW,XLRE,0.09090909090909091
2023-01-03,A_wo_VIX_volatility,EW,XLU,0.09090909090909091
2023-01-03,A_wo_VIX_volatility,EW,XLV,0.09090909090909091
2023-01-03,A_wo_VIX_volatility,EW,XLY,0.09090909090909091
2023-02-01,A_wo_VIX_volatility,MV,XLB,0.0
2023-02-01,A_wo_VIX_volatility,MV,XLC,7.291259609965017e-18
2023-02-01,A_wo_VIX_volatility,MV,XLE,0.10864113954370949
2023-02-01,A_wo_VIX_volatility,MV,XLF,0.0
2023-02-01,A_wo_VIX_volatility,MV,XLI,0.0
2023-02-01,A_wo_VIX_volatility,MV,XLK,1.8756697583999227e-17
2023-02-01,A_wo_VIX_volatility,MV,XLP,0.0
2023-02-01,A_wo_VIX_volatility,MV,XLRE,0.33697821252083415
2023-02-01,A_wo_VIX_volatility,MV,XLU,0.34034791716953294
2023-02-01,A_wo_VIX_volatility,MV,XLV,0.0
2023-02-01,A_wo_VIX_volatility,MV,XLY,0.21403273076592333
2023-02-01,A_wo_VIX_volatility,EW,XLB,0.09090909090909091
2023-02-01,A_wo_VIX_volatility,EW,XLC,0.09090909090909091
2023-02-01,A_wo_VIX_volatility,EW,XLE,0.09090909090909091
2023-02-01,A_wo_VIX_volatility,EW,XLF,0.09090909090909091
2023-02-01,A_wo_VIX_volatility,EW,XLI,0.09090909090909091
2023-02-01,A_wo_VIX_volatility,EW,XLK,0.09090909090909091
2023-02-01,A_wo_VIX_volatility,EW,XLP,0.09090909090909091
2023-02-01,A_wo_VIX_volatility,EW,XLRE,0.09090909090909091
2023-02-01,A_wo_VIX_volatility,EW,XLU,0.09090909090909091
2023-02-01,A_wo_VIX_volatility,EW,XLV,0.09090909090909091
2023-02-01,A_wo_VIX_volatility,EW,XLY,0.09090909090909091
2023-03-01,A_wo_VIX_volatility,MV,XLB,0.0
2023-03-01,A_wo_VIX_volatility,MV,XLC,0.20784840640448668
2023-03-01,A_wo_VIX_volatility,MV,XLE,0.3751739190693765
2023-03-01,A_wo_VIX_volatility,MV,XLF,0.4169776745261369
2023-03-01,A_wo_VIX_volatility,MV,XLI,0.0
2023-03-01,A_wo_VIX_volatility,MV,XLK,1.5237525027084973e-17
2023-03-01,A_wo_VIX_volatility,MV,XLP,4.768522182567995e-19
2023-03-01,A_wo_VIX_volatility,MV,XLRE,1.3788423896660689e-17
2023-03-01,A_wo_VIX_volatility,MV,XLU,0.0
2023-03-01,A_wo_VIX_volatility,MV,XLV,0.0
2023-03-01,A_wo_VIX_volatility,MV,XLY,0.0
2023-03-01,A_wo_VIX_volatility,EW,XLB,0.09090909090909091
2023-03-01,A_wo_VIX_volatility,EW,XLC,0.09090909090909091
2023-03-01,A_wo_VIX_volatility,EW,XLE,0.09090909090909091
2023-03-01,A_wo_VIX_volatility,EW,XLF,0.09090909090909091
2023-03-01,A_wo_VIX_volatility,EW,XLI,0.09090909090909091
2023-03-01,A_wo_VIX_volatility,EW,XLK,0.09090909090909091
2023-03-01,A_wo_VIX_volatility,EW,XLP,0.09090909090909091
2023-03-01,A_wo_VIX_volatility,EW,XLRE,0.09090909090909091
2023-03-01,A_wo_VIX_volatility,EW,XLU,0.09090909090909091
2023-03-01,A_wo_VIX_volatility,EW,XLV,0.09090909090909091
2023-03-01,A_wo_VIX_volatility,EW,XLY,0.09090909090909091
2023-04-03,A_wo_VIX_volatility,MV,XLB,6.3894033058413246e-18
2023-04-03,A_wo_VIX_volatility,MV,XLC,0.31255505968739866
2023-04-03,A_wo_VIX_volatility,MV,XLE,0.1292197396042089
2023-04-03,A_wo_VIX_volatility,MV,XLF,0.0
2023-04-03,A_wo_VIX_volatility,MV,XLI,0.0
2023-04-03,A_wo_VIX_volatility,MV,XLK,0.0
2023-04-03,A_wo_VIX_volatility,MV,XLP,3.37788455423661e-17
2023-04-03,A_wo_VIX_volatility,MV,XLRE,0.5580652577273761
2023-04-03,A_wo_VIX_volatility,MV,XLU,0.0
2023-04-03,A_wo_VIX_volatility,MV,XLV,0.00015994298101648305
2023-04-03,A_wo_VIX_volatility,MV,XLY,0.0
2023-04-03,A_wo_VIX_volatility,EW,XLB,0.09090909090909091
2023-04-03,A_wo_VIX_volatility,EW,XLC,0.09090909090909091
2023-04-03,A_wo_VIX_volatility,EW,XLE,0.09090909090909091
2023-04-03,A_wo_VIX_volatility,EW,XLF,0.09090909090909091
2023-04-03,A_wo_VIX_volatility,EW,XLI,0.09090909090909091
2023-04-03,A_wo_VIX_volatility,EW,XLK,0.09090909090909091
2023-04-03,A_wo_VIX_volatility,EW,XLP,0.09090909090909091
2023-04-03,A_wo_VIX_volatility,EW,XLRE,0.09090909090909091
2023-04-03,A_wo_VIX_volatility,EW,XLU,0.09090909090909091
2023-04-03,A_wo_VIX_volatility,EW,XLV,0.09090909090909091
2023-04-03,A_wo_VIX_volatility,EW,XLY,0.09090909090909091
2023-05-01,A_wo_VIX_volatility,MV,XLB,0.0
2023-05-01,A_wo_VIX_volatility,MV,XLC,1.8648277366750676e-17
2023-05-01,A_wo_VIX_volatility,MV,XLE,0.0
2023-05-01,A_wo_VIX_volatility,MV,XLF,0.0
2023-05-01,A_wo_VIX_volatility,MV,XLI,0.0
2023-05-01,A_wo_VIX_volatility,MV,XLK,0.0
2023-05-01,A_wo_VIX_volatility,MV,XLP,0.41908157409574925
2023-05-01,A_wo_VIX_volatility,MV,XLRE,0.023811952870022322
2023-05-01,A_wo_VIX_volatility,MV,XLU,2.7755575615628914e-17
2023-05-01,A_wo_VIX_volatility,MV,XLV,0.3842614419664686
2023-05-01,A_wo_VIX_volatility,MV,XLY,0.17284503106775995
2023-05-01,A_wo_VIX_volatility,EW,XLB,0.09090909090909091
2023-05-01,A_wo_VIX_volatility,EW,XLC,0.09090909090909091
2023-05-01,A_wo_VIX_volatility,EW,XLE,0.09090909090909091
2023-05-01,A_wo_VIX_volatility,EW,XLF,0.09090909090909091
2023-05-01,A_wo_VIX_volatility,EW,XLI,0.09090909090909091
2023-05-01,A_wo_VIX_volatility,EW,XLK,0.09090909090909091
2023-05-01,A_wo_VIX_volatility,EW,XLP,0.09090909090909091
2023-05-01,A_wo_VIX_volatility,EW,XLRE,0.09090909090909091
2023-05-01,A_wo_VIX_volatility,EW,XLU,0.09090909090909091
2023-05-01,A_wo_VIX_volatility,EW,XLV,0.09090909090909091
2023-05-01,A_wo_VIX_volatility,EW,XLY,0.09090909090909091
2023-06-01,A_wo_VIX_volatility,MV,XLB,0.5720605361670325
2023-06-01,A_wo_VIX_volatility,MV,XLC,4.9202522998746466e-17
2023-06-01,A_wo_VIX_volatility,MV,XLE,0.0
2023-06-01,A_wo_VIX_volatility,MV,XLF,0.4279394638329679
2023-06-01,A_wo_VIX_volatility,MV,XLI,0.0
2023-06-01,A_wo_VIX_volatility,MV,XLK,3.651865867211432e-17
2023-06-01,A_wo_VIX_volatility,MV,XLP,0.0
2023-06-01,A_wo_VIX_volatility,MV,XLRE,5.0869773777719456e-17
2023-06-01,A_wo_VIX_volatility,MV,XLU,0.0
2023-06-01,A_wo_VIX_volatility,MV,XLV,1.144202933870905e-16
2023-06-01,A_wo_VIX_volatility,MV,XLY,0.0
2023-06-01,A_wo_VIX_volatility,EW,XLB,0.09090909090909091
2023-06-01,A_wo_VIX_volatility,EW,XLC,0.09090909090909091
2023-06-01,A_wo_VIX_volatility,EW,XLE,0.09090909090909091
2023-06-01,A_wo_VIX_volatility,EW,XLF,0.09090909090909091
2023-06-01,A_wo_VIX_volatility,EW,XLI,0.09090909090909091
2023-06-01,A_wo_VIX_volatility,EW,XLK,0.09090909090909091
2023-06-01,A_wo_VIX_volatility,EW,XLP,0.09090909090909091
2023-06-01,A_wo_VIX_volatility,EW,XLRE,0.09090909090909091
2023-06-01,A_wo_VIX_volatility,EW,XLU,0.09090909090909091
2023-06-01,A_wo_VIX_volatility,EW,XLV,0.09090909090909091
2023-06-01,A_wo_VIX_volatility,EW,XLY,0.09090909090909091
2023-07-03,A_wo_VIX_volatility,MV,XLB,7.469574199528453e-17
2023-07-03,A_wo_VIX_volatility,MV,XLC,0.5110204804778856
2023-07-03,A_wo_VIX_volatility,MV,XLE,8.113191757224118e-17
2023-07-03,A_wo_VIX_volatility,MV,XLF,1.4384748006898393e-16
2023-07-03,A_wo_VIX_volatility,MV,XLI,1.5225271533693335e-16
2023-07-03,A_wo_VIX_volatility,MV,XLK,7.955004384174774e-17
2023-07-03,A_wo_VIX_volatility,MV,XLP,0.32583716130760687
2023-07-03,A_wo_VIX_volatility,MV,XLRE,0.16314235821450726
2023-07-03,A_wo_VIX_volatility,MV,XLU,6.359034606176671e-17
2023-07-03,A_wo_VIX_volatility,MV,XLV,0.0
2023-07-03,A_wo_VIX_volatility,MV,XLY,0.0
2023-07-03,A_wo_VIX_volatility,EW,XLB,0.09090909090909091
2023-07-03,A_wo_VIX_volatility,EW,XLC,0.09090909090909091
2023-07-03,A_wo_VIX_volatility,EW,XLE,0.09090909090909091
2023-07-03,A_wo_VIX_volatility,EW,XLF,0.09090909090909091
2023-07-03,A_wo_VIX_volatility,EW,XLI,0.09090909090909091
2023-07-03,A_wo_VIX_volatility,EW,XLK,0.09090909090909091
2023-07-03,A_wo_VIX_volatility,EW,XLP,0.09090909090909091
2023-07-03,A_wo_VIX_volatility,EW,XLRE,0.09090909090909091
2023-07-03,A_wo_VIX_volatility,EW,XLU,0.09090909090909091
2023-07-03,A_wo_VIX_volatility,EW,XLV,0.09090909090909091
2023-07-03,A_wo_VIX_volatility,EW,XLY,0.09090909090909091
2023-08-01,A_wo_VIX_volatility,MV,XLB,3.957337929572091e-17
2023-08-01,A_wo_VIX_volatility,MV,XLC,0.29155276258345714
2023-08-01,A_wo_VIX_volatility,MV,XLE,0.14316037850854985
2023-08-01,A_wo_VIX_volatility,MV,XLF,2.168404344971009e-17
2023-08-01,A_wo_VIX_volatility,MV,XLI,6.938893903907228e-18
2023-08-01,A_wo_VIX_volatility,MV,XLK,8.413408858487514e-17
2023-08-01,A_wo_VIX_volatility,MV,XLP,3.469446951953614e-18
2023-08-01,A_wo_VIX_volatility,MV,XLRE,0.24782772204146455
2023-08-01,A_wo_VIX_volatility,MV,XLU,0.3174591368665284
2023-08-01,A_wo_VIX_volatility,MV,XLV,8.673617379884035e-18
2023-08-01,A_wo_VIX_volatility,MV,XLY,1.3877787807814457e-17
2023-08-01,A_wo_VIX_volatility,EW,XLB,0.09090909090909091
2023-08-01,A_wo_VIX_volatility,EW,XLC,0.09090909090909091
2023-08-01,A_wo_VIX_volatility,EW,XLE,0.09090909090909091
2023-08-01,A_wo_VIX_volatility,EW,XLF,0.09090909090909091
2023-08-01,A_wo_VIX_volatility,EW,XLI,0.09090909090909091
2023-08-01,A_wo_VIX_volatility,EW,XLK,0.09090909090909091
2023-08-01,A_wo_VIX_volatility,EW,XLP,0.09090909090909091
2023-08-01,A_wo_VIX_volatility,EW,XLRE,0.09090909090909091
2023-08-01,A_wo_VIX_volatility,EW,XLU,0.09090909090909091
2023-08-01,A_wo_VIX_volatility,EW,XLV,0.09090909090909091
2023-08-01,A_wo_VIX_volatility,EW,XLY,0.09090909090909091
2023-09-01,A_wo_VIX_volatility,MV,XLB,1.951563910473908e-18
2023-09-01,A_wo_VIX_volatility,MV,XLC,0.07289033483737067
2023-09-01,A_wo_VIX_volatility,MV,XLE,1.2641797331180982e-16
2023-09-01,A_wo_VIX_volatility,MV,XLF,1.929879867024198e-17
2023-09-01,A_wo_VIX_volatility,MV,XLI,5.2475385148298415e-17
2023-09-01,A_wo_VIX_volatility,MV,XLK,3.5561831257524545e-17
2023-09-01,A_wo_VIX_volatility,MV,XLP,0.7756983644803845
2023-09-01,A_wo_VIX_volatility,MV,XLRE,0.0
2023-09-01,A_wo_VIX_volatility,MV,XLU,6.440160904563896e-17
2023-09-01,A_wo_VIX_volatility,MV,XLV,0.0
2023-09-01,A_wo_VIX_volatility,MV,XLY,0.15141130068224443
2023-09-01,A_wo_VIX_volatility,EW,XLB,0.09090909090909091
2023-09-01,A_wo_VIX_volatility,EW,XLC,0.09090909090909091
2023-09-01,A_wo_VIX_volatility,EW,XLE,0.09090909090909091
2023-09-01,A_wo_VIX_volatility,EW,XLF,0.09090909090909091
2023-09-01,A_wo_VIX_volatility,EW,XLI,0.09090909090909091
2023-09-01,A_wo_VIX_volatility,EW,XLK,0.09090909090909091
2023-09-01,A_wo_VIX_volatility,EW,XLP,0.09090909090909091
2023-09-01,A_wo_VIX_volatility,EW,XLRE,0.09090909090909091
2023-09-01,A_wo_VIX_volatility,EW,XLU,0.09090909090909091
2023-09-01,A_wo_VIX_volatility,EW,XLV,0.09090909090909091
2023-09-01,A_wo_VIX_volatility,EW,XLY,0.09090909090909091
2023-10-02,A_wo_VIX_volatility,MV,XLB,0.0
2023-10-02,A_wo_VIX_volatility,MV,XLC,0.0
2023-10-02,A_wo_VIX_volatility,MV,XLE,0.0
2023-10-02,A_wo_VIX_volatility,MV,XLF,5.3263493990487305e-17
2023-10-02,A_wo_VIX_volatility,MV,XLI,0.0
2023-10-02,A_wo_VIX_volatility,MV,XLK,0.0
2023-10-02,A_wo_VIX_volatility,MV,XLP,5.551115123125783e-17
2023-10-02,A_wo_VIX_volatility,MV,XLRE,0.0
2023-10-02,A_wo_VIX_volatility,MV,XLU,0.624677900585874
2023-10-02,A_wo_VIX_volatility,MV,XLV,0.375322099414126
2023-10-02,A_wo_VIX_volatility,MV,XLY,0.0
2023-10-02,A_wo_VIX_volatility,EW,XLB,0.09090909090909091
2023-10-02,A_wo_VIX_volatility,EW,XLC,0.09090909090909091
2023-10-02,A_wo_VIX_volatility,EW,XLE,0.09090909090909091
2023-10-02,A_wo_VIX_volatility,EW,XLF,0.09090909090909091
2023-10-02,A_wo_VIX_volatility,EW,XLI,0.09090909090909091
2023-10-02,A_wo_VIX_volatility,EW,XLK,0.09090909090909091
2023-10-02,A_wo_VIX_volatility,EW,XLP,0.09090909090909091
2023-10-02,A_wo_VIX_volatility,EW,XLRE,0.09090909090909091
2023-10-02,A_wo_VIX_volatility,EW,XLU,0.09090909090909091
2023-10-02,A_wo_VIX_volatility,EW,XLV,0.09090909090909091
2023-10-02,A_wo_VIX_volatility,EW,XLY,0.09090909090909091
2023-11-01,A_wo_VIX_volatility,MV,XLB,0.46232447289914425
2023-11-01,A_wo_VIX_volatility,MV,XLC,4.072289172585529e-17
2023-11-01,A_wo_VIX_volatility,MV,XLE,0.0
2023-11-01,A_wo_VIX_volatility,MV,XLF,8.78953600655856e-18
2023-11-01,A_wo_VIX_volatility,MV,XLI,0.0
2023-11-01,A_wo_VIX_volatility,MV,XLK,0.0
2023-11-01,A_wo_VIX_volatility,MV,XLP,0.0
2023-11-01,A_wo_VIX_volatility,MV,XLRE,3.925215899616369e-17
2023-11-01,A_wo_VIX_volatility,MV,XLU,0.0
2023-11-01,A_wo_VIX_volatility,MV,XLV,0.537675527100856
2023-11-01,A_wo_VIX_volatility,MV,XLY,0.0
2023-11-01,A_wo_VIX_volatility,EW,XLB,0.09090909090909091
2023-11-01,A_wo_VIX_volatility,EW,XLC,0.09090909090909091
2023-11-01,A_wo_VIX_volatility,EW,XLE,0.09090909090909091
2023-11-01,A_wo_VIX_volatility,EW,XLF,0.09090909090909091
2023-11-01,A_wo_VIX_volatility,EW,XLI,0.09090909090909091
2023-11-01,A_wo_VIX_volatility,EW,XLK,0.09090909090909091
2023-11-01,A_wo_VIX_volatility,EW,XLP,0.09090909090909091
2023-11-01,A_wo_VIX_volatility,EW,XLRE,0.09090909090909091
2023-11-01,A_wo_VIX_volatility,EW,XLU,0.09090909090909091
2023-11-01,A_wo_VIX_volatility,EW,XLV,0.09090909090909091
2023-11-01,A_wo_VIX_volatility,EW,XLY,0.09090909090909091
2023-12-01,A_wo_VIX_volatility,MV,XLB,3.898250611600174e-17
2023-12-01,A_wo_VIX_volatility,MV,XLC,0.4215465529294874
2023-12-01,A_wo_VIX_volatility,MV,XLE,0.0
2023-12-01,A_wo_VIX_volatility,MV,XLF,2.2544194029245823e-17
2023-12-01,A_wo_VIX_volatility,MV,XLI,0.0
2023-12-01,A_wo_VIX_volatility,MV,XLK,6.395595263551807e-17
2023-12-01,A_wo_VIX_volatility,MV,XLP,0.5784534470705125
2023-12-01,A_wo_VIX_volatility,MV,XLRE,1.111150242026661e-16
2023-12-01,A_wo_VIX_volatility,MV,XLU,1.2657315957116199e-17
2023-12-01,A_wo_VIX_volatility,MV,XLV,0.0
2023-12-01,A_wo_VIX_volatility,MV,XLY,4.584520571049074e-17
2023-12-01,A_wo_VIX_volatility,EW,XLB,0.09090909090909091
2023-12-01,A_wo_VIX_volatility,EW,XLC,0.09090909090909091
2023-12-01,A_wo_VIX_volatility,EW,XLE,0.09090909090909091
2023-12-01,A_wo_VIX_volatility,EW,XLF,0.09090909090909091
2023-12-01,A_wo_VIX_volatility,EW,XLI,0.09090909090909091
2023-12-01,A_wo_VIX_volatility,EW,XLK,0.09090909090909091
2023-12-01,A_wo_VIX_volatility,EW,XLP,0.09090909090909091
2023-12-01,A_wo_VIX_volatility,EW,XLRE,0.09090909090909091
2023-12-01,A_wo_VIX_volatility,EW,XLU,0.09090909090909091
2023-12-01,A_wo_VIX_volatility,EW,XLV,0.09090909090909091
2023-12-01,A_wo_VIX_volatility,EW,XLY,0.09090909090909091
2024-01-02,A_wo_VIX_volatility,MV,XLB,0.0
2024-01-02,A_wo_VIX_volatility,MV,XLC,0.47138343796026133
2024-01-02,A_wo_VIX_volatility,MV,XLE,2.97260602694626e-17
2024-01-02,A_wo_VIX_volatility,MV,XLF,0.0
2024-01-02,A_wo_VIX_volatility,MV,XLI,0.0
2024-01-02,A_wo_VIX_volatility,MV,XLK,0.05919295725278535
2024-01-02,A_wo_VIX_volatility,MV,XLP,0.1141544471171497
2024-01-02,A_wo_VIX_volatility,MV,XLRE,0.0
2024-01-02,A_wo_VIX_volatility,MV,XLU,0.355269157669804
2024-01-02,A_wo_VIX_volatility,MV,XLV,0.0
2024-01-02,A_wo_VIX_volatility,MV,XLY,0.0
2024-01-02,A_wo_VIX_volatility,EW,XLB,0.09090909090909091
2024-01-02,A_wo_VIX_volatility,EW,XLC,0.09090909090909091
2024-01-02,A_wo_VIX_volatility,EW,XLE,0.09090909090909091
2024-01-02,A_wo_VIX_volatility,EW,XLF,0.09090909090909091
2024-01-02,A_wo_VIX_volatility,EW,XLI,0.09090909090909091
2024-01-02,A_wo_VIX_volatility,EW,XLK,0.09090909090909091
2024-01-02,A_wo_VIX_volatility,EW,XLP,0.09090909090909091
2024-01-02,A_wo_VIX_volatility,EW,XLRE,0.09090909090909091
2024-01-02,A_wo_VIX_volatility,EW,XLU,0.09090909090909091
2024-01-02,A_wo_VIX_volatility,EW,XLV,0.09090909090909091
2024-01-02,A_wo_VIX_volatility,EW,XLY,0.09090909090909091
2024-02-01,A_wo_VIX_volatility,MV,XLB,0.0
2024-02-01,A_wo_VIX_volatility,MV,XLC,0.41156698890340854
2024-02-01,A_wo_VIX_volatility,MV,XLE,0.0
2024-02-01,A_wo_VIX_volatility,MV,XLF,3.218653443360557e-17
2024-02-01,A_wo_VIX_volatility,MV,XLI,3.4204756789609388e-18
2024-02-01,A_wo_VIX_volatility,MV,XLK,5.722769186161787e-17
2024-02-01,A_wo_VIX_volatility,MV,XLP,0.3424778803188752
2024-02-01,A_wo_VIX_volatility,MV,XLRE,2.2044875402865364e-18
2024-02-01,A_wo_VIX_volatility,MV,XLU,0.2459551307777163
2024-02-01,A_wo_VIX_volatility,MV,XLV,0.0
2024-02-01,A_wo_VIX_volatility,MV,XLY,0.0
2024-02-01,A_wo_VIX_volatility,EW,XLB,0.09090909090909091
2024-02-01,A_wo_VIX_volatility,EW,XLC,0.09090909090909091
2024-02-01,A_wo_VIX_volatility,EW,XLE,0.09090909090909091
2024-02-01,A_wo_VIX_volatility,EW,XLF,0.09090909090909091
2024-02-01,A_wo_VIX_volatility,EW,XLI,0.09090909090909091
2024-02-01,A_wo_VIX_volatility,EW,XLK,0.09090909090909091
2024-02-01,A_wo_VIX_volatility,EW,XLP,0.09090909090909091
2024-02-01,A_wo_VIX_volatility,EW,XLRE,0.09090909090909091
2024-02-01,A_wo_VIX_volatility,EW,XLU,0.09090909090909091
2024-02-01,A_wo_VIX_volatility,EW,XLV,0.09090909090909091
2024-02-01,A_wo_VIX_volatility,EW,XLY,0.09090909090909091
2024-03-01,A_wo_VIX_volatility,MV,XLB,0.0
2024-03-01,A_wo_VIX_volatility,MV,XLC,0.32821760086071855
2024-03-01,A_wo_VIX_volatility,MV,XLE,0.0
2024-03-01,A_wo_VIX_volatility,MV,XLF,0.22560488771105333
2024-03-01,A_wo_VIX_volatility,MV,XLI,7.121934538893342e-17
2024-03-01,A_wo_VIX_volatility,MV,XLK,0.0
2024-03-01,A_wo_VIX_volatility,MV,XLP,0.23070112671518764
2024-03-01,A_wo_VIX_volatility,MV,XLRE,0.0
2024-03-01,A_wo_VIX_volatility,MV,XLU,2.8668678334931186e-17
2024-03-01,A_wo_VIX_volatility,MV,XLV,0.21547638471304048
2024-03-01,A_wo_VIX_volatility,MV,XLY,1.0610703199491882e-16
2024-03-01,A_wo_VIX_volatility,EW,XLB,0.09090909090909091
2024-03-01,A_wo_VIX_volatility,EW,XLC,0.09090909090909091
2024-03-01,A_wo_VIX_volatility,EW,XLE,0.09090909090909091
2024-03-01,A_wo_VIX_volatility,EW,XLF,0.09090909090909091
2024-03-01,A_wo_VIX_volatility,EW,XLI,0.09090909090909091
2024-03-01,A_wo_VIX_volatility,EW,XLK,0.09090909090909091
2024-03-01,A_wo_VIX_volatility,EW,XLP,0.09090909090909091
2024-03-01,A_wo_VIX_volatility,EW,XLRE,0.09090909090909091
2024-03-01,A_wo_VIX_volatility,EW,XLU,0.09090909090909091
2024-03-01,A_wo_VIX_volatility,EW,XLV,0.09090909090909091
2024-03-01,A_wo_VIX_volatility,EW,XLY,0.09090909090909091
2024-04-01,A_wo_VIX_volatility,MV,XLB,7.751772018844545e-17
2024-04-01,A_wo_VIX_volatility,MV,XLC,0.30170518921940814
2024-04-01,A_wo_VIX_volatility,MV,XLE,0.0
2024-04-01,A_wo_VIX_volatility,MV,XLF,0.6982948107805919
2024-04-01,A_wo_VIX_volatility,MV,XLI,0.0
2024-04-01,A_wo_VIX_volatility,MV,XLK,0.0
2024-04-01,A_wo_VIX_volatility,MV,XLP,2.6622240990524323e-18
2024-04-01,A_wo_VIX_volatility,MV,XLRE,8.51209151061367e-17
2024-04-01,A_wo_VIX_volatility,MV,XLU,0.0
2024-04-01,A_wo_VIX_volatility,MV,XLV,5.296292221223305e-17
2024-04-01,A_wo_VIX_volatility,MV,XLY,1.0759011995534019e-16
2024-04-01,A_wo_VIX_volatility,EW,XLB,0.09090909090909091
2024-04-01,A_wo_VIX_volatility,EW,XLC,0.09090909090909091
2024-04-01,A_wo_VIX_volatility,EW,XLE,0.09090909090909091
2024-04-01,A_wo_VIX_volatility,EW,XLF,0.09090909090909091
2024-04-01,A_wo_VIX_volatility,EW,XLI,0.09090909090909091
2024-04-01,A_wo_VIX_volatility,EW,XLK,0.09090909090909091
2024-04-01,A_wo_VIX_volatility,EW,XLP,0.09090909090909091
2024-04-01,A_wo_VIX_volatility,EW,XLRE,0.09090909090909091
2024-04-01,A_wo_VIX_volatility,EW,XLU,0.09090909090909091
2024-04-01,A_wo_VIX_volatility,EW,XLV,0.09090909090909091
2024-04-01,A_wo_VIX_volatility,EW,XLY,0.09090909090909091
2024-05-01,A_wo_VIX_volatility,MV,XLB,3.609425770915435e-17
2024-05-01,A_wo_VIX_volatility,MV,XLC,1.0
2024-05-01,A_wo_VIX_volatility,MV,XLE,4.104431532335999e-17
2024-05-01,A_wo_VIX_volatility,MV,XLF,0.0
2024-05-01,A_wo_VIX_volatility,MV,XLI,7.134394058102773e-17
2024-05-01,A_wo_VIX_volatility,MV,XLK,0.0
2024-05-01,A_wo_VIX_volatility,MV,XLP,0.0
2024-05-01,A_wo_VIX_volatility,MV,XLRE,1.373157709316204e-16
2024-05-01,A_wo_VIX_volatility,MV,XLU,0.0
2024-05-01,A_wo_VIX_volatility,MV,XLV,6.661971367760727e-18
2024-05-01,A_wo_VIX_volatility,MV,XLY,8.117161395654677e-17
2024-05-01,A_wo_VIX_volatility,EW,XLB,0.09090909090909091
2024-05-01,A_wo_VIX_volatility,EW,XLC,0.09090909090909091
2024-05-01,A_wo_VIX_volatility,EW,XLE,0.09090909090909091
2024-05-01,A_wo_VIX_volatility,EW,XLF,0.09090909090909091
2024-05-01,A_wo_VIX_volatility,EW,XLI,0.09090909090909091
2024-05-01,A_wo_VIX_volatility,EW,XLK,0.09090909090909091
2024-05-01,A_wo_VIX_volatility,EW,XLP,0.09090909090909091
2024-05-01,A_wo_VIX_volatility,EW,XLRE,0.09090909090909091
2024-05-01,A_wo_VIX_volatility,EW,XLU,0.09090909090909091
2024-05-01,A_wo_VIX_volatility,EW,XLV,0.09090909090909091
2024-05-01,A_wo_VIX_volatility,EW,XLY,0.09090909090909091
2024-06-03,A_wo_VIX_volatility,MV,XLB,6.437070998186776e-17
2024-06-03,A_wo_VIX_volatility,MV,XLC,1.3877787807814457e-17
2024-06-03,A_wo_VIX_volatility,MV,XLE,6.013182526222145e-17
2024-06-03,A_wo_VIX_volatility,MV,XLF,1.5231708360298994e-17
2024-06-03,A_wo_VIX_volatility,MV,XLI,4.0612931215851196e-18
2024-06-03,A_wo_VIX_volatility,MV,XLK,0.4330800734956815
2024-06-03,A_wo_VIX_volatility,MV,XLP,4.53834804376696e-17
2024-06-03,A_wo_VIX_volatility,MV,XLRE,0.0
2024-06-03,A_wo_VIX_volatility,MV,XLU,0.0
2024-06-03,A_wo_VIX_volatility,MV,XLV,0.5669199265043183
2024-06-03,A_wo_VIX_volatility,MV,XLY,7.033561081271828e-17
2024-06-03,A_wo_VIX_volatility,EW,XLB,0.09090909090909091
2024-06-03,A_wo_VIX_volatility,EW,XLC,0.09090909090909091
2024-06-03,A_wo_VIX_volatility,EW,XLE,0.09090909090909091
2024-06-03,A_wo_VIX_volatility,EW,XLF,0.09090909090909091
2024-06-03,A_wo_VIX_volatility,EW,XLI,0.09090909090909091
2024-06-03,A_wo_VIX_volatility,EW,XLK,0.09090909090909091
2024-06-03,A_wo_VIX_volatility,EW,XLP,0.09090909090909091
2024-06-03,A_wo_VIX_volatility,EW,XLRE,0.09090909090909091
2024-06-03,A_wo_VIX_volatility,EW,XLU,0.09090909090909091
2024-06-03,A_wo_VIX_volatility,EW,XLV,0.09090909090909091
2024-06-03,A_wo_VIX_volatility,EW,XLY,0.09090909090909091
2024-07-01,A_wo_VIX_volatility,MV,XLB,0.0
2024-07-01,A_wo_VIX_volatility,MV,XLC,1.0
2024-07-01,A_wo_VIX_volatility,MV,XLE,0.0
2024-07-01,A_wo_VIX_volatility,MV,XLF,2.0991506139819643e-18
2024-07-01,A_wo_VIX_volatility,MV,XLI,1.2352252560943855e-17
2024-07-01,A_wo_VIX_volatility,MV,XLK,0.0
2024-07-01,A_wo_VIX_volatility,MV,XLP,2.8517278164257234e-17
2024-07-01,A_wo_VIX_volatility,MV,XLRE,0.0
2024-07-01,A_wo_VIX_volatility,MV,XLU,0.0
2024-07-01,A_wo_VIX_volatility,MV,XLV,1.8687065806569378e-17
2024-07-01,A_wo_VIX_volatility,MV,XLY,4.316438409319517e-17
2024-07-01,A_wo_VIX_volatility,EW,XLB,0.09090909090909091
2024-07-01,A_wo_VIX_volatility,EW,XLC,0.09090909090909091
2024-07-01,A_wo_VIX_volatility,EW,XLE,0.09090909090909091
2024-07-01,A_wo_VIX_volatility,EW,XLF,0.09090909090909091
2024-07-01,A_wo_VIX_volatility,EW,XLI,0.09090909090909091
2024-07-01,A_wo_VIX_volatility,EW,XLK,0.09090909090909091
2024-07-01,A_wo_VIX_volatility,EW,XLP,0.09090909090909091
2024-07-01,A_wo_VIX_volatility,EW,XLRE,0.09090909090909091
2024-07-01,A_wo_VIX_volatility,EW,XLU,0.09090909090909091
2024-07-01,A_wo_VIX_volatility,EW,XLV,0.09090909090909091
2024-07-01,A_wo_VIX_volatility,EW,XLY,0.09090909090909091
2024-08-01,A_wo_VIX_volatility,MV,XLB,1.3083794184292176e-17
2024-08-01,A_wo_VIX_volatility,MV,XLC,0.25735220609948367
2024-08-01,A_wo_VIX_volatility,MV,XLE,3.3816408977537874e-17
2024-08-01,A_wo_VIX_volatility,MV,XLF,0.0
2024-08-01,A_wo_VIX_volatility,MV,XLI,5.956493793581937e-17
2024-08-01,A_wo_VIX_volatility,MV,XLK,0.3976018390048502
2024-08-01,A_wo_VIX_volatility,MV,XLP,0.3450459548956661
2024-08-01,A_wo_VIX_volatility,MV,XLRE,0.0
2024-08-01,A_wo_VIX_volatility,MV,XLU,7.239014775481478e-17
2024-08-01,A_wo_VIX_volatility,MV,XLV,0.0
2024-08-01,A_wo_VIX_volatility,MV,XLY,0.0
2024-08-01,A_wo_VIX_volatility,EW,XLB,0.09090909090909091
2024-08-01,A_wo_VIX_volatility,EW,XLC,0.09090909090909091
2024-08-01,A_wo_VIX_volatility,EW,XLE,0.09090909090909091
2024-08-01,A_wo_VIX_volatility,EW,XLF,0.09090909090909091
2024-08-01,A_wo_VIX_volatility,EW,XLI,0.09090909090909091
2024-08-01,A_wo_VIX_volatility,EW,XLK,0.09090909090909091
2024-08-01,A_wo_VIX_volatility,EW,XLP,0.09090909090909091
2024-08-01,A_wo_VIX_volatility,EW,XLRE,0.09090909090909091
2024-08-01,A_wo_VIX_volatility,EW,XLU,0.09090909090909091
2024-08-01,A_wo_VIX_volatility,EW,XLV,0.09090909090909091
2024-08-01,A_wo_VIX_volatility,EW,XLY,0.09090909090909091
2024-09-03,A_wo_VIX_volatility,MV,XLB,0.0
2024-09-03,A_wo_VIX_volatility,MV,XLC,0.25614731614278846
2024-09-03,A_wo_VIX_volatility,MV,XLE,0.0
2024-09-03,A_wo_VIX_volatility,MV,XLF,0.09716127321256662
2024-09-03,A_wo_VIX_volatility,MV,XLI,0.0
2024-09-03,A_wo_VIX_volatility,MV,XLK,0.646691410644645
2024-09-03,A_wo_VIX_volatility,MV,XLP,5.698243798127193e-17
2024-09-03,A_wo_VIX_volatility,MV,XLRE,6.574841181042898e-18
2024-09-03,A_wo_VIX_volatility,MV,XLU,0.0
2024-09-03,A_wo_VIX_volatility,MV,XLV,0.0
2024-09-03,A_wo_VIX_volatility,MV,XLY,0.0
2024-09-03,A_wo_VIX_volatility,EW,XLB,0.09090909090909091
2024-09-03,A_wo_VIX_volatility,EW,XLC,0.09090909090909091
2024-09-03,A_wo_VIX_volatility,EW,XLE,0.09090909090909091
2024-09-03,A_wo_VIX_volatility,EW,XLF,0.09090909090909091
2024-09-03,A_wo_VIX_volatility,EW,XLI,0.09090909090909091
2024-09-03,A_wo_VIX_volatility,EW,XLK,0.09090909090909091
2024-09-03,A_wo_VIX_volatility,EW,XLP,0.09090909090909091
2024-09-03,A_wo_VIX_volatility,EW,XLRE,0.09090909090909091
2024-09-03,A_wo_VIX_volatility,EW,XLU,0.09090909090909091
2024-09-03,A_wo_VIX_volatility,EW,XLV,0.09090909090909091
2024-09-03,A_wo_VIX_volatility,EW,XLY,0.09090909090909091
2024-10-01,A_wo_VIX_volatility,MV,XLB,1.0622263789810114e-16
2024-10-01,A_wo_VIX_volatility,MV,XLC,0.6785691921521669
2024-10-01,A_wo_VIX_volatility,MV,XLE,0.0
2024-10-01,A_wo_VIX_volatility,MV,XLF,0.3214308078478333
2024-10-01,A_wo_VIX_volatility,MV,XLI,0.0
2024-10-01,A_wo_VIX_volatility,MV,XLK,0.0
2024-10-01,A_wo_VIX_volatility,MV,XLP,0.0
2024-10-01,A_wo_VIX_volatility,MV,XLRE,5.563631408117387e-17
2024-10-01,A_wo_VIX_volatility,MV,XLU,0.0
2024-10-01,A_wo_VIX_volatility,MV,XLV,0.0
2024-10-01,A_wo_VIX_volatility,MV,XLY,0.0
2024-10-01,A_wo_VIX_volatility,EW,XLB,0.09090909090909091
2024-10-01,A_wo_VIX_volatility,EW,XLC,0.09090909090909091
2024-10-01,A_wo_VIX_volatility,EW,XLE,0.09090909090909091
2024-10-01,A_wo_VIX_volatility,EW,XLF,0.09090909090909091
2024-10-01,A_wo_VIX_volatility,EW,XLI,0.09090909090909091
2024-10-01,A_wo_VIX_volatility,EW,XLK,0.09090909090909091
2024-10-01,A_wo_VIX_volatility,EW,XLP,0.09090909090909091
2024-10-01,A_wo_VIX_volatility,EW,XLRE,0.09090909090909091
2024-10-01,A_wo_VIX_volatility,EW,XLU,0.09090909090909091
2024-10-01,A_wo_VIX_volatility,EW,XLV,0.09090909090909091
2024-10-01,A_wo_VIX_volatility,EW,XLY,0.09090909090909091
2024-11-01,A_wo_VIX_volatility,MV,XLB,2.5523786638233022e-17
2024-11-01,A_wo_VIX_volatility,MV,XLC,0.8558645866907209
2024-11-01,A_wo_VIX_volatility,MV,XLE,0.14413541330928
2024-11-01,A_wo_VIX_volatility,MV,XLF,8.402027153266112e-17
2024-11-01,A_wo_VIX_volatility,MV,XLI,4.2485650017945934e-17
2024-11-01,A_wo_VIX_volatility,MV,XLK,0.0
2024-11-01,A_wo_VIX_volatility,MV,XLP,0.0
2024-11-01,A_wo_VIX_volatility,MV,XLRE,0.0
2024-11-01,A_wo_VIX_volatility,MV,XLU,0.0
2024-11-01,A_wo_VIX_volatility,MV,XLV,0.0
2024-11-01,A_wo_VIX_volatility,MV,XLY,0.0
2024-11-01,A_wo_VIX_volatility,EW,XLB,0.09090909090909091
2024-11-01,A_wo_VIX_volatility,EW,XLC,0.09090909090909091
2024-11-01,A_wo_VIX_volatility,EW,XLE,0.09090909090909091
2024-11-01,A_wo_VIX_volatility,EW,XLF,0.09090909090909091
2024-11-01,A_wo_VIX_volatility,EW,XLI,0.09090909090909091
2024-11-01,A_wo_VIX_volatility,EW,XLK,0.09090909090909091
2024-11-01,A_wo_VIX_volatility,EW,XLP,0.09090909090909091
2024-11-01,A_wo_VIX_volatility,EW,XLRE,0.09090909090909091
2024-11-01,A_wo_VIX_volatility,EW,XLU,0.09090909090909091
2024-11-01,A_wo_VIX_volatility,EW,XLV,0.09090909090909091
2024-11-01,A_wo_VIX_volatility,EW,XLY,0.09090909090909091
2024-12-02,A_wo_VIX_volatility,MV,XLB,0.0
2024-12-02,A_wo_VIX_volatility,MV,XLC,1.0
2024-12-02,A_wo_VIX_volatility,MV,XLE,0.0
2024-12-02,A_wo_VIX_volatility,MV,XLF,0.0
2024-12-02,A_wo_VIX_volatility,MV,XLI,3.1340435104206586e-16
2024-12-02,A_wo_VIX_volatility,MV,XLK,1.5741555689376613e-16
2024-12-02,A_wo_VIX_volatility,MV,XLP,3.2023365240349323e-16
2024-12-02,A_wo_VIX_volatility,MV,XLRE,1.981909918250155e-16
2024-12-02,A_wo_VIX_volatility,MV,XLU,0.0
2024-12-02,A_wo_VIX_volatility,MV,XLV,2.448581655105027e-16
2024-12-02,A_wo_VIX_volatility,MV,XLY,0.0
2024-12-02,A_wo_VIX_volatility,EW,XLB,0.09090909090909091
2024-12-02,A_wo_VIX_volatility,EW,XLC,0.09090909090909091
2024-12-02,A_wo_VIX_volatility,EW,XLE,0.09090909090909091
2024-12-02,A_wo_VIX_volatility,EW,XLF,0.09090909090909091
2024-12-02,A_wo_VIX_volatility,EW,XLI,0.09090909090909091
2024-12-02,A_wo_VIX_volatility,EW,XLK,0.09090909090909091
2024-12-02,A_wo_VIX_volatility,EW,XLP,0.09090909090909091
2024-12-02,A_wo_VIX_volatility,EW,XLRE,0.09090909090909091
2024-12-02,A_wo_VIX_volatility,EW,XLU,0.09090909090909091
2024-12-02,A_wo_VIX_volatility,EW,XLV,0.09090909090909091
2024-12-02,A_wo_VIX_volatility,EW,XLY,0.09090909090909091
2025-01-02,A_wo_VIX_volatility,MV,XLB,0.0
2025-01-02,A_wo_VIX_volatility,MV,XLC,1.0
2025-01-02,A_wo_VIX_volatility,MV,XLE,6.938893903907228e-18
2025-01-02,A_wo_VIX_volatility,MV,XLF,1.3505683073340275e-16
2025-01-02,A_wo_VIX_volatility,MV,XLI,0.0
2025-01-02,A_wo_VIX_volatility,MV,XLK,3.210643087046517e-17
2025-01-02,A_wo_VIX_volatility,MV,XLP,5.668188253121078e-16
2025-01-02,A_wo_VIX_volatility,MV,XLRE,0.0
2025-01-02,A_wo_VIX_volatility,MV,XLU,0.0
2025-01-02,A_wo_VIX_volatility,MV,XLV,5.874873720294582e-16
2025-01-02,A_wo_VIX_volatility,MV,XLY,4.1119036845130414e-18
2025-01-02,A_wo_VIX_volatility,EW,XLB,0.09090909090909091
2025-01-02,A_wo_VIX_volatility,EW,XLC,0.09090909090909091
2025-01-02,A_wo_VIX_volatility,EW,XLE,0.09090909090909091
2025-01-02,A_wo_VIX_volatility,EW,XLF,0.09090909090909091
2025-01-02,A_wo_VIX_volatility,EW,XLI,0.09090909090909091
2025-01-02,A_wo_VIX_volatility,EW,XLK,0.09090909090909091
2025-01-02,A_wo_VIX_volatility,EW,XLP,0.09090909090909091
2025-01-02,A_wo_VIX_volatility,EW,XLRE,0.09090909090909091
2025-01-02,A_wo_VIX_volatility,EW,XLU,0.09090909090909091
2025-01-02,A_wo_VIX_volatility,EW,XLV,0.09090909090909091
2025-01-02,A_wo_VIX_volatility,EW,XLY,0.09090909090909091
2025-02-03,A_wo_VIX_volatility,MV,XLB,4.784728824765303e-18
2025-02-03,A_wo_VIX_volatility,MV,XLC,0.25620126435939894
2025-02-03,A_wo_VIX_volatility,MV,XLE,0.05411342745719063
2025-02-03,A_wo_VIX_volatility,MV,XLF,6.06264792897025e-17
2025-02-03,A_wo_VIX_volatility,MV,XLI,0.0
2025-02-03,A_wo_VIX_volatility,MV,XLK,0.24388810714754858
2025-02-03,A_wo_VIX_volatility,MV,XLP,5.551115123125783e-17
2025-02-03,A_wo_VIX_volatility,MV,XLRE,0.0
2025-02-03,A_wo_VIX_volatility,MV,XLU,0.4457972010358619
2025-02-03,A_wo_VIX_volatility,MV,XLV,0.0
2025-02-03,A_wo_VIX_volatility,MV,XLY,0.0
2025-02-03,A_wo_VIX_volatility,EW,XLB,0.09090909090909091
2025-02-03,A_wo_VIX_volatility,EW,XLC,0.09090909090909091
2025-02-03,A_wo_VIX_volatility,EW,XLE,0.09090909090909091
2025-02-03,A_wo_VIX_volatility,EW,XLF,0.09090909090909091
2025-02-03,A_wo_VIX_volatility,EW,XLI,0.09090909090909091
2025-02-03,A_wo_VIX_volatility,EW,XLK,0.09090909090909091
2025-02-03,A_wo_VIX_volatility,EW,XLP,0.09090909090909091
2025-02-03,A_wo_VIX_volatility,EW,XLRE,0.09090909090909091
2025-02-03,A_wo_VIX_volatility,EW,XLU,0.09090909090909091
2025-02-03,A_wo_VIX_volatility,EW,XLV,0.09090909090909091
2025-02-03,A_wo_VIX_volatility,EW,XLY,0.09090909090909091
2025-03-03,A_wo_VIX_volatility,MV,XLB,0.0
2025-03-03,A_wo_VIX_volatility,MV,XLC,0.7605785796527044
2025-03-03,A_wo_VIX_volatility,MV,XLE,8.852908955327835e-17
2025-03-03,A_wo_VIX_volatility,MV,XLF,2.5529918584094163e-16
2025-03-03,A_wo_VIX_volatility,MV,XLI,8.658398843574394e-17
2025-03-03,A_wo_VIX_volatility,MV,XLK,0.23942142034729533
2025-03-03,A_wo_VIX_volatility,MV,XLP,0.0
2025-03-03,A_wo_VIX_volatility,MV,XLRE,0.0
2025-03-03,A_wo_VIX_volatility,MV,XLU,0.0
2025-03-03,A_wo_VIX_volatility,MV,XLV,5.881575026918503e-17
2025-03-03,A_wo_VIX_volatility,MV,XLY,7.442859104717227e-17
2025-03-03,A_wo_VIX_volatility,EW,XLB,0.09090909090909091
2025-03-03,A_wo_VIX_volatility,EW,XLC,0.09090909090909091
2025-03-03,A_wo_VIX_volatility,EW,XLE,0.09090909090909091
2025-03-03,A_wo_VIX_volatility,EW,XLF,0.09090909090909091
2025-03-03,A_wo_VIX_volatility,EW,XLI,0.09090909090909091
2025-03-03,A_wo_VIX_volatility,EW,XLK,0.09090909090909091
2025-03-03,A_wo_VIX_volatility,EW,XLP,0.09090909090909091
2025-03-03,A_wo_VIX_volatility,EW,XLRE,0.09090909090909091
2025-03-03,A_wo_VIX_volatility,EW,XLU,0.09090909090909091
2025-03-03,A_wo_VIX_volatility,EW,XLV,0.09090909090909091
2025-03-03,A_wo_VIX_volatility,EW,XLY,0.09090909090909091
2025-04-01,A_wo_VIX_volatility,MV,XLB,1.067193169980645e-16
2025-04-01,A_wo_VIX_volatility,MV,XLC,1.0
2025-04-01,A_wo_VIX_volatility,MV,XLE,1.0948714768460658e-16
2025-04-01,A_wo_VIX_volatility,MV,XLF,0.0
2025-04-01,A_wo_VIX_volatility,MV,XLI,0.0
2025-04-01,A_wo_VIX_volatility,MV,XLK,0.0
2025-04-01,A_wo_VIX_volatility,MV,XLP,2.9458312408231334e-17
2025-04-01,A_wo_VIX_volatility,MV,XLRE,6.243673814396734e-17
2025-04-01,A_wo_VIX_volatility,MV,XLU,0.0
2025-04-01,A_wo_VIX_volatility,MV,XLV,1.1238448870853372e-16
2025-04-01,A_wo_VIX_volatility,MV,XLY,1.1389268820606694e-16
2025-04-01,A_wo_VIX_volatility,EW,XLB,0.09090909090909091
2025-04-01,A_wo_VIX_volatility,EW,XLC,0.09090909090909091
2025-04-01,A_wo_VIX_volatility,EW,XLE,0.09090909090909091
2025-04-01,A_wo_VIX_volatility,EW,XLF,0.09090909090909091
2025-04-01,A_wo_VIX_volatility,EW,XLI,0.09090909090909091
2025-04-01,A_wo_VIX_volatility,EW,XLK,0.09090909090909091
2025-04-01,A_wo_VIX_volatility,EW,XLP,0.09090909090909091
2025-04-01,A_wo_VIX_volatility,EW,XLRE,0.09090909090909091
2025-04-01,A_wo_VIX_volatility,EW,XLU,0.09090909090909091
2025-04-01,A_wo_VIX_volatility,EW,XLV,0.09090909090909091
2025-04-01,A_wo_VIX_volatility,EW,XLY,0.09090909090909091
2025-05-01,A_wo_VIX_volatility,MV,XLB,5.73698022051223e-17
2025-05-01,A_wo_VIX_volatility,MV,XLC,0.6669615223141915
2025-05-01,A_wo_VIX_volatility,MV,XLE,0.0
2025-05-01,A_wo_VIX_volatility,MV,XLF,0.0
2025-05-01,A_wo_VIX_volatility,MV,XLI,3.1933609270663974e-17
2025-05-01,A_wo_VIX_volatility,MV,XLK,0.0
2025-05-01,A_wo_VIX_volatility,MV,XLP,0.0
2025-05-01,A_wo_VIX_volatility,MV,XLRE,8.405202474264735e-17
2025-05-01,A_wo_VIX_volatility,MV,XLU,0.3330384776858089
2025-05-01,A_wo_VIX_volatility,MV,XLV,6.247895051773323e-18
2025-05-01,A_wo_VIX_volatility,MV,XLY,0.0
2025-05-01,A_wo_VIX_volatility,EW,XLB,0.09090909090909091
2025-05-01,A_wo_VIX_volatility,EW,XLC,0.09090909090909091
2025-05-01,A_wo_VIX_volatility,EW,XLE,0.09090909090909091
2025-05-01,A_wo_VIX_volatility,EW,XLF,0.09090909090909091
2025-05-01,A_wo_VIX_volatility,EW,XLI,0.09090909090909091
2025-05-01,A_wo_VIX_volatility,EW,XLK,0.09090909090909091
2025-05-01,A_wo_VIX_volatility,EW,XLP,0.09090909090909091
2025-05-01,A_wo_VIX_volatility,EW,XLRE,0.09090909090909091
2025-05-01,A_wo_VIX_volatility,EW,XLU,0.09090909090909091
2025-05-01,A_wo_VIX_volatility,EW,XLV,0.09090909090909091
2025-05-01,A_wo_VIX_volatility,EW,XLY,0.09090909090909091
2025-06-02,A_wo_VIX_volatility,MV,XLB,0.0
2025-06-02,A_wo_VIX_volatility,MV,XLC,0.229734075986589
2025-06-02,A_wo_VIX_volatility,MV,XLE,0.13905602192782834
2025-06-02,A_wo_VIX_volatility,MV,XLF,4.0214895155835334e-17
2025-06-02,A_wo_VIX_volatility,MV,XLI,0.0
2025-06-02,A_wo_VIX_volatility,MV,XLK,1.0465165327543708e-16
2025-06-02,A_wo_VIX_volatility,MV,XLP,1.9470660569799545e-16
2025-06-02,A_wo_VIX_volatility,MV,XLRE,4.8507519571958996e-18
2025-06-02,A_wo_VIX_volatility,MV,XLU,0.28302354145394665
2025-06-02,A_wo_VIX_volatility,MV,XLV,0.3481863606316357
2025-06-02,A_wo_VIX_volatility,MV,XLY,0.0
2025-06-02,A_wo_VIX_volatility,EW,XLB,0.09090909090909091
2025-06-02,A_wo_VIX_volatility,EW,XLC,0.09090909090909091
2025-06-02,A_wo_VIX_volatility,EW,XLE,0.09090909090909091
2025-06-02,A_wo_VIX_volatility,EW,XLF,0.09090909090909091
2025-06-02,A_wo_VIX_volatility,EW,XLI,0.09090909090909091
2025-06-02,A_wo_VIX_volatility,EW,XLK,0.09090909090909091
2025-06-02,A_wo_VIX_volatility,EW,XLP,0.09090909090909091
2025-06-02,A_wo_VIX_volatility,EW,XLRE,0.09090909090909091
2025-06-02,A_wo_VIX_volatility,EW,XLU,0.09090909090909091
2025-06-02,A_wo_VIX_volatility,EW,XLV,0.09090909090909091
2025-06-02,A_wo_VIX_volatility,EW,XLY,0.09090909090909091
2025-07-01,A_wo_VIX_volatility,MV,XLB,3.3749763302503564e-17
2025-07-01,A_wo_VIX_volatility,MV,XLC,0.4192083864722663
2025-07-01,A_wo_VIX_volatility,MV,XLE,0.11926377264669043
2025-07-01,A_wo_VIX_volatility,MV,XLF,0.0
2025-07-01,A_wo_VIX_volatility,MV,XLI,2.0665037196931835e-17
2025-07-01,A_wo_VIX_volatility,MV,XLK,0.0
2025-07-01,A_wo_VIX_volatility,MV,XLP,1.3877787807814457e-17
2025-07-01,A_wo_VIX_volatility,MV,XLRE,0.0
2025-07-01,A_wo_VIX_volatility,MV,XLU,1.6438005837523267e-17
2025-07-01,A_wo_VIX_volatility,MV,XLV,0.4615278408810432
2025-07-01,A_wo_VIX_volatility,MV,XLY,1.197877145515294e-17
2025-07-01,A_wo_VIX_volatility,EW,XLB,0.09090909090909091
2025-07-01,A_wo_VIX_volatility,EW,XLC,0.09090909090909091
2025-07-01,A_wo_VIX_volatility,EW,XLE,0.09090909090909091
2025-07-01,A_wo_VIX_volatility,EW,XLF,0.09090909090909091
2025-07-01,A_wo_VIX_volatility,EW,XLI,0.09090909090909091
2025-07-01,A_wo_VIX_volatility,EW,XLK,0.09090909090909091
2025-07-01,A_wo_VIX_volatility,EW,XLP,0.09090909090909091
2025-07-01,A_wo_VIX_volatility,EW,XLRE,0.09090909090909091
2025-07-01,A_wo_VIX_volatility,EW,XLU,0.09090909090909091
2025-07-01,A_wo_VIX_volatility,EW,XLV,0.09090909090909091
2025-07-01,A_wo_VIX_volatility,EW,XLY,0.09090909090909091
2025-08-01,A_wo_VIX_volatility,MV,XLB,0.0
2025-08-01,A_wo_VIX_volatility,MV,XLC,5.012261348660233e-17
2025-08-01,A_wo_VIX_volatility,MV,XLE,3.703543860563499e-18
2025-08-01,A_wo_VIX_volatility,MV,XLF,9.659151622896169e-18
2025-08-01,A_wo_VIX_volatility,MV,XLI,3.880911580689023e-18
2025-08-01,A_wo_VIX_volatility,MV,XLK,0.0
2025-08-01,A_wo_VIX_volatility,MV,XLP,7.227975750797618e-18
2025-08-01,A_wo_VIX_volatility,MV,XLRE,0.0
2025-08-01,A_wo_VIX_volatility,MV,XLU,4.760413929883164e-18
2025-08-01,A_wo_VIX_volatility,MV,XLV,1.0
2025-08-01,A_wo_VIX_volatility,MV,XLY,4.098470112475886e-17
2025-08-01,A_wo_VIX_volatility,EW,XLB,0.09090909090909091
2025-08-01,A_wo_VIX_volatility,EW,XLC,0.09090909090909091
2025-08-01,A_wo_VIX_volatility,EW,XLE,0.09090909090909091
2025-08-01,A_wo_VIX_volatility,EW,XLF,0.09090909090909091
2025-08-01,A_wo_VIX_volatility,EW,XLI,0.09090909090909091
2025-08-01,A_wo_VIX_volatility,EW,XLK,0.09090909090909091
2025-08-01,A_wo_VIX_volatility,EW,XLP,0.09090909090909091
2025-08-01,A_wo_VIX_volatility,EW,XLRE,0.09090909090909091
2025-08-01,A_wo_VIX_volatility,EW,XLU,0.09090909090909091
2025-08-01,A_wo_VIX_volatility,EW,XLV,0.09090909090909091
2025-08-01,A_wo_VIX_volatility,EW,XLY,0.09090909090909091
2025-09-02,A_wo_VIX_volatility,MV,XLB,4.218788984435438e-17
2025-09-02,A_wo_VIX_volatility,MV,XLC,0.45512519395746776
2025-09-02,A_wo_VIX_volatility,MV,XLE,0.0
2025-09-02,A_wo_VIX_volatility,MV,XLF,0.0
2025-09-02,A_wo_VIX_volatility,MV,XLI,0.0
2025-09-02,A_wo_VIX_volatility,MV,XLK,1.46416399865313e-17
2025-09-02,A_wo_VIX_volatility,MV,XLP,0.5448748060425325
2025-09-02,A_wo_VIX_volatility,MV,XLRE,0.0
2025-09-02,A_wo_VIX_volatility,MV,XLU,0.0
2025-09-02,A_wo_VIX_volatility,MV,XLV,0.0
2025-09-02,A_wo_VIX_volatility,MV,XLY,4.0639721106405345e-17
2025-09-02,A_wo_VIX_volatility,EW,XLB,0.09090909090909091
2025-09-02,A_wo_VIX_volatility,EW,XLC,0.09090909090909091
2025-09-02,A_wo_VIX_volatility,EW,XLE,0.09090909090909091
2025-09-02,A_wo_VIX_volatility,EW,XLF,0.09090909090909091
2025-09-02,A_wo_VIX_volatility,EW,XLI,0.09090909090909091
2025-09-02,A_wo_VIX_volatility,EW,XLK,0.09090909090909091
2025-09-02,A_wo_VIX_volatility,EW,XLP,0.09090909090909091
2025-09-02,A_wo_VIX_volatility,EW,XLRE,0.09090909090909091
2025-09-02,A_wo_VIX_volatility,EW,XLU,0.09090909090909091
2025-09-02,A_wo_VIX_volatility,EW,XLV,0.09090909090909091
2025-09-02,A_wo_VIX_volatility,EW,XLY,0.09090909090909091
2025-10-01,A_wo_VIX_volatility,MV,XLB,0.0
2025-10-01,A_wo_VIX_volatility,MV,XLC,0.2286972822648062
2025-10-01,A_wo_VIX_volatility,MV,XLE,0.1202090667880969
2025-10-01,A_wo_VIX_volatility,MV,XLF,0.0
2025-10-01,A_wo_VIX_volatility,MV,XLI,0.0
2025-10-01,A_wo_VIX_volatility,MV,XLK,0.0
2025-10-01,A_wo_VIX_volatility,MV,XLP,2.5709965160568807e-17
2025-10-01,A_wo_VIX_volatility,MV,XLRE,7.308584134812788e-18
2025-10-01,A_wo_VIX_volatility,MV,XLU,0.6510936509470969
2025-10-01,A_wo_VIX_volatility,MV,XLV,2.1837049182935575e-17
2025-10-01,A_wo_VIX_volatility,MV,XLY,0.0
2025-10-01,A_wo_VIX_volatility,EW,XLB,0.09090909090909091
2025-10-01,A_wo_VIX_volatility,EW,XLC,0.09090909090909091
2025-10-01,A_wo_VIX_volatility,EW,XLE,0.09090909090909091
2025-10-01,A_wo_VIX_volatility,EW,XLF,0.09090909090909091
2025-10-01,A_wo_VIX_volatility,EW,XLI,0.09090909090909091
2025-10-01,A_wo_VIX_volatility,EW,XLK,0.09090909090909091
2025-10-01,A_wo_VIX_volatility,EW,XLP,0.09090909090909091
2025-10-01,A_wo_VIX_volatility,EW,XLRE,0.09090909090909091
2025-10-01,A_wo_VIX_volatility,EW,XLU,0.09090909090909091
2025-10-01,A_wo_VIX_volatility,EW,XLV,0.09090909090909091
2025-10-01,A_wo_VIX_volatility,EW,XLY,0.09090909090909091
2025-11-03,A_wo_VIX_volatility,MV,XLB,0.1200961646695587
2025-11-03,A_wo_VIX_volatility,MV,XLC,0.37210200136305366
2025-11-03,A_wo_VIX_volatility,MV,XLE,0.14441251703892774
2025-11-03,A_wo_VIX_volatility,MV,XLF,0.0
2025-11-03,A_wo_VIX_volatility,MV,XLI,0.0
2025-11-03,A_wo_VIX_volatility,MV,XLK,1.0901070689592313e-17
2025-11-03,A_wo_VIX_volatility,MV,XLP,0.2536016270964972
2025-11-03,A_wo_VIX_volatility,MV,XLRE,0.10978768983196324
2025-11-03,A_wo_VIX_volatility,MV,XLU,0.0
2025-11-03,A_wo_VIX_volatility,MV,XLV,0.0
2025-11-03,A_wo_VIX_volatility,MV,XLY,0.0
2025-11-03,A_wo_VIX_volatility,EW,XLB,0.09090909090909091
2025-11-03,A_wo_VIX_volatility,EW,XLC,0.09090909090909091
2025-11-03,A_wo_VIX_volatility,EW,XLE,0.09090909090909091
2025-11-03,A_wo_VIX_volatility,EW,XLF,0.09090909090909091
2025-11-03,A_wo_VIX_volatility,EW,XLI,0.09090909090909091
2025-11-03,A_wo_VIX_volatility,EW,XLK,0.09090909090909091
2025-11-03,A_wo_VIX_volatility,EW,XLP,0.09090909090909091
2025-11-03,A_wo_VIX_volatility,EW,XLRE,0.09090909090909091
2025-11-03,A_wo_VIX_volatility,EW,XLU,0.09090909090909091
2025-11-03,A_wo_VIX_volatility,EW,XLV,0.09090909090909091
2025-11-03,A_wo_VIX_volatility,EW,XLY,0.09090909090909091
2025-12-01,A_wo_VIX_volatility,MV,XLB,2.7425105655886323e-17
2025-12-01,A_wo_VIX_volatility,MV,XLC,0.42402914792439467
2025-12-01,A_wo_VIX_volatility,MV,XLE,0.0
2025-12-01,A_wo_VIX_volatility,MV,XLF,0.0
2025-12-01,A_wo_VIX_volatility,MV,XLI,1.2495693188164854e-16
2025-12-01,A_wo_VIX_volatility,MV,XLK,5.896966701636629e-17
2025-12-01,A_wo_VIX_volatility,MV,XLP,4.7248004234878125e-17
2025-12-01,A_wo_VIX_volatility,MV,XLRE,1.5935130023022595e-16
2025-12-01,A_wo_VIX_volatility,MV,XLU,0.5759708520756044
2025-12-01,A_wo_VIX_volatility,MV,XLV,5.828670879282072e-16
2025-12-01,A_wo_VIX_volatility,MV,XLY,4.167466116146589e-17
2025-12-01,A_wo_VIX_volatility,EW,XLB,0.09090909090909091
2025-12-01,A_wo_VIX_volatility,EW,XLC,0.09090909090909091
2025-12-01,A_wo_VIX_volatility,EW,XLE,0.09090909090909091
2025-12-01,A_wo_VIX_volatility,EW,XLF,0.09090909090909091
2025-12-01,A_wo_VIX_volatility,EW,XLI,0.09090909090909091
2025-12-01,A_wo_VIX_volatility,EW,XLK,0.09090909090909091
2025-12-01,A_wo_VIX_volatility,EW,XLP,0.09090909090909091
2025-12-01,A_wo_VIX_volatility,EW,XLRE,0.09090909090909091
2025-12-01,A_wo_VIX_volatility,EW,XLU,0.09090909090909091
2025-12-01,A_wo_VIX_volatility,EW,XLV,0.09090909090909091
2025-12-01,A_wo_VIX_volatility,EW,XLY,0.09090909090909091
2026-01-02,A_wo_VIX_volatility,MV,XLB,0.0
2026-01-02,A_wo_VIX_volatility,MV,XLC,0.0
2026-01-02,A_wo_VIX_volatility,MV,XLE,0.14882823605743956
2026-01-02,A_wo_VIX_volatility,MV,XLF,0.0
2026-01-02,A_wo_VIX_volatility,MV,XLI,0.0
2026-01-02,A_wo_VIX_volatility,MV,XLK,6.2764656925485474e-18
2026-01-02,A_wo_VIX_volatility,MV,XLP,6.938893903907228e-17
2026-01-02,A_wo_VIX_volatility,MV,XLRE,0.0
2026-01-02,A_wo_VIX_volatility,MV,XLU,0.8511717639425606
2026-01-02,A_wo_VIX_volatility,MV,XLV,6.2764656925485474e-18
2026-01-02,A_wo_VIX_volatility,MV,XLY,2.7093147404270232e-17
2026-01-02,A_wo_VIX_volatility,EW,XLB,0.09090909090909091
2026-01-02,A_wo_VIX_volatility,EW,XLC,0.09090909090909091
2026-01-02,A_wo_VIX_volatility,EW,XLE,0.09090909090909091
2026-01-02,A_wo_VIX_volatility,EW,XLF,0.09090909090909091
2026-01-02,A_wo_VIX_volatility,EW,XLI,0.09090909090909091
2026-01-02,A_wo_VIX_volatility,EW,XLK,0.09090909090909091
2026-01-02,A_wo_VIX_volatility,EW,XLP,0.09090909090909091
2026-01-02,A_wo_VIX_volatility,EW,XLRE,0.09090909090909091
2026-01-02,A_wo_VIX_volatility,EW,XLU,0.09090909090909091
2026-01-02,A_wo_VIX_volatility,EW,XLV,0.09090909090909091
2026-01-02,A_wo_VIX_volatility,EW,XLY,0.09090909090909091
2026-02-02,A_wo_VIX_volatility,MV,XLB,1.4776403735007314e-17
2026-02-02,A_wo_VIX_volatility,MV,XLC,2.3686437192474828e-17
2026-02-02,A_wo_VIX_volatility,MV,XLE,1.418194979439551e-17
2026-02-02,A_wo_VIX_volatility,MV,XLF,0.08543808253445101
2026-02-02,A_wo_VIX_volatility,MV,XLI,0.12561979689382763
2026-02-02,A_wo_VIX_volatility,MV,XLK,2.5143666385983208e-17
2026-02-02,A_wo_VIX_volatility,MV,XLP,2.7316537240780002e-17
2026-02-02,A_wo_VIX_volatility,MV,XLRE,1.1793480631939435e-17
2026-02-02,A_wo_VIX_volatility,MV,XLU,5.1370249246151184e-17
2026-02-02,A_wo_VIX_volatility,MV,XLV,0.7889421205717213
2026-02-02,A_wo_VIX_volatility,MV,XLY,0.0
2026-02-02,A_wo_VIX_volatility,EW,XLB,0.09090909090909091
2026-02-02,A_wo_VIX_volatility,EW,XLC,0.09090909090909091
2026-02-02,A_wo_VIX_volatility,EW,XLE,0.09090909090909091
2026-02-02,A_wo_VIX_volatility,EW,XLF,0.09090909090909091
2026-02-02,A_wo_VIX_volatility,EW,XLI,0.09090909090909091
2026-02-02,A_wo_VIX_volatility,EW,XLK,0.09090909090909091
2026-02-02,A_wo_VIX_volatility,EW,XLP,0.09090909090909091
2026-02-02,A_wo_VIX_volatility,EW,XLRE,0.09090909090909091
2026-02-02,A_wo_VIX_volatility,EW,XLU,0.09090909090909091
2026-02-02,A_wo_VIX_volatility,EW,XLV,0.09090909090909091
2026-02-02,A_wo_VIX_volatility,EW,XLY,0.09090909090909091
2026-03-02,A_wo_VIX_volatility,MV,XLB,8.695234426891535e-19
2026-03-02,A_wo_VIX_volatility,MV,XLC,6.835096541450502e-17
2026-03-02,A_wo_VIX_volatility,MV,XLE,3.488336368111903e-17
2026-03-02,A_wo_VIX_volatility,MV,XLF,1.2556469069390084e-16
2026-03-02,A_wo_VIX_volatility,MV,XLI,0.9999999999999997
2026-03-02,A_wo_VIX_volatility,MV,XLK,1.2243072376688324e-16
2026-03-02,A_wo_VIX_volatility,MV,XLP,0.0
2026-03-02,A_wo_VIX_volatility,MV,XLRE,0.0
2026-03-02,A_wo_VIX_volatility,MV,XLU,0.0
2026-03-02,A_wo_VIX_volatility,MV,XLV,1.6431890384729308e-16
2026-03-02,A_wo_VIX_volatility,MV,XLY,1.8507414455472986e-16
2026-03-02,A_wo_VIX_volatility,EW,XLB,0.09090909090909091
2026-03-02,A_wo_VIX_volatility,EW,XLC,0.09090909090909091
2026-03-02,A_wo_VIX_volatility,EW,XLE,0.09090909090909091
2026-03-02,A_wo_VIX_volatility,EW,XLF,0.09090909090909091
2026-03-02,A_wo_VIX_volatility,EW,XLI,0.09090909090909091
2026-03-02,A_wo_VIX_volatility,EW,XLK,0.09090909090909091
2026-03-02,A_wo_VIX_volatility,EW,XLP,0.09090909090909091
2026-03-02,A_wo_VIX_volatility,EW,XLRE,0.09090909090909091
2026-03-02,A_wo_VIX_volatility,EW,XLU,0.09090909090909091
2026-03-02,A_wo_VIX_volatility,EW,XLV,0.09090909090909091
2026-03-02,A_wo_VIX_volatility,EW,XLY,0.09090909090909091
2026-04-01,A_wo_VIX_volatility,MV,XLB,0.0
2026-04-01,A_wo_VIX_volatility,MV,XLC,0.20659925726527
2026-04-01,A_wo_VIX_volatility,MV,XLE,2.8385720475785417e-16
2026-04-01,A_wo_VIX_volatility,MV,XLF,1.1079920461406392e-16
2026-04-01,A_wo_VIX_volatility,MV,XLI,0.5587291551844307
2026-04-01,A_wo_VIX_volatility,MV,XLK,0.0
2026-04-01,A_wo_VIX_volatility,MV,XLP,0.2346715875502991
2026-04-01,A_wo_VIX_volatility,MV,XLRE,7.076090589420092e-17
2026-04-01,A_wo_VIX_volatility,MV,XLU,0.0
2026-04-01,A_wo_VIX_volatility,MV,XLV,0.0
2026-04-01,A_wo_VIX_volatility,MV,XLY,2.885397849127136e-17
2026-04-01,A_wo_VIX_volatility,EW,XLB,0.09090909090909091
2026-04-01,A_wo_VIX_volatility,EW,XLC,0.09090909090909091
2026-04-01,A_wo_VIX_volatility,EW,XLE,0.09090909090909091
2026-04-01,A_wo_VIX_volatility,EW,XLF,0.09090909090909091
2026-04-01,A_wo_VIX_volatility,EW,XLI,0.09090909090909091
2026-04-01,A_wo_VIX_volatility,EW,XLK,0.09090909090909091
2026-04-01,A_wo_VIX_volatility,EW,XLP,0.09090909090909091
2026-04-01,A_wo_VIX_volatility,EW,XLRE,0.09090909090909091
2026-04-01,A_wo_VIX_volatility,EW,XLU,0.09090909090909091
2026-04-01,A_wo_VIX_volatility,EW,XLV,0.09090909090909091
2026-04-01,A_wo_VIX_volatility,EW,XLY,0.09090909090909091
2026-05-01,A_wo_VIX_volatility,MV,XLB,3.762484450066736e-17
2026-05-01,A_wo_VIX_volatility,MV,XLC,0.0
2026-05-01,A_wo_VIX_volatility,MV,XLE,0.0
2026-05-01,A_wo_VIX_volatility,MV,XLF,0.0
2026-05-01,A_wo_VIX_volatility,MV,XLI,0.0
2026-05-01,A_wo_VIX_volatility,MV,XLK,0.004490400034606516
2026-05-01,A_wo_VIX_volatility,MV,XLP,0.0
2026-05-01,A_wo_VIX_volatility,MV,XLRE,0.10771415099174275
2026-05-01,A_wo_VIX_volatility,MV,XLU,2.4811878391736706e-17
2026-05-01,A_wo_VIX_volatility,MV,XLV,0.8877954489736507
2026-05-01,A_wo_VIX_volatility,MV,XLY,0.0
2026-05-01,A_wo_VIX_volatility,EW,XLB,0.09090909090909091
2026-05-01,A_wo_VIX_volatility,EW,XLC,0.09090909090909091
2026-05-01,A_wo_VIX_volatility,EW,XLE,0.09090909090909091
2026-05-01,A_wo_VIX_volatility,EW,XLF,0.09090909090909091
2026-05-01,A_wo_VIX_volatility,EW,XLI,0.09090909090909091
2026-05-01,A_wo_VIX_volatility,EW,XLK,0.09090909090909091
2026-05-01,A_wo_VIX_volatility,EW,XLP,0.09090909090909091
2026-05-01,A_wo_VIX_volatility,EW,XLRE,0.09090909090909091
2026-05-01,A_wo_VIX_volatility,EW,XLU,0.09090909090909091
2026-05-01,A_wo_VIX_volatility,EW,XLV,0.09090909090909091
2026-05-01,A_wo_VIX_volatility,EW,XLY,0.09090909090909091
2026-06-01,A_wo_VIX_volatility,MV,XLB,5.979925693720851e-17
2026-06-01,A_wo_VIX_volatility,MV,XLC,0.0
2026-06-01,A_wo_VIX_volatility,MV,XLE,0.0
2026-06-01,A_wo_VIX_volatility,MV,XLF,0.0
2026-06-01,A_wo_VIX_volatility,MV,XLI,0.0
2026-06-01,A_wo_VIX_volatility,MV,XLK,1.0
2026-06-01,A_wo_VIX_volatility,MV,XLP,1.2771349941467282e-16
2026-06-01,A_wo_VIX_volatility,MV,XLRE,0.0
2026-06-01,A_wo_VIX_volatility,MV,XLU,1.639473353708297e-17
2026-06-01,A_wo_VIX_volatility,MV,XLV,0.0
2026-06-01,A_wo_VIX_volatility,MV,XLY,0.0
2026-06-01,A_wo_VIX_volatility,EW,XLB,0.09090909090909091
2026-06-01,A_wo_VIX_volatility,EW,XLC,0.09090909090909091
2026-06-01,A_wo_VIX_volatility,EW,XLE,0.09090909090909091
2026-06-01,A_wo_VIX_volatility,EW,XLF,0.09090909090909091
2026-06-01,A_wo_VIX_volatility,EW,XLI,0.09090909090909091
2026-06-01,A_wo_VIX_volatility,EW,XLK,0.09090909090909091
2026-06-01,A_wo_VIX_volatility,EW,XLP,0.09090909090909091
2026-06-01,A_wo_VIX_volatility,EW,XLRE,0.09090909090909091
2026-06-01,A_wo_VIX_volatility,EW,XLU,0.09090909090909091
2026-06-01,A_wo_VIX_volatility,EW,XLV,0.09090909090909091
2026-06-01,A_wo_VIX_volatility,EW,XLY,0.09090909090909091
2026-07-01,A_wo_VIX_volatility,MV,XLB,0.0
2026-07-01,A_wo_VIX_volatility,MV,XLC,0.1855966651922083
2026-07-01,A_wo_VIX_volatility,MV,XLE,9.71445146547012e-17
2026-07-01,A_wo_VIX_volatility,MV,XLF,0.1126656120112353
2026-07-01,A_wo_VIX_volatility,MV,XLI,0.03835010647863532
2026-07-01,A_wo_VIX_volatility,MV,XLK,0.0
2026-07-01,A_wo_VIX_volatility,MV,XLP,0.31768728795675255
2026-07-01,A_wo_VIX_volatility,MV,XLRE,0.3457003283611685
2026-07-01,A_wo_VIX_volatility,MV,XLU,0.0
2026-07-01,A_wo_VIX_volatility,MV,XLV,2.6626468747161686e-17
2026-07-01,A_wo_VIX_volatility,MV,XLY,4.31654581464942e-17
2026-07-01,A_wo_VIX_volatility,EW,XLB,0.09090909090909091
2026-07-01,A_wo_VIX_volatility,EW,XLC,0.09090909090909091
2026-07-01,A_wo_VIX_volatility,EW,XLE,0.09090909090909091
2026-07-01,A_wo_VIX_volatility,EW,XLF,0.09090909090909091
2026-07-01,A_wo_VIX_volatility,EW,XLI,0.09090909090909091
2026-07-01,A_wo_VIX_volatility,EW,XLK,0.09090909090909091
2026-07-01,A_wo_VIX_volatility,EW,XLP,0.09090909090909091
2026-07-01,A_wo_VIX_volatility,EW,XLRE,0.09090909090909091
2026-07-01,A_wo_VIX_volatility,EW,XLU,0.09090909090909091
2026-07-01,A_wo_VIX_volatility,EW,XLV,0.09090909090909091
2026-07-01,A_wo_VIX_volatility,EW,XLY,0.09090909090909091
